-- MySQL dump 10.13  Distrib 8.0.28, for Win64 (x86_64)
--
-- Host: localhost    Database: trs_db
-- ------------------------------------------------------
-- Server version	8.0.28

/*!40101 SET @OLD_CHARACTER_SET_CLIENT=@@CHARACTER_SET_CLIENT */;
/*!40101 SET @OLD_CHARACTER_SET_RESULTS=@@CHARACTER_SET_RESULTS */;
/*!40101 SET @OLD_COLLATION_CONNECTION=@@COLLATION_CONNECTION */;
/*!50503 SET NAMES utf8 */;
/*!40103 SET @OLD_TIME_ZONE=@@TIME_ZONE */;
/*!40103 SET TIME_ZONE='+00:00' */;
/*!40014 SET @OLD_UNIQUE_CHECKS=@@UNIQUE_CHECKS, UNIQUE_CHECKS=0 */;
/*!40014 SET @OLD_FOREIGN_KEY_CHECKS=@@FOREIGN_KEY_CHECKS, FOREIGN_KEY_CHECKS=0 */;
/*!40101 SET @OLD_SQL_MODE=@@SQL_MODE, SQL_MODE='NO_AUTO_VALUE_ON_ZERO' */;
/*!40111 SET @OLD_SQL_NOTES=@@SQL_NOTES, SQL_NOTES=0 */;

--
-- Table structure for table `trs_tbl_admin_settings`
--

DROP TABLE IF EXISTS `trs_tbl_admin_settings`;
/*!40101 SET @saved_cs_client     = @@character_set_client */;
/*!50503 SET character_set_client = utf8mb4 */;
CREATE TABLE `trs_tbl_admin_settings` (
  `settings_id` bigint NOT NULL,
  `name` varchar(255) NOT NULL,
  `description` text NOT NULL,
  `setting_value` varchar(255) DEFAULT NULL,
  `modified_date` datetime NOT NULL DEFAULT CURRENT_TIMESTAMP ON UPDATE CURRENT_TIMESTAMP,
  `modified_by` bigint NOT NULL,
  PRIMARY KEY (`settings_id`)
) ENGINE=InnoDB DEFAULT CHARSET=utf8mb4 COLLATE=utf8mb4_0900_ai_ci;
/*!40101 SET character_set_client = @saved_cs_client */;

--
-- Dumping data for table `trs_tbl_admin_settings`
--

LOCK TABLES `trs_tbl_admin_settings` WRITE;
/*!40000 ALTER TABLE `trs_tbl_admin_settings` DISABLE KEYS */;
INSERT INTO `trs_tbl_admin_settings` VALUES (1,'Grid Length','Default Grid Length','50','2021-09-08 17:51:51',0),(2,'Notification Email','Default Admin Notification Email','admin@permishare.com','2020-04-09 23:03:43',0);
/*!40000 ALTER TABLE `trs_tbl_admin_settings` ENABLE KEYS */;
UNLOCK TABLES;

--
-- Table structure for table `trs_tbl_app_notifications`
--

DROP TABLE IF EXISTS `trs_tbl_app_notifications`;
/*!40101 SET @saved_cs_client     = @@character_set_client */;
/*!50503 SET character_set_client = utf8mb4 */;
CREATE TABLE `trs_tbl_app_notifications` (
  `app_notification_id` bigint NOT NULL AUTO_INCREMENT,
  `app_notification_message` text NOT NULL,
  `carrier_id` bigint NOT NULL,
  `driver_id` bigint DEFAULT NULL,
  `created_date` datetime NOT NULL,
  PRIMARY KEY (`app_notification_id`),
  KEY `app_not_driver_id_constraint` (`driver_id`),
  KEY `app_not_carrier_id_constraint` (`carrier_id`),
  CONSTRAINT `app_not_carrier_id_constraint` FOREIGN KEY (`carrier_id`) REFERENCES `trs_tbl_carriers` (`carrier_id`),
  CONSTRAINT `app_not_driver_id_constraint` FOREIGN KEY (`driver_id`) REFERENCES `trs_tbl_drivers` (`driver_id`)
) ENGINE=InnoDB AUTO_INCREMENT=829 DEFAULT CHARSET=latin1;
/*!40101 SET character_set_client = @saved_cs_client */;

--
-- Dumping data for table `trs_tbl_app_notifications`
--

LOCK TABLES `trs_tbl_app_notifications` WRITE;
/*!40000 ALTER TABLE `trs_tbl_app_notifications` DISABLE KEYS */;
INSERT INTO `trs_tbl_app_notifications` VALUES (1,'New Document available for Download in Corporate',3,NULL,'2020-10-22 17:18:53'),(2,'New Document available for Download in Corporate',3,NULL,'2020-10-22 17:20:00'),(3,'New Document available for Download in Corporate',3,NULL,'2020-10-22 17:20:37'),(4,'New Document available for Download in My Docs',3,5,'2020-10-24 07:26:54'),(5,'New Document available for Download in My Docs',3,5,'2020-10-24 07:37:07'),(6,'New Document available for Download in My Docs',3,5,'2020-10-24 07:44:32'),(7,'New Document available for Download in My Docs',3,5,'2020-10-24 07:59:20'),(8,'New Document available for Download in My Active Asset',3,NULL,'2020-10-24 08:37:23'),(9,'New Document available for Download in Corporate',3,NULL,'2020-10-24 09:28:20'),(11,'New Document available for Download in Corporate',3,NULL,'2020-10-27 20:29:02'),(12,'New Document available for Download in Corporate',3,NULL,'2020-10-28 20:45:04'),(13,'New Document available for Download in Corporate',3,NULL,'2020-10-28 20:49:12'),(14,'New Document available for Download in My Active Asset',3,NULL,'2020-10-28 21:26:40'),(15,'New Document available for Download in My Active Asset',3,NULL,'2020-10-28 21:27:19'),(16,'New Document available for Download in Corporate',3,NULL,'2020-10-28 21:34:54'),(17,'New Document available for Download in Corporate',3,NULL,'2020-10-28 21:42:27'),(18,'New Document available for Download in Corporate',3,NULL,'2020-10-28 22:02:58'),(19,'New Document available for Download in My Docs',3,3,'2020-10-28 22:05:04'),(20,'New Document available for Download in My Docs',3,5,'2020-10-28 22:05:48'),(21,'New Document available for Download in My Docs',3,5,'2020-10-28 22:05:51'),(22,'New Document available for Download in My Active Asset',3,NULL,'2020-10-29 10:30:15'),(23,'New Document available for Download in My Docs',3,8,'2020-10-29 14:49:43'),(24,'New Document available for Download in My Docs',3,8,'2020-10-29 14:50:12'),(25,'New Document available for Download in My Docs',3,8,'2020-10-29 14:50:39'),(26,'New Document available for Download in My Docs',3,8,'2020-10-29 14:51:01'),(27,'New Document available for Download in My Active Asset',3,NULL,'2020-10-30 08:20:08'),(28,'New Document available for Download in My Active Asset',3,NULL,'2020-10-31 07:54:40'),(29,'New Document available for Download in My Active Asset',3,NULL,'2020-10-31 08:02:04'),(30,'New Document available for Download in My Active Asset',3,NULL,'2020-10-31 08:04:47'),(31,'New Document available for Download in My Active Asset',3,NULL,'2020-10-31 08:05:51'),(32,'New Document available for Download in Corporate',3,NULL,'2020-10-31 08:08:18'),(33,'New Document available for Download in My Docs',3,9,'2020-11-01 18:29:28'),(34,'New Document available for Download in My Docs',3,9,'2020-11-01 18:30:00'),(35,'New Document available for Download in My Docs',3,9,'2020-11-01 18:30:28'),(36,'New Document available for Download in My Docs',3,9,'2020-11-01 18:34:22'),(37,'New Document available for Download in My Docs',3,9,'2020-11-01 18:41:07'),(39,'New Document available for Download in My Active Asset',3,NULL,'2020-11-02 07:45:22'),(40,'New Document available for Download in My Active Asset',3,NULL,'2020-11-02 07:46:55'),(41,'New Document available for Download in My Active Asset',3,NULL,'2020-11-02 09:55:40'),(42,'New Document available for Download in My Active Asset',3,NULL,'2020-11-02 09:58:44'),(43,'New Document available for Download in My Active Asset',3,NULL,'2020-11-02 10:01:26'),(44,'New Document available for Download in My Active Asset',3,NULL,'2020-11-02 10:02:18'),(45,'New Document available for Download in My Active Asset',3,NULL,'2020-11-02 10:04:46'),(46,'New Document available for Download in Corporate',3,NULL,'2020-11-02 10:05:56'),(47,'New Document available for Download in My Docs',3,10,'2020-11-02 10:06:23'),(48,'New Document available for Download in My Active Asset',3,NULL,'2020-11-02 10:06:42'),(49,'New Document available for Download in My Active Asset',3,NULL,'2020-11-02 10:07:30'),(50,'New Document available for Download in My Active Asset',3,NULL,'2020-11-02 10:08:00'),(51,'New Document available for Download in My Active Asset',3,NULL,'2020-11-02 10:08:12'),(52,'New Document available for Download in My Active Asset',3,NULL,'2020-11-02 10:08:30'),(53,'New Document available for Download in My Active Asset',3,NULL,'2020-11-02 10:09:56'),(54,'New Document available for Download in My Active Asset',3,NULL,'2020-11-02 10:10:26'),(55,'New Document available for Download in My Active Asset',3,NULL,'2020-11-02 10:10:48'),(56,'New Document available for Download in My Active Asset',3,NULL,'2020-11-02 10:10:48'),(57,'New Document available for Download in My Active Asset',3,NULL,'2020-11-02 10:11:26'),(58,'New Document available for Download in My Active Asset',3,NULL,'2020-11-02 10:13:06'),(59,'New Document available for Download in My Active Asset',3,NULL,'2020-11-02 10:15:25'),(60,'New Document available for Download in My Active Asset',3,NULL,'2020-11-02 11:03:09'),(61,'New Document available for Download in My Active Asset',3,NULL,'2020-11-03 10:33:36'),(62,'New Document available for Download in Corporate',3,NULL,'2020-11-03 16:36:41'),(63,'New Document available for Download in Corporate',3,NULL,'2020-11-03 16:48:27'),(64,'New Document available for Download in My Docs',3,9,'2020-11-03 16:58:57'),(65,'New Document available for Download in Corporate',3,NULL,'2020-11-03 17:00:48'),(66,'New Document available for Download in Corporate',3,NULL,'2020-11-03 17:02:02'),(67,'New Document available for Download in Corporate',3,NULL,'2020-11-03 17:06:25'),(68,'New Document available for Download in Corporate',3,NULL,'2020-11-03 17:17:49'),(69,'New Document available for Download in My Docs',3,9,'2020-11-03 17:22:46'),(70,'New Document available for Download in My Docs',3,9,'2020-11-03 17:23:40'),(71,'New Document available for Download in My Docs',3,5,'2020-11-03 17:24:13'),(72,'New Document available for Download in My Docs',3,5,'2020-11-03 17:24:37'),(73,'New Document available for Download in My Docs',3,5,'2020-11-03 17:25:34'),(74,'New Document available for Download in Corporate',3,NULL,'2020-11-03 17:31:26'),(75,'New Document available for Download in Corporate',3,NULL,'2020-11-03 17:33:14'),(76,'New Document available for Download in Corporate',3,NULL,'2020-11-03 17:44:23'),(77,'New Document available for Download in Corporate',3,NULL,'2020-11-03 17:49:22'),(78,'New Document available for Download in Corporate',3,NULL,'2020-11-03 17:55:37'),(79,'New Document available for Download in Corporate',3,NULL,'2020-11-03 18:07:40'),(80,'New Document available for Download in Corporate',3,NULL,'2020-11-03 18:25:34'),(81,'New Document available for Download in My Active Asset',3,NULL,'2020-11-04 08:24:40'),(82,'New Document available for Download in My Active Asset',3,NULL,'2020-11-04 08:25:24'),(83,'New Document available for Download in Corporate',3,NULL,'2020-11-04 08:29:50'),(84,'New Document available for Download in My Docs',3,5,'2020-11-04 17:26:47'),(85,'New Document available for Download in My Docs',3,9,'2020-11-04 17:27:15'),(86,'New Document available for Download in Corporate',3,NULL,'2020-11-04 17:31:39'),(87,'New Document available for Download in Corporate',3,NULL,'2020-11-04 17:37:07'),(88,'New Document available for Download in My Docs',3,9,'2020-11-04 17:40:26'),(89,'New Document available for Download in My Docs',3,5,'2020-11-04 17:41:05'),(90,'New Document available for Download in My Docs',3,5,'2020-11-04 17:42:40'),(91,'New Document available for Download in My Docs',3,9,'2020-11-04 17:43:08'),(92,'New Document available for Download in My Active Asset',3,NULL,'2020-11-04 17:53:13'),(93,'New Document available for Download in My Active Asset',3,NULL,'2020-11-04 17:54:10'),(94,'New Document available for Download in Corporate',3,NULL,'2020-11-04 17:59:24'),(95,'New Document available for Download in My Active Asset',3,NULL,'2020-11-04 21:50:08'),(96,'New Document available for Download in My Active Asset',3,NULL,'2020-11-04 21:54:27'),(97,'New Document available for Download in My Active Asset',3,NULL,'2020-11-04 21:55:21'),(98,'New Document available for Download in My Active Asset',3,NULL,'2020-11-05 11:02:02'),(99,'New Document available for Download in My Active Asset',3,NULL,'2020-11-05 11:02:50'),(100,'New Document available for Download in My Active Asset',3,NULL,'2020-11-05 11:05:22'),(101,'New Document available for Download in My Active Asset',3,NULL,'2020-11-05 11:07:26'),(102,'New Document available for Download in Corporate',3,NULL,'2020-11-05 11:47:32'),(103,'New Document available for Download in Corporate',3,NULL,'2020-11-05 11:47:42'),(104,'New Document available for Download in My Active Asset',3,NULL,'2020-11-05 12:18:55'),(105,'New Document available for Download in My Active Asset',3,NULL,'2020-11-05 12:19:07'),(106,'New Document available for Download in My Active Asset',3,NULL,'2020-11-05 12:19:16'),(107,'New Document available for Download in My Active Asset',3,NULL,'2020-11-05 12:19:28'),(108,'New Document available for Download in My Active Asset',3,NULL,'2020-11-05 12:19:39'),(109,'New Document available for Download in My Active Asset',3,NULL,'2020-11-05 12:19:48'),(110,'New Document available for Download in My Active Asset',3,NULL,'2020-11-05 12:19:58'),(111,'New Document available for Download in My Active Asset',3,NULL,'2020-11-05 12:20:08'),(112,'New Document available for Download in My Active Asset',3,NULL,'2020-11-05 12:20:17'),(113,'New Document available for Download in My Active Asset',3,NULL,'2020-11-05 12:20:29'),(114,'New Document available for Download in My Active Asset',3,NULL,'2020-11-05 12:20:38'),(115,'New Document available for Download in My Active Asset',3,NULL,'2020-11-05 12:20:47'),(116,'New Document available for Download in My Active Asset',3,NULL,'2020-11-05 12:21:00'),(117,'New Document available for Download in My Active Asset',3,NULL,'2020-11-05 12:21:13'),(118,'New Document available for Download in My Active Asset',3,NULL,'2020-11-05 12:21:22'),(119,'New Document available for Download in My Active Asset',3,NULL,'2020-11-05 12:21:30'),(120,'New Document available for Download in My Active Asset',3,NULL,'2020-11-05 12:21:47'),(121,'New Document available for Download in My Active Asset',3,NULL,'2020-11-05 12:21:57'),(122,'New Document available for Download in My Active Asset',3,NULL,'2020-11-05 12:22:07'),(123,'New Document available for Download in My Active Asset',3,NULL,'2020-11-05 12:22:16'),(124,'New Document available for Download in My Active Asset',3,NULL,'2020-11-05 12:22:26'),(125,'New Document available for Download in My Active Asset',3,NULL,'2020-11-05 12:22:36'),(126,'New Document available for Download in Corporate',3,NULL,'2020-11-08 10:06:47'),(127,'New Document available for Download in Corporate',3,NULL,'2020-11-08 10:07:48'),(128,'New Document available for Download in My Active Asset',3,NULL,'2020-11-08 10:13:18'),(129,'New Document available for Download in My Active Asset',3,NULL,'2020-11-08 10:16:15'),(130,'New Document available for Download in My Active Asset',3,NULL,'2020-11-09 08:39:32'),(131,'New Document available for Download in Corporate',3,NULL,'2020-11-11 08:32:35'),(132,'New Document available for Download in Corporate',5,NULL,'2020-11-25 11:22:21'),(133,'New Document available for Download in Corporate',5,NULL,'2020-11-25 11:23:08'),(134,'New Document available for Download in Corporate',5,NULL,'2020-11-25 11:23:48'),(135,'New Document available for Download in Corporate',5,NULL,'2020-11-25 11:24:36'),(136,'New Document available for Download in My Docs',3,18,'2020-11-28 08:26:28'),(137,'New Document available for Download in Corporate',3,NULL,'2020-11-28 10:48:33'),(138,'New Document available for Download in Corporate',3,NULL,'2020-11-28 10:58:37'),(139,'New Document available for Download in Corporate',3,NULL,'2020-11-28 10:58:46'),(140,'New Document available for Download in Corporate',3,NULL,'2020-11-28 11:00:40'),(141,'New Document available for Download in Corporate',6,NULL,'2020-11-28 12:28:13'),(142,'New Document available for Download in Corporate',6,NULL,'2020-11-28 12:33:13'),(143,'New Document available for Download in Corporate',6,NULL,'2020-11-28 12:39:09'),(144,'New Document available for Download in Corporate',6,NULL,'2020-11-28 15:41:00'),(145,'New Document available for Download in Corporate',6,NULL,'2020-11-28 15:42:11'),(146,'New Document available for Download in Corporate',6,NULL,'2020-11-28 15:44:48'),(147,'New Document available for Download in Corporate',6,NULL,'2020-11-28 15:45:25'),(148,'New Document available for Download in Corporate',6,NULL,'2020-11-28 15:48:00'),(149,'New Document available for Download in Corporate',6,NULL,'2020-11-28 15:49:27'),(150,'New Document available for Download in Corporate',6,NULL,'2020-11-28 15:49:29'),(151,'New Document available for Download in My Active Asset',6,NULL,'2020-11-28 16:15:50'),(152,'New Document available for Download in Corporate',6,NULL,'2020-11-28 16:17:56'),(153,'New Document available for Download in Corporate',3,NULL,'2020-11-28 16:19:26'),(154,'New Document available for Download in Corporate',3,NULL,'2020-11-28 16:19:56'),(155,'New Document available for Download in Corporate',3,NULL,'2020-11-28 17:15:43'),(156,'New Document available for Download in Corporate',6,NULL,'2020-11-28 17:17:18'),(157,'New Document available for Download in Corporate',6,NULL,'2020-11-28 17:17:52'),(158,'New Document available for Download in Corporate',6,NULL,'2020-11-28 17:17:53'),(159,'New Document available for Download in Corporate',6,NULL,'2020-11-29 11:11:14'),(160,'New Document available for Download in Corporate',6,NULL,'2020-11-29 11:11:24'),(161,'New Document available for Download in Corporate',6,NULL,'2020-11-29 11:14:40'),(162,'New Document available for Download in Corporate',6,NULL,'2020-11-29 11:14:41'),(163,'New Document available for Download in Corporate',6,NULL,'2020-11-29 11:18:26'),(164,'New Document available for Download in Corporate',6,NULL,'2020-11-29 11:19:26'),(165,'New Document available for Download in Corporate',6,NULL,'2020-11-29 11:20:21'),(166,'New Document available for Download in Corporate',6,NULL,'2020-11-29 11:21:20'),(167,'New Document available for Download in Corporate',6,NULL,'2020-11-29 11:39:55'),(168,'New Document available for Download in Corporate',6,NULL,'2020-11-29 11:41:50'),(169,'New Document available for Download in Corporate',6,NULL,'2020-11-29 11:51:35'),(170,'New Document available for Download in Corporate',6,NULL,'2020-11-29 11:54:02'),(171,'New Document available for Download in Corporate',6,NULL,'2020-11-30 15:31:42'),(172,'New Document available for Download in Corporate',6,NULL,'2020-11-30 15:34:52'),(173,'New Document available for Download in My Active Asset',6,NULL,'2020-12-01 11:56:00'),(174,'New Document available for Download in My Active Asset',6,NULL,'2020-12-01 11:56:31'),(175,'New Document available for Download in My Active Asset',6,NULL,'2020-12-01 11:56:57'),(176,'New Document available for Download in My Active Asset',6,NULL,'2020-12-01 11:57:17'),(177,'New Document available for Download in Corporate',10,NULL,'2020-12-03 16:43:51'),(178,'New Document available for Download in Corporate',10,NULL,'2020-12-03 16:46:07'),(179,'New Document available for Download in Corporate',10,NULL,'2020-12-03 17:52:51'),(180,'New Document available for Download in Corporate',10,NULL,'2020-12-03 18:02:54'),(181,'New Document available for Download in Corporate',10,NULL,'2020-12-03 18:03:53'),(182,'New Document available for Download in Corporate',10,NULL,'2020-12-03 18:04:57'),(183,'New Document available for Download in My Active Asset',10,NULL,'2020-12-04 11:41:38'),(184,'New Document available for Download in My Active Asset',10,NULL,'2020-12-04 11:43:14'),(185,'New Document available for Download in My Active Asset',10,NULL,'2020-12-04 11:44:05'),(186,'New Document available for Download in My Active Asset',10,NULL,'2020-12-04 11:45:06'),(187,'New Document available for Download in Corporate',8,NULL,'2020-12-04 14:44:42'),(188,'New Document available for Download in Corporate',8,NULL,'2020-12-04 14:50:39'),(189,'New Document available for Download in Corporate',8,NULL,'2020-12-04 14:51:46'),(190,'New Document available for Download in Corporate',8,NULL,'2020-12-04 14:52:34'),(191,'New Document available for Download in My Active Asset',10,NULL,'2020-12-04 15:22:05'),(192,'New Document available for Download in My Active Asset',10,NULL,'2020-12-04 15:22:40'),(193,'New Document available for Download in My Active Asset',10,NULL,'2020-12-04 15:22:59'),(194,'New Document available for Download in My Active Asset',10,NULL,'2020-12-04 15:26:12'),(195,'New Document available for Download in Corporate',8,NULL,'2020-12-04 15:34:17'),(196,'New Document available for Download in My Active Asset',10,NULL,'2020-12-04 15:40:11'),(197,'New Document available for Download in My Active Asset',8,NULL,'2020-12-04 15:42:05'),(198,'New Document available for Download in My Active Asset',8,NULL,'2020-12-04 15:43:44'),(199,'New Document available for Download in My Active Asset',8,NULL,'2020-12-04 15:45:20'),(200,'New Document available for Download in My Active Asset',8,NULL,'2020-12-04 15:46:14'),(201,'New Document available for Download in My Active Asset',8,NULL,'2020-12-04 15:47:04'),(202,'New Document available for Download in My Active Asset',8,NULL,'2020-12-05 09:42:52'),(203,'New Document available for Download in My Active Asset',3,NULL,'2020-12-05 09:46:29'),(204,'New Document available for Download in My Active Asset',3,NULL,'2020-12-05 09:50:19'),(205,'New Document available for Download in Corporate',3,NULL,'2020-12-05 09:54:52'),(206,'New Document available for Download in My Active Asset',3,NULL,'2020-12-05 09:56:34'),(207,'New Document available for Download in My Docs',3,5,'2020-12-05 09:57:29'),(208,'New Document available for Download in My Active Asset',3,NULL,'2020-12-05 09:58:53'),(209,'New Document available for Download in My Active Asset',3,NULL,'2020-12-05 10:01:11'),(210,'New Document available for Download in My Active Asset',3,NULL,'2020-12-05 10:10:39'),(211,'New Document available for Download in My Active Asset',3,NULL,'2020-12-05 10:11:40'),(212,'New Document available for Download in My Docs',3,3,'2020-12-10 15:06:44'),(213,'New Document available for Download in Corporate',3,NULL,'2020-12-16 11:22:09'),(214,'New Document available for Download in Corporate',11,NULL,'2020-12-18 10:43:55'),(215,'New Document available for Download in Corporate',11,NULL,'2020-12-18 10:52:14'),(216,'New Document available for Download in Corporate',11,NULL,'2020-12-18 12:39:04'),(217,'New Document available for Download in Corporate',11,NULL,'2020-12-18 12:50:38'),(218,'New Document available for Download in My Active Asset',11,NULL,'2020-12-18 15:02:30'),(219,'New Document available for Download in My Active Asset',11,NULL,'2020-12-18 15:03:08'),(220,'New Document available for Download in My Active Asset',11,NULL,'2020-12-18 15:03:57'),(221,'New Document available for Download in My Active Asset',11,NULL,'2020-12-18 15:04:29'),(222,'New Document available for Download in My Active Asset',11,NULL,'2020-12-18 15:04:49'),(223,'New Document available for Download in My Active Asset',11,NULL,'2020-12-18 15:05:53'),(224,'New Document available for Download in My Active Asset',11,NULL,'2020-12-18 15:06:45'),(225,'New Document available for Download in My Active Asset',11,NULL,'2020-12-18 15:07:01'),(226,'New Document available for Download in My Active Asset',11,NULL,'2020-12-18 15:07:24'),(227,'New Document available for Download in My Active Asset',11,NULL,'2020-12-18 15:08:33'),(228,'New Document available for Download in My Active Asset',11,NULL,'2020-12-18 15:08:51'),(229,'New Document available for Download in My Active Asset',11,NULL,'2020-12-18 15:09:14'),(230,'New Document available for Download in My Active Asset',11,NULL,'2020-12-18 15:09:35'),(231,'New Document available for Download in My Active Asset',11,NULL,'2020-12-18 15:09:48'),(232,'New Document available for Download in My Active Asset',11,NULL,'2020-12-18 16:27:32'),(233,'New Document available for Download in My Active Asset',11,NULL,'2020-12-18 16:28:35'),(234,'New Document available for Download in My Active Asset',11,NULL,'2020-12-18 16:29:35'),(235,'New Document available for Download in My Active Asset',11,NULL,'2020-12-18 16:30:44'),(236,'New Document available for Download in My Active Asset',11,NULL,'2020-12-18 16:31:22'),(237,'New Document available for Download in My Active Asset',11,NULL,'2020-12-18 16:31:56'),(238,'New Document available for Download in My Active Asset',11,NULL,'2020-12-18 16:32:53'),(239,'New Document available for Download in My Active Asset',11,NULL,'2020-12-18 16:33:40'),(240,'New Document available for Download in My Active Asset',11,NULL,'2020-12-18 16:36:15'),(241,'New Document available for Download in My Active Asset',11,NULL,'2020-12-18 16:38:08'),(242,'New Document available for Download in My Active Asset',11,NULL,'2020-12-18 16:50:21'),(243,'New Document available for Download in My Active Asset',11,NULL,'2020-12-18 16:56:59'),(244,'New Document available for Download in My Active Asset',11,NULL,'2020-12-18 16:58:09'),(245,'New Document available for Download in My Active Asset',11,NULL,'2020-12-18 17:00:46'),(246,'New Document available for Download in My Active Asset',11,NULL,'2020-12-18 17:02:38'),(247,'New Document available for Download in Corporate',3,NULL,'2020-12-20 11:43:25'),(248,'New Document available for Download in My Active Asset',6,NULL,'2020-12-21 14:31:31'),(249,'New Document available for Download in My Active Asset',6,NULL,'2020-12-21 14:31:56'),(250,'New Document available for Download in My Active Asset',6,NULL,'2020-12-21 14:32:21'),(251,'New Document available for Download in My Docs',3,3,'2020-12-21 17:16:54'),(252,'New Document available for Download in Corporate',3,NULL,'2020-12-21 17:17:27'),(253,'New Document available for Download in My Active Asset',3,NULL,'2020-12-21 17:17:53'),(254,'New Document available for Download in Corporate',6,NULL,'2020-12-22 10:37:22'),(255,'New Document available for Download in Corporate',10,NULL,'2020-12-22 10:41:26'),(259,'New Document available for Download in Corporate',3,NULL,'2021-03-31 14:42:55'),(260,'New Document available for Download in My Docs',3,5,'2021-03-31 14:46:30'),(261,'New Document available for Download in Corporate',15,NULL,'2021-07-09 14:29:50'),(262,'New Document available for Download in Corporate',8,NULL,'2021-07-22 15:45:33'),(263,'New Document available for Download in Corporate',8,NULL,'2021-07-22 15:48:37'),(264,'New Document available for Download in My Active Asset',8,NULL,'2021-07-22 15:51:38'),(265,'New Document available for Download in My Active Asset',8,NULL,'2021-07-22 15:52:39'),(266,'New Document available for Download in My Active Asset',8,NULL,'2021-07-22 15:53:56'),(267,'New Document available for Download in My Active Asset',8,NULL,'2021-07-22 15:54:46'),(268,'New Document available for Download in My Active Asset',8,NULL,'2021-07-22 15:55:21'),(269,'New Document available for Download in My Active Asset',8,NULL,'2021-07-22 15:55:59'),(270,'New Document available for Download in My Active Asset',8,NULL,'2021-07-22 15:58:31'),(271,'New Document available for Download in My Active Asset',8,NULL,'2021-07-22 16:01:43'),(272,'New Document available for Download in My Active Asset',8,NULL,'2021-07-22 16:02:40'),(273,'New Document available for Download in My Active Asset',8,NULL,'2021-07-22 16:06:19'),(274,'New Document available for Download in Corporate',11,NULL,'2021-07-29 15:10:59'),(275,'New Document available for Download in Corporate',11,NULL,'2021-07-29 15:13:26'),(276,'New Document available for Download in My Docs',3,34,'2021-08-20 08:48:42'),(277,'New Document available for Download in My Active Asset',22,NULL,'2021-08-23 14:09:00'),(278,'New Document available for Download in My Active Asset',22,NULL,'2021-08-23 14:10:27'),(279,'New Document available for Download in Corporate',22,NULL,'2021-08-23 14:23:10'),(280,'New Document available for Download in Corporate',22,NULL,'2021-08-23 14:24:13'),(281,'New Document available for Download in My Active Asset',22,NULL,'2021-08-23 14:25:38'),(282,'New Document available for Download in My Active Asset',22,NULL,'2021-08-23 14:46:58'),(283,'New Document available for Download in My Active Asset',22,NULL,'2021-08-23 14:50:41'),(284,'New Document available for Download in Corporate',22,NULL,'2021-08-23 14:58:48'),(285,'New Document available for Download in My Active Asset',20,NULL,'2021-08-23 15:16:19'),(286,'New Document available for Download in My Active Asset',20,NULL,'2021-08-23 15:16:58'),(287,'New Document available for Download in My Active Asset',20,NULL,'2021-08-23 15:17:33'),(288,'New Document available for Download in Corporate',20,NULL,'2021-08-23 15:22:35'),(289,'New Document available for Download in My Active Asset',20,NULL,'2021-08-23 15:35:33'),(290,'New Document available for Download in My Active Asset',20,NULL,'2021-08-23 15:36:16'),(291,'New Document available for Download in My Active Asset',20,NULL,'2021-08-23 15:36:53'),(292,'New Document available for Download in My Active Asset',20,NULL,'2021-08-23 15:37:21'),(293,'New Document available for Download in My Active Asset',20,NULL,'2021-08-23 15:38:36'),(294,'New Document available for Download in My Active Asset',20,NULL,'2021-08-23 15:39:19'),(295,'New Document available for Download in My Active Asset',20,NULL,'2021-08-23 15:40:12'),(296,'New Document available for Download in My Active Asset',24,NULL,'2021-08-24 10:05:50'),(297,'New Document available for Download in My Active Asset',24,NULL,'2021-08-24 10:07:10'),(298,'New Document available for Download in My Active Asset',24,NULL,'2021-08-24 10:07:46'),(299,'New Document available for Download in My Active Asset',24,NULL,'2021-08-24 10:09:11'),(300,'New Document available for Download in My Active Asset',24,NULL,'2021-08-24 10:10:43'),(301,'New Document available for Download in My Active Asset',24,NULL,'2021-08-24 10:11:35'),(302,'New Document available for Download in My Active Asset',24,NULL,'2021-08-24 10:14:01'),(303,'New Document available for Download in My Active Asset',24,NULL,'2021-08-24 10:14:54'),(304,'New Document available for Download in My Active Asset',24,NULL,'2021-08-24 10:17:43'),(305,'New Document available for Download in My Active Asset',24,NULL,'2021-08-24 10:18:32'),(306,'New Document available for Download in My Active Asset',24,NULL,'2021-08-24 10:21:04'),(307,'New Document available for Download in Corporate',24,NULL,'2021-08-24 10:45:22'),(308,'New Document available for Download in Corporate',24,NULL,'2021-08-24 10:46:36'),(309,'New Document available for Download in Corporate',24,NULL,'2021-08-24 11:03:18'),(310,'New Document available for Download in Corporate',24,NULL,'2021-08-24 11:05:28'),(311,'New Document available for Download in Corporate',24,NULL,'2021-08-24 11:07:37'),(312,'New Document available for Download in My Active Asset',24,NULL,'2021-08-24 11:11:32'),(313,'New Document available for Download in My Active Asset',24,NULL,'2021-08-24 11:12:49'),(314,'New Document available for Download in My Active Asset',24,NULL,'2021-08-24 11:13:50'),(315,'New Document available for Download in My Active Asset',24,NULL,'2021-08-24 11:14:22'),(316,'New Document available for Download in My Active Asset',24,NULL,'2021-08-24 11:16:35'),(317,'New Document available for Download in My Active Asset',24,NULL,'2021-08-24 11:18:45'),(318,'New Document available for Download in My Active Asset',24,NULL,'2021-08-24 11:32:20'),(319,'New Document available for Download in My Active Asset',24,NULL,'2021-08-24 11:33:00'),(320,'New Document available for Download in My Active Asset',24,NULL,'2021-08-24 11:39:03'),(321,'New Document available for Download in My Active Asset',24,NULL,'2021-08-24 11:40:43'),(322,'New Document available for Download in My Active Asset',24,NULL,'2021-08-24 11:41:43'),(323,'New Document available for Download in Corporate',24,NULL,'2021-08-24 11:50:53'),(324,'New Document available for Download in My Active Asset',24,NULL,'2021-08-24 11:54:29'),(325,'New Document available for Download in My Active Asset',24,NULL,'2021-08-24 11:56:46'),(326,'New Document available for Download in Corporate',10,NULL,'2021-08-24 14:40:07'),(327,'New Document available for Download in My Active Asset',10,NULL,'2021-08-24 14:43:28'),(328,'New Document available for Download in My Active Asset',10,NULL,'2021-08-24 14:44:16'),(329,'New Document available for Download in My Active Asset',10,NULL,'2021-08-24 14:48:02'),(330,'New Document available for Download in My Active Asset',10,NULL,'2021-08-24 14:48:36'),(331,'New Document available for Download in My Active Asset',10,NULL,'2021-08-24 14:59:04'),(332,'New Document available for Download in My Active Asset',10,NULL,'2021-08-24 14:59:34'),(333,'New Document available for Download in My Active Asset',10,NULL,'2021-08-24 15:08:16'),(334,'New Document available for Download in My Active Asset',10,NULL,'2021-08-24 15:08:40'),(335,'New Document available for Download in My Active Asset',10,NULL,'2021-08-24 15:09:06'),(336,'New Document available for Download in Corporate',25,NULL,'2021-08-24 15:28:27'),(337,'New Document available for Download in Corporate',25,NULL,'2021-08-24 15:31:13'),(338,'New Document available for Download in Corporate',25,NULL,'2021-08-24 15:32:19'),(339,'New Document available for Download in Corporate',25,NULL,'2021-08-24 15:43:19'),(340,'New Document available for Download in Corporate',25,NULL,'2021-08-24 15:45:48'),(341,'New Document available for Download in My Active Asset',25,NULL,'2021-08-24 15:47:01'),(342,'New Document available for Download in My Active Asset',25,NULL,'2021-08-24 15:48:09'),(343,'New Document available for Download in My Active Asset',25,NULL,'2021-08-24 15:48:33'),(344,'New Document available for Download in My Active Asset',25,NULL,'2021-08-24 17:11:52'),(345,'New Document available for Download in My Active Asset',25,NULL,'2021-08-24 17:12:21'),(346,'New Document available for Download in My Active Asset',25,NULL,'2021-08-24 17:12:49'),(347,'New Document available for Download in My Active Asset',25,NULL,'2021-08-24 17:13:12'),(348,'New Document available for Download in My Active Asset',25,NULL,'2021-08-24 17:13:37'),(349,'New Document available for Download in My Active Asset',25,NULL,'2021-08-24 17:14:01'),(350,'New Document available for Download in My Active Asset',25,NULL,'2021-08-24 17:14:22'),(351,'New Document available for Download in My Active Asset',25,NULL,'2021-08-24 17:14:43'),(352,'New Document available for Download in My Active Asset',25,NULL,'2021-08-24 17:15:12'),(353,'New Document available for Download in My Active Asset',25,NULL,'2021-08-24 17:15:35'),(354,'New Document available for Download in My Active Asset',25,NULL,'2021-08-24 17:15:54'),(355,'New Document available for Download in My Active Asset',25,NULL,'2021-08-24 17:16:12'),(356,'New Document available for Download in My Active Asset',25,NULL,'2021-08-24 17:16:32'),(357,'New Document available for Download in My Active Asset',25,NULL,'2021-08-24 17:16:54'),(358,'New Document available for Download in My Active Asset',25,NULL,'2021-08-24 17:17:14'),(359,'New Document available for Download in My Active Asset',25,NULL,'2021-08-24 17:17:35'),(360,'New Document available for Download in My Active Asset',25,NULL,'2021-08-24 17:17:59'),(361,'New Document available for Download in My Active Asset',25,NULL,'2021-08-24 17:18:49'),(362,'New Document available for Download in My Active Asset',25,NULL,'2021-08-24 17:19:10'),(363,'New Document available for Download in My Active Asset',25,NULL,'2021-08-24 17:19:33'),(364,'New Document available for Download in My Active Asset',25,NULL,'2021-08-24 17:20:03'),(365,'New Document available for Download in My Active Asset',25,NULL,'2021-08-24 17:20:20'),(366,'New Document available for Download in My Active Asset',25,NULL,'2021-08-24 17:20:47'),(367,'New Document available for Download in My Active Asset',25,NULL,'2021-08-24 17:21:17'),(368,'New Document available for Download in My Active Asset',25,NULL,'2021-08-24 17:21:40'),(369,'New Document available for Download in My Active Asset',25,NULL,'2021-08-24 17:22:06'),(370,'New Document available for Download in My Active Asset',25,NULL,'2021-08-24 17:22:34'),(371,'New Document available for Download in My Active Asset',25,NULL,'2021-08-24 17:24:32'),(372,'New Document available for Download in My Active Asset',25,NULL,'2021-08-27 13:54:48'),(373,'New Document available for Download in My Active Asset',25,NULL,'2021-08-27 13:55:40'),(374,'New Document available for Download in My Active Asset',25,NULL,'2021-08-27 13:59:44'),(375,'New Document available for Download in My Active Asset',25,NULL,'2021-08-27 14:00:25'),(376,'New Document available for Download in My Active Asset',25,NULL,'2021-08-27 14:14:25'),(377,'New Document available for Download in My Active Asset',25,NULL,'2021-08-27 14:15:17'),(378,'New Document available for Download in My Active Asset',25,NULL,'2021-08-27 14:26:01'),(379,'New Document available for Download in My Active Asset',25,NULL,'2021-08-27 14:29:44'),(380,'New Document available for Download in My Active Asset',25,NULL,'2021-08-27 14:30:35'),(381,'New Document available for Download in My Active Asset',25,NULL,'2021-08-27 14:33:02'),(382,'New Document available for Download in My Active Asset',25,NULL,'2021-08-27 14:33:40'),(383,'New Document available for Download in My Active Asset',25,NULL,'2021-08-27 14:35:04'),(384,'New Document available for Download in My Active Asset',25,NULL,'2021-08-27 14:35:53'),(385,'New Document available for Download in My Active Asset',25,NULL,'2021-08-27 14:36:33'),(386,'New Document available for Download in My Active Asset',25,NULL,'2021-08-27 14:39:20'),(387,'New Document available for Download in My Active Asset',25,NULL,'2021-08-27 14:40:29'),(388,'New Document available for Download in My Active Asset',25,NULL,'2021-08-27 14:44:48'),(389,'New Document available for Download in My Active Asset',25,NULL,'2021-08-27 14:45:50'),(390,'New Document available for Download in My Active Asset',25,NULL,'2021-08-27 14:46:30'),(391,'New Document available for Download in My Active Asset',25,NULL,'2021-08-27 14:47:09'),(392,'New Document available for Download in My Active Asset',25,NULL,'2021-08-27 14:47:43'),(393,'New Document available for Download in My Active Asset',25,NULL,'2021-08-27 14:48:16'),(394,'New Document available for Download in My Active Asset',25,NULL,'2021-08-27 14:49:00'),(395,'New Document available for Download in My Active Asset',25,NULL,'2021-08-27 14:49:40'),(396,'New Document available for Download in My Active Asset',25,NULL,'2021-08-27 14:51:47'),(397,'New Document available for Download in My Active Asset',25,NULL,'2021-08-27 14:52:18'),(398,'New Document available for Download in My Active Asset',25,NULL,'2021-08-27 14:52:49'),(399,'New Document available for Download in My Active Asset',25,NULL,'2021-08-27 14:53:38'),(400,'New Document available for Download in My Active Asset',3,NULL,'2021-08-27 14:56:54'),(401,'New Document available for Download in My Active Asset',25,NULL,'2021-08-27 15:11:45'),(402,'New Document available for Download in My Active Asset',25,NULL,'2021-08-27 15:16:40'),(403,'New Document available for Download in My Active Asset',25,NULL,'2021-08-27 15:17:03'),(404,'New Document available for Download in My Active Asset',25,NULL,'2021-08-27 15:18:17'),(405,'New Document available for Download in My Active Asset',25,NULL,'2021-08-27 15:18:42'),(406,'New Document available for Download in My Active Asset',25,NULL,'2021-08-27 15:19:17'),(407,'New Document available for Download in My Active Asset',25,NULL,'2021-08-27 15:19:51'),(408,'New Document available for Download in My Active Asset',25,NULL,'2021-08-27 15:20:27'),(409,'New Document available for Download in My Active Asset',25,NULL,'2021-08-27 15:21:18'),(410,'New Document available for Download in My Active Asset',25,NULL,'2021-08-27 15:22:21'),(411,'New Document available for Download in My Active Asset',25,NULL,'2021-08-27 15:22:51'),(412,'New Document available for Download in My Active Asset',25,NULL,'2021-08-27 15:23:25'),(413,'New Document available for Download in My Active Asset',25,NULL,'2021-08-27 15:23:53'),(414,'New Document available for Download in My Active Asset',25,NULL,'2021-08-27 15:24:09'),(415,'New Document available for Download in My Active Asset',25,NULL,'2021-08-27 15:24:17'),(416,'New Document available for Download in My Active Asset',25,NULL,'2021-08-27 15:24:58'),(417,'New Document available for Download in My Active Asset',25,NULL,'2021-08-27 15:25:06'),(418,'New Document available for Download in My Active Asset',25,NULL,'2021-08-27 15:25:42'),(419,'New Document available for Download in My Active Asset',25,NULL,'2021-08-27 15:25:58'),(420,'New Document available for Download in My Active Asset',25,NULL,'2021-08-27 15:26:10'),(421,'New Document available for Download in My Active Asset',25,NULL,'2021-08-27 15:26:49'),(422,'New Document available for Download in My Active Asset',25,NULL,'2021-08-27 15:27:07'),(423,'New Document available for Download in My Active Asset',25,NULL,'2021-08-27 15:27:24'),(424,'New Document available for Download in My Active Asset',25,NULL,'2021-08-27 15:27:52'),(425,'New Document available for Download in My Active Asset',25,NULL,'2021-08-27 15:28:07'),(426,'New Document available for Download in My Active Asset',25,NULL,'2021-08-27 15:28:13'),(427,'New Document available for Download in My Active Asset',25,NULL,'2021-08-27 15:28:36'),(428,'New Document available for Download in My Active Asset',25,NULL,'2021-08-27 15:30:10'),(429,'New Document available for Download in My Active Asset',25,NULL,'2021-08-27 15:32:12'),(430,'New Document available for Download in My Active Asset',25,NULL,'2021-08-27 15:32:56'),(431,'New Document available for Download in My Active Asset',25,NULL,'2021-08-27 15:35:39'),(432,'New Document available for Download in My Active Asset',25,NULL,'2021-08-27 15:37:26'),(433,'New Document available for Download in Corporate',25,NULL,'2021-08-27 15:38:48'),(434,'New Document available for Download in My Active Asset',25,NULL,'2021-08-27 15:40:12'),(435,'New Document available for Download in My Active Asset',25,NULL,'2021-08-27 15:41:20'),(436,'New Document available for Download in My Active Asset',25,NULL,'2021-08-27 15:42:25'),(437,'New Document available for Download in My Active Asset',25,NULL,'2021-08-27 15:43:01'),(438,'New Document available for Download in My Active Asset',25,NULL,'2021-08-27 15:44:09'),(439,'New Document available for Download in My Active Asset',25,NULL,'2021-08-27 15:44:44'),(440,'New Document available for Download in My Active Asset',25,NULL,'2021-08-27 15:46:02'),(441,'New Document available for Download in My Active Asset',25,NULL,'2021-08-27 15:59:19'),(442,'New Document available for Download in My Active Asset',25,NULL,'2021-08-27 16:00:40'),(443,'New Document available for Download in My Active Asset',25,NULL,'2021-08-27 16:05:54'),(444,'New Document available for Download in My Active Asset',25,NULL,'2021-08-27 16:06:47'),(445,'New Document available for Download in My Active Asset',25,NULL,'2021-08-27 16:09:58'),(446,'New Document available for Download in Corporate',6,NULL,'2021-09-09 11:06:59'),(447,'New Document available for Download in My Active Asset',6,NULL,'2021-09-09 11:33:17'),(448,'New Document available for Download in My Active Asset',6,NULL,'2021-09-09 11:38:06'),(449,'New Document available for Download in My Active Asset',6,NULL,'2021-09-09 11:39:54'),(450,'New Document available for Download in My Active Asset',6,NULL,'2021-09-09 11:42:21'),(451,'New Document available for Download in My Active Asset',6,NULL,'2021-09-09 11:47:19'),(452,'New Document available for Download in My Active Asset',6,NULL,'2021-09-09 11:55:10'),(453,'New Document available for Download in My Active Asset',6,NULL,'2021-09-09 11:57:23'),(454,'New Document available for Download in Corporate',3,NULL,'2021-09-09 15:34:18'),(455,'New Document available for Download in My Active Asset',6,NULL,'2021-09-09 16:35:10'),(456,'New Document available for Download in My Active Asset',6,NULL,'2021-09-09 16:36:27'),(457,'New Document available for Download in My Active Asset',6,NULL,'2021-09-09 16:37:43'),(458,'New Document available for Download in My Active Asset',6,NULL,'2021-09-09 16:39:08'),(459,'New Document available for Download in My Active Asset',6,NULL,'2021-09-09 16:39:58'),(460,'New Document available for Download in My Active Asset',6,NULL,'2021-09-09 16:40:36'),(461,'New Document available for Download in My Active Asset',6,NULL,'2021-09-09 16:41:06'),(462,'New Document available for Download in My Active Asset',6,NULL,'2021-09-09 16:41:38'),(463,'New Document available for Download in My Active Asset',6,NULL,'2021-09-09 16:42:08'),(464,'New Document available for Download in My Active Asset',6,NULL,'2021-09-09 16:42:47'),(465,'New Document available for Download in My Active Asset',6,NULL,'2021-09-09 16:43:15'),(466,'New Document available for Download in My Active Asset',6,NULL,'2021-09-09 16:44:16'),(467,'New Document available for Download in My Active Asset',6,NULL,'2021-09-09 16:44:54'),(468,'New Document available for Download in My Active Asset',6,NULL,'2021-09-09 16:45:45'),(469,'New Document available for Download in My Active Asset',6,NULL,'2021-09-09 16:46:17'),(470,'New Document available for Download in My Active Asset',6,NULL,'2021-09-09 16:46:54'),(471,'New Document available for Download in My Active Asset',6,NULL,'2021-09-09 16:47:27'),(472,'New Document available for Download in My Active Asset',6,NULL,'2021-09-09 16:49:03'),(473,'New Document available for Download in My Active Asset',6,NULL,'2021-09-09 16:49:28'),(474,'New Document available for Download in My Active Asset',6,NULL,'2021-09-09 16:49:58'),(475,'New Document available for Download in My Active Asset',6,NULL,'2021-09-09 16:50:31'),(476,'New Document available for Download in My Active Asset',6,NULL,'2021-09-09 16:51:13'),(477,'New Document available for Download in My Active Asset',6,NULL,'2021-09-09 16:51:41'),(478,'New Document available for Download in My Active Asset',6,NULL,'2021-09-09 16:52:04'),(479,'New Document available for Download in My Active Asset',6,NULL,'2021-09-09 16:52:32'),(480,'New Document available for Download in My Active Asset',6,NULL,'2021-09-09 16:53:13'),(481,'New Document available for Download in My Active Asset',6,NULL,'2021-09-09 16:53:47'),(482,'New Document available for Download in My Active Asset',6,NULL,'2021-09-09 16:54:14'),(483,'New Document available for Download in Corporate',29,NULL,'2021-09-13 14:00:22'),(484,'New Document available for Download in Corporate',29,NULL,'2021-09-13 14:01:28'),(485,'New Document available for Download in My Active Asset',29,NULL,'2021-09-13 14:17:14'),(486,'New Document available for Download in Corporate',29,NULL,'2021-09-13 14:34:25'),(487,'New Document available for Download in Corporate',29,NULL,'2021-09-13 14:36:29'),(488,'New Document available for Download in My Active Asset',29,NULL,'2021-09-13 14:48:17'),(489,'New Document available for Download in My Active Asset',29,NULL,'2021-09-13 14:48:48'),(490,'New Document available for Download in My Active Asset',29,NULL,'2021-09-13 15:09:24'),(491,'New Document available for Download in My Active Asset',29,NULL,'2021-09-13 15:10:57'),(492,'New Document available for Download in Corporate',3,NULL,'2021-09-21 09:56:23'),(493,'New Document available for Download in Corporate',3,NULL,'2021-09-21 09:57:11'),(494,'New Document available for Download in Corporate',3,NULL,'2021-09-21 09:57:13'),(495,'New Document available for Download in Corporate',3,NULL,'2021-09-21 09:57:28'),(496,'New Document available for Download in Corporate',3,NULL,'2021-09-21 09:58:57'),(497,'New Document available for Download in My Docs',3,3,'2021-09-21 10:00:29'),(498,'New Document available for Download in My Docs',3,3,'2021-09-21 10:01:46'),(499,'New Document available for Download in My Active Asset',3,NULL,'2021-09-21 10:04:24'),(500,'New Document available for Download in My Active Asset',3,NULL,'2021-09-21 10:07:20'),(501,'New Document available for Download in Corporate',3,NULL,'2021-09-21 10:39:18'),(502,'New Document available for Download in Corporate',3,NULL,'2021-09-21 10:39:20'),(503,'New Document available for Download in Corporate',3,NULL,'2021-09-21 10:50:54'),(504,'New Document available for Download in Corporate',3,NULL,'2021-09-21 10:50:56'),(505,'New Document available for Download in Corporate',3,NULL,'2021-09-21 11:02:04'),(506,'New Document available for Download in Corporate',3,NULL,'2021-09-21 11:02:08'),(507,'New Document available for Download in Corporate',3,NULL,'2021-09-21 11:02:34'),(508,'New Document available for Download in My Docs',3,3,'2021-09-21 11:04:25'),(509,'New Document available for Download in My Docs',3,3,'2021-09-21 11:04:28'),(510,'New Document available for Download in My Docs',3,3,'2021-09-21 11:21:43'),(511,'New Document available for Download in Corporate',3,NULL,'2021-09-21 11:31:30'),(512,'New Document available for Download in Corporate',3,NULL,'2021-09-21 11:32:01'),(513,'New Document available for Download in Corporate',3,NULL,'2021-09-21 11:32:26'),(514,'New Document available for Download in My Active Asset',3,NULL,'2021-09-21 11:33:00'),(515,'New Document available for Download in Corporate',3,NULL,'2021-09-21 11:38:51'),(516,'New Document available for Download in Corporate',3,NULL,'2021-09-21 11:39:21'),(517,'New Document available for Download in Corporate',3,NULL,'2021-09-22 09:17:24'),(518,'New Document available for Download in Corporate',3,NULL,'2021-09-22 09:17:30'),(519,'New Document available for Download in Corporate',3,NULL,'2021-09-22 09:17:40'),(520,'New Document available for Download in Corporate',3,NULL,'2021-09-22 09:17:44'),(521,'New Document available for Download in Corporate',3,NULL,'2021-09-22 09:17:58'),(522,'New Document available for Download in My Docs',3,3,'2021-09-22 09:19:11'),(523,'New Document available for Download in My Docs',3,3,'2021-09-22 09:19:57'),(524,'New Document available for Download in My Docs',3,3,'2021-09-22 09:20:02'),(525,'New Document available for Download in My Docs',3,3,'2021-09-22 09:20:37'),(526,'New Document available for Download in My Docs',3,3,'2021-09-22 09:25:09'),(527,'New Document available for Download in My Active Asset',3,NULL,'2021-09-22 09:28:16'),(528,'New Document available for Download in My Active Asset',3,NULL,'2021-09-22 09:28:18'),(529,'New Document available for Download in My Active Asset',3,NULL,'2021-09-22 09:28:21'),(530,'New Document available for Download in My Active Asset',3,NULL,'2021-09-22 09:28:30'),(531,'New Document available for Download in My Active Asset',3,NULL,'2021-09-22 09:28:37'),(532,'New Document available for Download in My Active Asset',3,NULL,'2021-09-22 09:28:38'),(533,'New Document available for Download in My Active Asset',3,NULL,'2021-09-22 09:28:58'),(534,'New Document available for Download in My Active Asset',3,NULL,'2021-09-22 09:30:08'),(535,'New Document available for Download in Corporate',3,NULL,'2021-09-22 09:30:15'),(536,'New Document available for Download in Corporate',3,NULL,'2021-09-22 09:30:21'),(537,'New Document available for Download in Corporate',3,NULL,'2021-09-22 09:30:41'),(538,'New Document available for Download in My Docs',3,3,'2021-09-22 09:48:53'),(539,'New Document available for Download in My Docs',3,3,'2021-09-22 09:48:59'),(540,'New Document available for Download in Corporate',3,NULL,'2021-09-22 09:59:16'),(541,'New Document available for Download in Corporate',3,NULL,'2021-09-22 10:00:03'),(542,'New Document available for Download in My Docs',3,3,'2021-09-22 10:01:07'),(543,'New Document available for Download in My Docs',3,3,'2021-09-23 04:26:49'),(544,'New Document available for Download in My Docs',3,3,'2021-09-23 04:27:07'),(545,'New Document available for Download in My Active Asset',3,NULL,'2021-09-23 04:29:58'),(546,'New Document available for Download in My Active Asset',3,NULL,'2021-09-23 04:30:00'),(547,'New Document available for Download in My Active Asset',3,NULL,'2021-09-23 04:30:08'),(548,'New Document available for Download in My Docs',3,34,'2021-09-23 04:34:43'),(549,'New Document available for Download in My Docs',3,34,'2021-09-23 04:35:14'),(550,'New Document available for Download in My Docs',3,34,'2021-09-23 04:36:09'),(551,'New Document available for Download in My Docs',3,34,'2021-09-23 04:36:43'),(552,'New Document available for Download in My Docs',3,34,'2021-09-23 04:36:52'),(553,'New Document available for Download in My Docs',3,34,'2021-09-23 04:36:54'),(554,'New Document available for Download in My Docs',3,34,'2021-09-23 04:37:27'),(555,'New Document available for Download in My Docs',3,34,'2021-09-23 04:37:35'),(556,'New Document available for Download in My Docs',3,34,'2021-09-23 04:37:42'),(557,'New Document available for Download in My Docs',3,34,'2021-09-23 04:37:52'),(558,'New Document available for Download in My Docs',3,34,'2021-09-23 04:37:58'),(559,'New Document available for Download in My Docs',3,34,'2021-09-23 04:38:11'),(560,'New Document available for Download in My Docs',3,34,'2021-09-23 04:38:25'),(561,'New Document available for Download in My Docs',3,34,'2021-09-23 04:38:32'),(562,'New Document available for Download in My Docs',3,34,'2021-09-23 04:38:33'),(563,'New Document available for Download in My Docs',3,34,'2021-09-23 04:38:34'),(564,'New Document available for Download in My Docs',3,34,'2021-09-23 04:38:36'),(565,'New Document available for Download in My Docs',3,34,'2021-09-23 04:38:51'),(566,'New Document available for Download in My Docs',3,34,'2021-09-23 04:39:06'),(567,'New Document available for Download in My Docs',3,34,'2021-09-23 04:39:26'),(568,'New Document available for Download in My Docs',3,34,'2021-09-23 04:39:46'),(569,'New Document available for Download in My Docs',3,34,'2021-09-23 04:40:13'),(570,'New Document available for Download in My Docs',3,34,'2021-09-23 04:40:24'),(571,'New Document available for Download in My Docs',3,34,'2021-09-23 04:40:53'),(572,'New Document available for Download in Corporate',3,NULL,'2021-09-23 09:37:57'),(573,'New Document available for Download in My Docs',3,3,'2021-09-23 09:38:40'),(574,'New Document available for Download in My Docs',3,3,'2021-09-23 09:38:53'),(575,'New Document available for Download in My Docs',3,3,'2021-09-23 09:41:54'),(576,'New Document available for Download in My Docs',3,3,'2021-09-23 09:42:32'),(577,'New Document available for Download in My Docs',3,3,'2021-09-23 09:47:09'),(578,'New Document available for Download in My Docs',3,3,'2021-09-23 09:47:10'),(579,'New Document available for Download in Corporate',3,NULL,'2021-09-23 09:52:13'),(580,'New Document available for Download in My Active Asset',3,NULL,'2021-09-23 09:53:40'),(581,'New Document available for Download in Corporate',3,NULL,'2021-09-23 09:58:29'),(582,'New Document available for Download in My Docs',3,34,'2021-09-23 11:50:10'),(583,'New Document available for Download in My Docs',3,34,'2021-09-23 11:50:22'),(584,'New Document available for Download in My Docs',3,34,'2021-09-23 11:50:36'),(585,'New Document available for Download in My Docs',3,34,'2021-09-23 11:51:28'),(586,'New Document available for Download in My Docs',3,34,'2021-09-23 12:00:33'),(587,'New Document available for Download in My Docs',3,34,'2021-09-24 06:56:21'),(588,'New Document available for Download in My Docs',3,34,'2021-09-24 07:10:17'),(589,'New Document available for Download in Corporate',3,NULL,'2021-09-24 07:11:37'),(590,'New Document available for Download in My Docs',3,3,'2021-09-24 10:39:56'),(591,'New Document available for Download in Corporate',3,NULL,'2021-09-24 10:41:00'),(592,'New Document available for Download in My Active Asset',3,NULL,'2021-09-24 10:41:52'),(593,'New Document available for Download in Corporate',3,NULL,'2021-09-24 10:48:03'),(594,'New Document available for Download in My Docs',3,3,'2021-09-24 11:42:31'),(595,'New Document available for Download in My Docs',3,3,'2021-09-24 11:43:11'),(596,'New Document available for Download in My Docs',3,34,'2021-09-27 05:17:39'),(597,'New Document available for Download in My Docs',3,34,'2021-09-27 05:18:23'),(598,'New Document available for Download in My Docs',3,34,'2021-09-27 05:19:38'),(599,'New Document available for Download in My Docs',3,34,'2021-09-27 06:54:52'),(600,'New Document available for Download in My Docs',3,34,'2021-09-27 06:54:53'),(601,'New Document available for Download in My Docs',3,34,'2021-09-27 06:55:17'),(602,'New Document available for Download in My Docs',3,34,'2021-09-27 06:55:19'),(603,'New Document available for Download in My Docs',3,34,'2021-09-27 06:55:52'),(604,'New Document available for Download in My Docs',3,34,'2021-09-27 06:55:52'),(605,'New Document available for Download in My Docs',3,34,'2021-09-27 06:56:10'),(606,'New Document available for Download in My Docs',3,34,'2021-09-27 06:56:12'),(607,'New Document available for Download in My Docs',3,34,'2021-09-27 06:59:25'),(608,'New Document available for Download in My Docs',3,34,'2021-09-27 07:35:13'),(609,'New Document available for Download in My Docs',3,34,'2021-09-27 07:36:02'),(610,'New Document available for Download in My Docs',3,34,'2021-09-27 07:37:05'),(611,'New Document available for Download in My Docs',3,34,'2021-09-27 07:37:06'),(612,'New Document available for Download in My Docs',3,34,'2021-09-27 07:38:29'),(613,'New Document available for Download in My Docs',3,34,'2021-09-27 07:38:30'),(614,'New Document available for Download in My Docs',3,34,'2021-09-27 08:24:34'),(615,'New Document available for Download in My Docs',3,34,'2021-09-27 08:24:35'),(616,'New Document available for Download in My Docs',3,34,'2021-09-27 08:27:10'),(617,'New Document available for Download in My Docs',3,34,'2021-09-28 01:54:00'),(618,'New Document available for Download in My Docs',3,34,'2021-09-28 01:55:18'),(619,'New Document available for Download in My Docs',3,34,'2021-09-28 01:55:40'),(620,'New Document available for Download in My Docs',3,34,'2021-09-28 01:55:53'),(621,'New Document available for Download in My Docs',3,34,'2021-09-28 01:56:28'),(622,'New Document available for Download in My Docs',3,34,'2021-09-28 03:14:36'),(623,'New Document available for Download in Corporate',3,NULL,'2021-09-28 03:15:17'),(624,'New Document available for Download in My Docs',3,3,'2021-09-28 09:28:35'),(625,'New Document available for Download in My Docs',3,3,'2021-09-28 09:28:52'),(626,'New Document available for Download in My Active Asset',3,NULL,'2021-09-28 09:43:49'),(627,'New Document available for Download in My Active Asset',3,NULL,'2021-09-28 09:44:36'),(628,'New Document available for Download in Corporate',3,NULL,'2021-09-28 09:44:49'),(629,'New Document available for Download in My Docs',3,3,'2021-09-28 09:45:21'),(630,'New Document available for Download in My Active Asset',8,NULL,'2021-09-28 14:07:13'),(631,'New Document available for Download in My Active Asset',8,NULL,'2021-09-28 14:08:30'),(632,'New Document available for Download in Corporate',3,NULL,'2021-09-29 02:14:32'),(633,'New Document available for Download in Corporate',3,NULL,'2021-09-29 02:15:56'),(634,'New Document available for Download in Corporate',3,NULL,'2021-09-29 04:19:57'),(635,'New Document available for Download in Corporate',3,NULL,'2021-09-29 04:20:07'),(636,'New Document available for Download in Corporate',3,NULL,'2021-09-29 04:21:43'),(637,'New Document available for Download in Corporate',3,NULL,'2021-09-29 05:55:12'),(638,'New Document available for Download in Corporate',3,NULL,'2021-09-29 05:55:30'),(639,'New Document available for Download in Corporate',3,NULL,'2021-09-29 05:55:33'),(640,'New Document available for Download in Corporate',3,NULL,'2021-09-29 05:55:34'),(641,'New Document available for Download in Corporate',3,NULL,'2021-09-29 05:56:45'),(642,'New Document available for Download in Corporate',3,NULL,'2021-09-29 05:56:47'),(643,'New Document available for Download in Corporate',3,NULL,'2021-09-29 05:56:49'),(644,'New Document available for Download in Corporate',3,NULL,'2021-09-29 05:56:55'),(645,'New Document available for Download in Corporate',3,NULL,'2021-09-29 05:57:00'),(646,'New Document available for Download in Corporate',3,NULL,'2021-09-29 05:57:01'),(647,'New Document available for Download in Corporate',3,NULL,'2021-09-29 05:57:32'),(648,'New Document available for Download in Corporate',3,NULL,'2021-09-29 05:57:35'),(649,'New Document available for Download in My Docs',3,34,'2021-09-29 05:58:42'),(650,'New Document available for Download in My Docs',3,34,'2021-09-29 05:58:44'),(651,'New Document available for Download in My Docs',3,34,'2021-09-29 05:58:45'),(652,'New Document available for Download in My Docs',3,34,'2021-09-29 05:59:30'),(653,'New Document available for Download in My Docs',3,34,'2021-09-29 06:00:18'),(654,'New Document available for Download in My Docs',3,34,'2021-09-29 06:00:19'),(655,'New Document available for Download in My Docs',3,34,'2021-09-29 06:00:20'),(656,'New Document available for Download in My Docs',3,34,'2021-09-29 06:00:39'),(657,'New Document available for Download in My Docs',3,34,'2021-09-29 06:00:40'),(658,'New Document available for Download in My Docs',3,34,'2021-09-29 06:00:50'),(659,'New Document available for Download in My Docs',3,34,'2021-09-29 06:00:51'),(660,'New Document available for Download in Corporate',11,NULL,'2021-09-29 07:01:25'),(661,'New Document available for Download in Corporate',11,NULL,'2021-09-29 07:05:58'),(662,'New Document available for Download in Corporate',11,NULL,'2021-09-29 07:10:51'),(663,'New Document available for Download in My Active Asset',11,NULL,'2021-09-29 07:13:42'),(664,'New Document available for Download in Corporate',3,NULL,'2021-09-29 07:32:56'),(665,'New Document available for Download in Corporate',3,NULL,'2021-09-29 07:33:26'),(666,'New Document available for Download in Corporate',3,NULL,'2021-09-29 07:34:43'),(667,'New Document available for Download in Corporate',3,NULL,'2021-09-29 07:39:21'),(668,'New Document available for Download in Corporate',3,NULL,'2021-09-29 07:40:37'),(669,'New Document available for Download in My Docs',3,34,'2021-09-29 07:42:10'),(670,'New Document available for Download in My Docs',3,34,'2021-09-29 07:42:13'),(671,'New Document available for Download in My Active Asset',3,NULL,'2021-09-29 09:48:10'),(672,'New Document available for Download in Corporate',3,NULL,'2021-09-29 09:48:42'),(673,'New Document available for Download in Corporate',3,NULL,'2021-09-29 09:49:12'),(674,'New Document available for Download in Corporate',3,NULL,'2021-09-30 05:40:40'),(675,'New Document available for Download in Corporate',3,NULL,'2021-09-30 05:40:55'),(676,'New Document available for Download in Corporate',3,NULL,'2021-09-30 05:40:56'),(677,'New Document available for Download in Corporate',3,NULL,'2021-09-30 05:40:57'),(678,'New Document available for Download in My Docs',3,34,'2021-09-30 05:41:28'),(679,'New Document available for Download in My Docs',3,34,'2021-09-30 05:41:31'),(680,'New Document available for Download in My Docs',3,34,'2021-09-30 05:41:35'),(681,'New Document available for Download in My Docs',3,34,'2021-09-30 05:41:38'),(682,'New Document available for Download in My Docs',3,34,'2021-09-30 05:42:19'),(683,'New Document available for Download in My Docs',3,34,'2021-09-30 05:42:30'),(684,'New Document available for Download in Corporate',3,NULL,'2021-09-30 05:42:37'),(685,'New Document available for Download in My Docs',3,34,'2021-09-30 05:42:47'),(686,'New Document available for Download in Corporate',3,NULL,'2021-09-30 05:42:53'),(687,'New Document available for Download in Corporate',3,NULL,'2021-09-30 05:42:56'),(688,'New Document available for Download in My Docs',3,34,'2021-09-30 05:48:27'),(689,'New Document available for Download in My Docs',3,34,'2021-09-30 05:48:29'),(690,'New Document available for Download in My Docs',3,34,'2021-09-30 05:48:30'),(691,'New Document available for Download in My Docs',3,34,'2021-09-30 05:49:23'),(692,'New Document available for Download in My Docs',3,34,'2021-09-30 05:49:38'),(693,'New Document available for Download in My Docs',3,34,'2021-09-30 05:49:39'),(694,'New Document available for Download in My Docs',3,34,'2021-09-30 05:49:40'),(695,'New Document available for Download in My Docs',3,34,'2021-09-30 05:49:41'),(696,'New Document available for Download in My Docs',3,34,'2021-09-30 05:50:02'),(697,'New Document available for Download in My Docs',3,34,'2021-09-30 05:50:04'),(698,'New Document available for Download in My Docs',3,34,'2021-09-30 05:50:11'),(699,'New Document available for Download in My Docs',3,34,'2021-09-30 05:50:12'),(700,'New Document available for Download in My Docs',3,34,'2021-09-30 05:50:15'),(701,'New Document available for Download in My Docs',3,34,'2021-09-30 05:50:15'),(702,'New Document available for Download in My Docs',3,34,'2021-09-30 05:50:18'),(703,'New Document available for Download in My Docs',3,34,'2021-09-30 05:50:19'),(704,'New Document available for Download in My Docs',3,34,'2021-09-30 05:54:27'),(705,'New Document available for Download in My Docs',3,34,'2021-09-30 05:55:00'),(706,'New Document available for Download in My Docs',3,34,'2021-09-30 05:55:04'),(707,'New Document available for Download in My Docs',3,34,'2021-09-30 05:55:07'),(708,'New Document available for Download in My Docs',3,34,'2021-09-30 05:55:08'),(709,'New Document available for Download in My Docs',3,34,'2021-09-30 05:55:32'),(710,'New Document available for Download in My Docs',3,34,'2021-09-30 05:55:35'),(711,'New Document available for Download in My Docs',3,34,'2021-09-30 06:41:17'),(712,'New Document available for Download in My Docs',3,34,'2021-09-30 06:41:41'),(713,'New Document available for Download in My Docs',3,34,'2021-09-30 06:41:48'),(714,'New Document available for Download in My Docs',3,34,'2021-09-30 06:42:08'),(715,'New Document available for Download in My Docs',3,34,'2021-09-30 06:42:39'),(716,'New Document available for Download in My Docs',3,34,'2021-09-30 06:42:41'),(717,'New Document available for Download in My Docs',3,34,'2021-09-30 06:42:41'),(718,'New Document available for Download in My Docs',3,34,'2021-09-30 06:45:52'),(719,'New Document available for Download in My Docs',3,34,'2021-09-30 08:52:37'),(720,'New Document available for Download in My Docs',3,34,'2021-09-30 08:52:38'),(721,'New Document available for Download in My Docs',3,34,'2021-09-30 10:19:17'),(722,'New Document available for Download in My Docs',3,34,'2021-09-30 10:19:19'),(723,'New Document available for Download in My Docs',3,34,'2021-09-30 10:19:21'),(724,'New Document available for Download in Corporate',30,NULL,'2021-09-30 10:34:25'),(725,'New Document available for Download in Corporate',30,NULL,'2021-09-30 10:36:04'),(726,'New Document available for Download in Corporate',30,NULL,'2021-09-30 10:37:49'),(727,'New Document available for Download in Corporate',30,NULL,'2021-09-30 10:42:37'),(728,'New Document available for Download in Corporate',30,NULL,'2021-09-30 10:43:24'),(729,'New Document available for Download in Corporate',30,NULL,'2021-09-30 11:08:56'),(730,'New Document available for Download in Corporate',30,NULL,'2021-09-30 11:09:30'),(731,'New Document available for Download in My Active Asset',30,NULL,'2021-09-30 11:25:20'),(732,'New Document available for Download in My Active Asset',30,NULL,'2021-09-30 11:37:21'),(733,'New Document available for Download in My Active Asset',30,NULL,'2021-09-30 11:37:49'),(734,'New Document available for Download in My Active Asset',30,NULL,'2021-09-30 11:41:35'),(735,'New Document available for Download in My Active Asset',30,NULL,'2021-09-30 11:42:40'),(736,'New Document available for Download in My Active Asset',30,NULL,'2021-09-30 11:43:07'),(737,'New Document available for Download in My Active Asset',30,NULL,'2021-09-30 11:43:31'),(738,'New Document available for Download in My Active Asset',30,NULL,'2021-09-30 11:44:07'),(739,'New Document available for Download in My Active Asset',30,NULL,'2021-09-30 11:44:31'),(740,'New Document available for Download in Corporate',30,NULL,'2021-09-30 11:46:43'),(741,'New Document available for Download in Corporate',30,NULL,'2021-09-30 11:48:18'),(742,'New Document available for Download in Corporate',30,NULL,'2021-09-30 11:49:37'),(743,'New Document available for Download in My Active Asset',30,NULL,'2021-09-30 12:14:37'),(744,'New Document available for Download in My Active Asset',30,NULL,'2021-09-30 12:16:03'),(745,'New Document available for Download in My Active Asset',30,NULL,'2021-09-30 12:16:31'),(746,'New Document available for Download in My Active Asset',30,NULL,'2021-09-30 12:17:01'),(747,'New Document available for Download in My Active Asset',30,NULL,'2021-09-30 12:17:46'),(748,'New Document available for Download in My Active Asset',30,NULL,'2021-09-30 12:18:13'),(749,'New Document available for Download in My Docs',3,3,'2021-09-30 14:15:30'),(750,'New Document available for Download in Corporate',31,NULL,'2021-09-30 16:37:04'),(751,'New Document available for Download in Corporate',31,NULL,'2021-09-30 16:37:55'),(752,'New Document available for Download in My Docs',3,34,'2021-10-01 07:58:33'),(753,'New Document available for Download in My Docs',3,34,'2021-10-01 07:58:37'),(754,'New Document available for Download in My Docs',3,34,'2021-10-01 07:58:44'),(755,'New Document available for Download in My Docs',3,34,'2021-10-01 07:59:02'),(756,'New Document available for Download in My Docs',3,34,'2021-10-01 07:59:04'),(757,'New Document available for Download in My Docs',3,34,'2021-10-01 07:59:04'),(758,'New Document available for Download in My Docs',3,34,'2021-10-01 07:59:39'),(759,'New Document available for Download in My Docs',3,34,'2021-10-01 07:59:46'),(760,'New Document available for Download in My Docs',3,34,'2021-10-01 07:59:59'),(761,'New Document available for Download in My Docs',3,34,'2021-10-01 08:00:32'),(762,'New Document available for Download in My Docs',3,34,'2021-10-01 08:00:34'),(763,'New Document available for Download in My Docs',3,34,'2021-10-01 08:00:37'),(764,'New Document available for Download in My Docs',3,34,'2021-10-01 08:00:55'),(765,'New Document available for Download in My Docs',3,34,'2021-10-01 08:00:55'),(766,'New Document available for Download in My Docs',3,34,'2021-10-01 08:01:05'),(767,'New Document available for Download in My Docs',3,34,'2021-10-01 08:01:06'),(768,'New Document available for Download in My Docs',3,34,'2021-10-01 08:01:07'),(769,'New Document available for Download in My Docs',3,34,'2021-10-01 08:01:08'),(770,'New Document available for Download in My Docs',3,34,'2021-10-01 08:01:15'),(771,'New Document available for Download in My Docs',3,34,'2021-10-01 08:01:24'),(772,'New Document available for Download in My Docs',3,34,'2021-10-01 08:02:21'),(773,'New Document available for Download in My Docs',3,34,'2021-10-01 08:02:22'),(774,'New Document available for Download in My Docs',3,34,'2021-10-01 08:02:37'),(775,'New Document available for Download in My Docs',3,34,'2021-10-01 08:04:26'),(776,'New Document available for Download in My Docs',3,34,'2021-10-01 08:09:41'),(777,'New Document available for Download in Corporate',3,NULL,'2021-10-01 08:22:41'),(778,'New Document available for Download in Corporate',3,NULL,'2021-10-01 08:23:42'),(779,'New Document available for Download in Corporate',3,NULL,'2021-10-01 08:45:28'),(780,'New Document available for Download in My Docs',3,34,'2021-10-01 08:46:02'),(781,'New Document available for Download in My Docs',3,34,'2021-10-01 08:46:31'),(782,'New Document available for Download in My Docs',3,34,'2021-10-01 08:46:50'),(783,'New Document available for Download in My Docs',3,34,'2021-10-01 08:47:35'),(784,'New Document available for Download in My Docs',3,34,'2021-10-01 08:47:42'),(785,'New Document available for Download in My Docs',3,34,'2021-10-01 08:47:46'),(786,'New Document available for Download in My Docs',3,34,'2021-10-01 08:48:00'),(787,'New Document available for Download in My Docs',3,34,'2021-10-01 08:48:12'),(788,'New Document available for Download in My Docs',3,34,'2021-10-01 08:48:49'),(789,'New Document available for Download in My Docs',3,34,'2021-10-01 08:49:37'),(790,'New Document available for Download in My Docs',3,34,'2021-10-01 08:49:40'),(791,'New Document available for Download in My Docs',3,34,'2021-10-01 08:52:07'),(792,'New Document available for Download in My Docs',3,34,'2021-10-01 08:52:12'),(793,'New Document available for Download in My Docs',3,34,'2021-10-01 08:52:23'),(794,'New Document available for Download in My Docs',3,34,'2021-10-01 08:52:24'),(795,'New Document available for Download in My Docs',3,34,'2021-10-01 08:52:25'),(796,'New Document available for Download in My Docs',3,34,'2021-10-01 08:52:36'),(797,'New Document available for Download in My Docs',3,5,'2021-10-02 07:44:53'),(798,'New Document available for Download in My Docs',3,5,'2021-10-02 07:45:34'),(799,'New Document available for Download in My Docs',3,5,'2021-10-02 07:45:42'),(800,'New Document available for Download in My Docs',3,5,'2021-10-02 07:48:53'),(801,'New Document available for Download in My Docs',3,5,'2021-10-02 07:48:55'),(802,'New Document available for Download in My Docs',3,5,'2021-10-02 07:49:52'),(803,'New Document available for Download in My Docs',3,5,'2021-10-02 07:51:02'),(804,'New Document available for Download in My Docs',3,5,'2021-10-02 07:56:02'),(805,'New Document available for Download in My Docs',3,5,'2021-10-02 07:56:09'),(806,'New Document available for Download in My Active Asset',3,NULL,'2021-10-02 07:58:40'),(807,'New Document available for Download in My Active Asset',3,NULL,'2021-10-04 09:01:06'),(808,'New Document available for Download in My Docs',3,34,'2021-10-05 04:16:21'),(809,'New Document available for Download in My Docs',3,34,'2021-10-05 04:16:24'),(810,'New Document available for Download in My Docs',3,34,'2021-10-05 04:16:47'),(811,'New Document available for Download in My Docs',3,34,'2021-10-05 04:16:51'),(812,'New Document available for Download in My Docs',3,34,'2021-10-05 04:16:53'),(813,'New Document available for Download in My Docs',3,34,'2021-10-05 04:30:22'),(814,'New Document available for Download in My Docs',3,34,'2021-10-05 04:30:23'),(815,'New Document available for Download in My Docs',3,34,'2021-10-05 04:30:24'),(816,'New Document available for Download in My Active Asset',3,NULL,'2021-10-05 10:40:03'),(817,'New Document available for Download in Corporate',3,NULL,'2021-10-05 10:42:33'),(818,'New Document available for Download in Corporate',3,NULL,'2021-10-05 10:42:52'),(819,'New Document available for Download in Corporate',3,NULL,'2021-10-05 10:42:54'),(820,'New Document available for Download in My Active Asset',3,NULL,'2021-10-05 10:54:55'),(821,'New Document available for Download in My Active Asset',3,NULL,'2021-10-05 10:55:41'),(822,'New Document available for Download in My Active Asset',3,NULL,'2021-10-05 11:23:20'),(823,'New Document available for Download in My Active Asset',3,NULL,'2021-10-05 11:24:23'),(824,'New Document available for Download in My Active Asset',3,NULL,'2021-10-05 11:24:26'),(825,'New Document available for Download in My Active Asset',3,NULL,'2021-10-05 11:24:33'),(826,'New Document available for Download in My Active Asset',3,NULL,'2021-10-05 11:24:39'),(827,'New Document available for Download in My Active Asset',3,NULL,'2021-10-05 11:25:05'),(828,'New Document available for Download in My Active Asset',3,NULL,'2021-10-05 11:25:24');
/*!40000 ALTER TABLE `trs_tbl_app_notifications` ENABLE KEYS */;
UNLOCK TABLES;

--
-- Table structure for table `trs_tbl_asset_documents`
--

DROP TABLE IF EXISTS `trs_tbl_asset_documents`;
/*!40101 SET @saved_cs_client     = @@character_set_client */;
/*!50503 SET character_set_client = utf8mb4 */;
CREATE TABLE `trs_tbl_asset_documents` (
  `asset_document_id` bigint NOT NULL AUTO_INCREMENT,
  `asset_id` bigint NOT NULL,
  `document_type` varchar(255) NOT NULL,
  `document_name` varchar(50) DEFAULT NULL,
  `document_originalname` varchar(255) DEFAULT NULL,
  `document_s3_url` text NOT NULL,
  `issue_date` datetime DEFAULT NULL,
  `exp_date` date DEFAULT NULL,
  `app_access` tinyint(1) DEFAULT '0' COMMENT '1--> Yes 0--> No',
  `is_deleted` tinyint(1) NOT NULL DEFAULT '0',
  `is_removed_from_home` tinyint(1) NOT NULL DEFAULT '0',
  `created_by` bigint NOT NULL,
  `created_date` datetime NOT NULL DEFAULT CURRENT_TIMESTAMP,
  `modified_by` bigint NOT NULL,
  `modified_date` datetime NOT NULL DEFAULT CURRENT_TIMESTAMP ON UPDATE CURRENT_TIMESTAMP,
  PRIMARY KEY (`asset_document_id`),
  KEY `asset_document_asset_id_constraint` (`asset_id`),
  CONSTRAINT `asset_document_asset_id_constraint` FOREIGN KEY (`asset_id`) REFERENCES `trs_tbl_assets` (`asset_id`)
) ENGINE=InnoDB AUTO_INCREMENT=362 DEFAULT CHARSET=latin1;
/*!40101 SET character_set_client = @saved_cs_client */;

--
-- Dumping data for table `trs_tbl_asset_documents`
--

LOCK TABLES `trs_tbl_asset_documents` WRITE;
/*!40000 ALTER TABLE `trs_tbl_asset_documents` DISABLE KEYS */;
INSERT INTO `trs_tbl_asset_documents` VALUES (1,2,'Assets','Apportioned Cab Card','Apportioned_Cab_Card.pdf','https://permishare.s3.us-east-2.amazonaws.com/dev/asset-documents/Apportioned_Cab_Card.pdf','2020-01-01 10:30:00','2020-12-31',1,0,0,4,'2020-10-24 12:37:23',4,'2020-11-05 15:05:22'),(2,2,'Assets','2290 Form Received','2290_Form_Received.pdf','https://permishare.s3.us-east-2.amazonaws.com/dev/asset-documents/2290_Form_Received.pdf','2020-07-01 09:30:00','2021-06-30',1,1,0,4,'2020-10-29 01:26:40',4,'2020-10-31 12:04:57'),(3,1,'Assets','2290 Form Received','2290_Form_Received.pdf','https://permishare.s3.us-east-2.amazonaws.com/dev/asset-documents/2290_Form_Received.pdf','2020-07-01 09:30:00','2021-06-30',1,1,0,4,'2020-10-29 01:27:19',4,'2020-10-31 12:06:00'),(4,1,'Assets','tesst','EFS_Statement_2020-10-27.pdf','https://permishare.s3.us-east-2.amazonaws.com/dev/asset-documents/EFS_Statement_2020-10-27.pdf',NULL,NULL,1,1,0,3,'2020-10-29 14:30:15',3,'2020-10-30 12:19:00'),(5,1,'Assets','Apportioned Cab Card','Apportioned_Cab_Card.pdf','https://permishare.s3.us-east-2.amazonaws.com/dev/asset-documents/Apportioned_Cab_Card.pdf','2020-01-01 10:30:00','2020-12-31',1,0,0,4,'2020-10-30 12:20:09',4,'2021-09-24 14:41:52'),(6,1,'Assets','Vehicle Lease','Vehicle_Lease.pdf','https://permishare.s3.us-east-2.amazonaws.com/dev/asset-documents/Vehicle_Lease.pdf','2019-10-31 09:30:00','2023-09-30',1,0,0,4,'2020-10-31 11:54:40',4,'2020-10-31 11:54:40'),(7,2,'Assets','Vehicle Lease','Vehicle_Lease.pdf','https://permishare.s3.us-east-2.amazonaws.com/dev/asset-documents/Vehicle_Lease.pdf','2019-10-31 09:30:00','2023-09-30',1,0,0,4,'2020-10-31 12:02:04',4,'2020-10-31 12:02:04'),(8,2,'Assets','2290 Schedule 1','2290_Form_Received.pdf','https://permishare.s3.us-east-2.amazonaws.com/dev/asset-documents/2290_Form_Received.pdf','2020-07-01 09:30:00','2021-06-30',1,0,0,4,'2020-10-31 12:04:47',4,'2020-10-31 12:04:47'),(9,1,'Assets','2290 Schedule 1','2290_Form_Received.pdf','https://permishare.s3.us-east-2.amazonaws.com/dev/asset-documents/2290_Form_Received.pdf','2020-07-01 09:30:00','2021-06-30',1,0,0,4,'2020-10-31 12:05:51',4,'2021-09-28 13:44:37'),(10,3,'Assets','New Test','kanbancoderemovedbackupdate.txt','https://permishare.s3.amazonaws.com/dev/asset-documents/kanbancoderemovedbackupdate.txt','2020-11-02 00:00:00','2020-11-27',1,0,0,2,'2020-11-02 05:37:21',2,'2021-03-12 14:13:48'),(11,3,'Assets','New Driv Doc','Level_Live_queries.txt','https://permishare.s3.us-east-2.amazonaws.com/dev/asset-documents/Level_Live_queries.txt','2020-11-01 00:00:00','2020-11-30',1,0,0,2,'2020-11-02 05:38:28',2,'2020-11-02 05:38:28'),(12,4,'Assets','New doc','Level_Live_queries.txt','https://permishare.s3.us-east-2.amazonaws.com/dev/asset-documents/Level_Live_queries.txt',NULL,NULL,1,0,0,2,'2020-11-02 05:39:37',2,'2020-11-02 05:39:37'),(13,2,'Assets','CBP Transponder','CBP_Transponder_Receipt.pdf','https://permishare.s3.us-east-2.amazonaws.com/dev/asset-documents/CBP_Transponder_Receipt.pdf','2020-01-23 10:30:00','2020-12-31',1,0,0,4,'2020-11-02 11:45:22',4,'2020-11-02 11:45:22'),(14,1,'Assets','CBP Transponder','CBP_Transponder_Receipt.pdf','https://permishare.s3.us-east-2.amazonaws.com/dev/asset-documents/CBP_Transponder_Receipt.pdf','2020-01-23 10:30:00','2020-12-31',1,0,0,4,'2020-11-02 11:46:55',4,'2020-11-02 11:46:55'),(15,1,'Assets','Apportioned Cab Card2','Apportioned_Cab_Card.pdf','https://permishare.s3.us-east-2.amazonaws.com/dev/asset-documents/Apportioned_Cab_Card.pdf',NULL,NULL,1,1,0,4,'2020-11-02 14:07:30',4,'2020-11-04 12:16:43'),(16,2,'Assets','Apportioned Cab Card','Apportioned_Cab_Card.pdf','https://permishare.s3.us-east-2.amazonaws.com/dev/asset-documents/Apportioned_Cab_Card.pdf',NULL,NULL,1,1,0,4,'2020-11-02 14:08:00',4,'2020-11-04 12:16:30'),(17,2,'Assets','123','Definition__Yard_Activity.pdf','https://permishare.s3.us-east-2.amazonaws.com/dev/asset-documents/Definition__Yard_Activity.pdf',NULL,NULL,1,1,0,3,'2020-11-02 14:10:26',3,'2020-11-02 14:10:34'),(18,5,'Assets','Sample','XRS_Installation_Guide_-_Android_-_Rev_H_(2).pdf','https://permishare.s3.amazonaws.com/dev/asset-documents/XRS_Installation_Guide_-_Android_-_Rev_H_%282%29.pdf',NULL,NULL,1,1,0,3,'2020-11-03 14:33:36',3,'2020-11-05 01:35:13'),(19,2,'Assets','Title / Ownership','Title.pdf','https://permishare.s3.us-east-2.amazonaws.com/dev/asset-documents/Title.pdf','2019-09-17 09:30:00',NULL,1,0,0,4,'2020-11-04 12:24:40',4,'2020-11-04 12:24:40'),(20,1,'Assets','Title / Ownership','Title.pdf','https://permishare.s3.us-east-2.amazonaws.com/dev/asset-documents/Title.pdf','2019-02-14 10:30:00',NULL,1,0,0,4,'2020-11-04 12:25:24',4,'2020-11-04 12:25:24'),(21,2,'Assets','Safety Standards Certificate','SAMPLE_OF_SAFETY_STANDARDS_CERTIFICATE.pdf','https://permishare.s3.us-east-2.amazonaws.com/dev/asset-documents/SAMPLE_OF_SAFETY_STANDARDS_CERTIFICATE.pdf','2020-06-01 09:30:00','2020-07-06',1,0,0,4,'2020-11-04 21:53:13',4,'2020-11-04 21:53:13'),(22,1,'Assets','Safety Standards Certificate','SAMPLE_OF_SAFETY_STANDARDS_CERTIFICATE.pdf','https://permishare.s3.us-east-2.amazonaws.com/dev/asset-documents/SAMPLE_OF_SAFETY_STANDARDS_CERTIFICATE.pdf','2020-06-01 09:30:00','2020-07-06',1,0,0,4,'2020-11-04 21:54:11',4,'2020-11-04 21:54:11'),(23,1,'Assets','Annual Vehicle Inspection','Annual_Vehicle_Inspection.pdf','https://permishare.s3.us-east-2.amazonaws.com/dev/asset-documents/Annual_Vehicle_Inspection.pdf','2020-05-01 09:30:00','2021-04-30',1,0,0,4,'2020-11-05 01:50:08',4,'2020-11-05 01:50:08'),(24,1,'Assets','NM Weight Distance Permit Confirmation','NM_Weight_Distance_Permit_Confirmation.pdf','https://permishare.s3.us-east-2.amazonaws.com/dev/asset-documents/NM_Weight_Distance_Permit_Confirmation.pdf','2020-01-01 10:30:00','2020-12-31',1,0,0,4,'2020-11-05 01:54:28',4,'2020-11-05 01:54:28'),(25,2,'Assets','NM Weight Distance Permit Confirmation','NM_Weight_Distance_Permit_Confirmation.pdf','https://permishare.s3.us-east-2.amazonaws.com/dev/asset-documents/NM_Weight_Distance_Permit_Confirmation.pdf','2020-01-01 10:30:00','2020-12-31',1,0,0,4,'2020-11-05 01:55:21',4,'2020-11-05 01:55:21'),(26,1,'Assets','Emissions Inspection Report','Emissions_Inspection_Report.pdf','https://permishare.s3.us-east-2.amazonaws.com/dev/asset-documents/Emissions_Inspection_Report.pdf','2020-03-03 10:30:00','2021-03-03',1,0,0,4,'2020-11-05 15:02:02',4,'2020-11-05 15:02:02'),(27,2,'Assets','Emissions Inspection Report','Emissions_Inspection_Report.pdf','https://permishare.s3.us-east-2.amazonaws.com/dev/asset-documents/Emissions_Inspection_Report.pdf','2020-03-03 10:30:00','2021-03-03',1,0,0,4,'2020-11-05 15:02:50',4,'2020-11-05 15:02:50'),(28,2,'Assets','Annual Vehicle Inspection','Annual_Vehicle_Inspection.pdf','https://permishare.s3.us-east-2.amazonaws.com/dev/asset-documents/Annual_Vehicle_Inspection.pdf','2020-06-01 09:30:00','2021-05-31',1,0,0,4,'2020-11-05 15:07:26',4,'2020-11-05 15:07:26'),(29,31,'Assets','Title','Title.pdf','https://permishare.s3.us-east-2.amazonaws.com/dev/asset-documents/Title.pdf',NULL,NULL,1,0,0,4,'2020-11-05 16:18:55',4,'2021-09-23 08:30:08'),(30,32,'Assets','Title','Title.pdf','https://permishare.s3.us-east-2.amazonaws.com/dev/asset-documents/Title.pdf',NULL,NULL,1,0,0,4,'2020-11-05 16:19:07',4,'2020-11-05 16:19:07'),(31,33,'Assets','Title','Title.pdf','https://permishare.s3.us-east-2.amazonaws.com/dev/asset-documents/Title.pdf',NULL,NULL,1,0,0,4,'2020-11-05 16:19:16',4,'2020-11-05 16:19:16'),(32,34,'Assets','Title','Title.pdf','https://permishare.s3.us-east-2.amazonaws.com/dev/asset-documents/Title.pdf',NULL,NULL,1,0,0,4,'2020-11-05 16:19:28',4,'2020-11-05 16:19:28'),(33,35,'Assets','Title','Title.pdf','https://permishare.s3.us-east-2.amazonaws.com/dev/asset-documents/Title.pdf',NULL,NULL,1,0,0,4,'2020-11-05 16:19:39',4,'2020-11-05 16:19:39'),(34,36,'Assets','Title','Title.pdf','https://permishare.s3.us-east-2.amazonaws.com/dev/asset-documents/Title.pdf',NULL,NULL,1,0,0,4,'2020-11-05 16:19:48',4,'2020-11-05 16:19:48'),(35,37,'Assets','Title','Title.pdf','https://permishare.s3.us-east-2.amazonaws.com/dev/asset-documents/Title.pdf',NULL,NULL,1,0,0,4,'2020-11-05 16:19:58',4,'2020-11-05 16:19:58'),(36,38,'Assets','Title','Title.pdf','https://permishare.s3.us-east-2.amazonaws.com/dev/asset-documents/Title.pdf',NULL,NULL,1,0,0,4,'2020-11-05 16:20:08',4,'2020-11-05 16:20:08'),(37,39,'Assets','Title','Title.pdf','https://permishare.s3.us-east-2.amazonaws.com/dev/asset-documents/Title.pdf',NULL,NULL,1,0,0,4,'2020-11-05 16:20:17',4,'2020-11-05 16:20:17'),(38,40,'Assets','Title','Title.pdf','https://permishare.s3.us-east-2.amazonaws.com/dev/asset-documents/Title.pdf',NULL,NULL,1,0,0,4,'2020-11-05 16:20:29',4,'2020-11-05 16:20:29'),(39,41,'Assets','Title','Title.pdf','https://permishare.s3.us-east-2.amazonaws.com/dev/asset-documents/Title.pdf',NULL,NULL,1,0,0,4,'2020-11-05 16:20:38',4,'2020-11-05 16:20:38'),(40,42,'Assets','Title','Title.pdf','https://permishare.s3.us-east-2.amazonaws.com/dev/asset-documents/Title.pdf',NULL,NULL,1,0,0,4,'2020-11-05 16:20:47',4,'2020-11-05 16:20:47'),(41,43,'Assets','Title','Title.pdf','https://permishare.s3.us-east-2.amazonaws.com/dev/asset-documents/Title.pdf',NULL,NULL,1,0,0,4,'2020-11-05 16:21:00',4,'2020-11-05 16:21:00'),(42,44,'Assets','Title','Title.pdf','https://permishare.s3.us-east-2.amazonaws.com/dev/asset-documents/Title.pdf',NULL,NULL,1,0,0,4,'2020-11-05 16:21:13',4,'2020-11-05 16:21:13'),(43,45,'Assets','Title','Title.pdf','https://permishare.s3.us-east-2.amazonaws.com/dev/asset-documents/Title.pdf',NULL,NULL,1,0,0,4,'2020-11-05 16:21:22',4,'2020-11-05 16:21:22'),(44,46,'Assets','Title','Title.pdf','https://permishare.s3.us-east-2.amazonaws.com/dev/asset-documents/Title.pdf',NULL,NULL,1,0,0,4,'2020-11-05 16:21:30',4,'2020-11-05 16:21:30'),(45,52,'Assets','Title','Title.pdf','https://permishare.s3.us-east-2.amazonaws.com/dev/asset-documents/Title.pdf',NULL,NULL,1,0,0,4,'2020-11-05 16:21:47',4,'2020-11-05 16:21:47'),(46,51,'Assets','Title','Title.pdf','https://permishare.s3.us-east-2.amazonaws.com/dev/asset-documents/Title.pdf',NULL,NULL,1,0,0,4,'2020-11-05 16:21:57',4,'2020-11-05 16:21:57'),(47,50,'Assets','Title','Title.pdf','https://permishare.s3.us-east-2.amazonaws.com/dev/asset-documents/Title.pdf',NULL,NULL,1,0,0,4,'2020-11-05 16:22:07',4,'2020-11-05 16:22:07'),(48,49,'Assets','Title','Title.pdf','https://permishare.s3.us-east-2.amazonaws.com/dev/asset-documents/Title.pdf',NULL,NULL,1,0,0,4,'2020-11-05 16:22:16',4,'2020-11-05 16:22:16'),(49,48,'Assets','Title','Title.pdf','https://permishare.s3.us-east-2.amazonaws.com/dev/asset-documents/Title.pdf',NULL,NULL,1,0,0,4,'2020-11-05 16:22:26',4,'2020-11-05 16:22:26'),(50,47,'Assets','Title','Title.pdf','https://permishare.s3.us-east-2.amazonaws.com/dev/asset-documents/Title.pdf',NULL,NULL,1,0,0,4,'2020-11-05 16:22:36',4,'2020-11-05 16:22:36'),(51,2,'Assets','NY-HUT COR','NY_HUT_COR_1234.pdf','https://permishare.s3.us-east-2.amazonaws.com/dev/asset-documents/NY_HUT_COR_1234.pdf','2020-03-10 09:30:00','2021-12-31',1,0,0,4,'2020-11-08 14:13:18',4,'2020-11-08 14:13:18'),(52,1,'Assets','NY-HUT COR','NY_HUT_COR_1234.pdf','https://permishare.s3.us-east-2.amazonaws.com/dev/asset-documents/NY_HUT_COR_1234.pdf','2020-03-10 09:30:00','2021-12-31',1,0,0,4,'2020-11-08 14:16:16',4,'2020-11-08 14:16:16'),(53,87,'Assets','Ownership','Title_Truck.pdf','https://permishare.s3.us-east-2.amazonaws.com/dev/asset-documents/Title_Truck.pdf','2019-11-13 10:30:00',NULL,1,0,0,4,'2020-11-09 12:39:32',4,'2020-11-09 12:39:32'),(54,107,'Assets','Title / Ownership','Ownership_1149.pdf','https://permishare.s3.us-east-2.amazonaws.com/dev/asset-documents/Ownership_1149.pdf','2016-11-15 10:30:00',NULL,1,0,0,8,'2020-11-28 20:15:50',8,'2020-11-28 20:15:50'),(55,138,'Assets','2290 Schedule 1 JUL2020','2290_Form_Received_199,_200,_204,_205.pdf','https://permishare.s3.us-east-2.amazonaws.com/dev/asset-documents/2290_Form_Received_199%2C_200%2C_204%2C_205.pdf','2020-08-01 09:30:00','2021-06-30',1,0,0,8,'2020-12-01 15:56:00',8,'2020-12-01 15:56:00'),(56,139,'Assets','2290 Schedule 1 JUL2020','2290_Form_Received_199,_200,_204,_205.pdf','https://permishare.s3.us-east-2.amazonaws.com/dev/asset-documents/2290_Form_Received_199%2C_200%2C_204%2C_205.pdf','2020-08-01 09:30:00','2021-06-30',1,0,0,8,'2020-12-01 15:56:31',8,'2020-12-01 15:56:31'),(57,143,'Assets','2290 Schedule 1 JUL2020','2290_Form_Received_199,_200,_204,_205.pdf','https://permishare.s3.us-east-2.amazonaws.com/dev/asset-documents/2290_Form_Received_199%2C_200%2C_204%2C_205.pdf','2020-08-01 09:30:00','2021-06-30',1,0,0,8,'2020-12-01 15:56:57',8,'2020-12-01 15:56:57'),(58,144,'Assets','2290 Schedule 1 JUL2020','2290_Form_Received_199,_200,_204,_205.pdf','https://permishare.s3.us-east-2.amazonaws.com/dev/asset-documents/2290_Form_Received_199%2C_200%2C_204%2C_205.pdf','2020-08-01 09:30:00','2021-06-30',1,0,0,8,'2020-12-01 15:57:17',8,'2020-12-01 15:57:17'),(59,173,'Assets','Title / Ownership ','Pages_from_reg_&_cab_cards_3013,_3014.pdf','https://permishare.s3.us-east-2.amazonaws.com/dev/asset-documents/Pages_from_reg_%26_cab_cards_3013%2C_3014.pdf','2020-11-19 10:30:00',NULL,1,0,0,13,'2020-12-04 15:41:38',13,'2020-12-04 15:41:38'),(60,174,'Assets','Title / Ownership','Pages_from_reg_&_cab_cards_3013,_3014-2.pdf','https://permishare.s3.us-east-2.amazonaws.com/dev/asset-documents/Pages_from_reg_%26_cab_cards_3013%2C_3014-2.pdf','2020-11-19 10:30:00',NULL,1,0,0,13,'2020-12-04 15:43:14',13,'2020-12-04 15:43:14'),(61,173,'Assets','IRP Cab Card','Pages_from_reg_&_cab_cards_3013,_3014-3.pdf','https://permishare.s3.us-east-2.amazonaws.com/dev/asset-documents/Pages_from_reg_%26_cab_cards_3013%2C_3014-3.pdf','2020-11-17 10:30:00','2021-06-30',1,0,0,13,'2020-12-04 15:44:05',13,'2020-12-04 15:44:05'),(62,174,'Assets','IRP Cab Card','Pages_from_reg_&_cab_cards_3013,_3014-4.pdf','https://permishare.s3.us-east-2.amazonaws.com/dev/asset-documents/Pages_from_reg_%26_cab_cards_3013%2C_3014-4.pdf','2020-11-17 10:30:00','2021-06-30',1,0,0,13,'2020-12-04 15:45:06',13,'2020-12-04 15:45:06'),(63,174,'Assets','NM Weight Distance Permit 2021','3013_2020_NM_Weight_Distance_Permit_Confirmation.pdf','https://permishare.s3.us-east-2.amazonaws.com/dev/asset-documents/3013_2020_NM_Weight_Distance_Permit_Confirmation.pdf','2020-01-01 10:30:00','2020-12-31',1,1,0,13,'2020-12-04 19:22:05',13,'2020-12-04 19:22:17'),(64,173,'Assets','NM Weight Distance Permit 2021','3013_2020_NM_Weight_Distance_Permit_Confirmation.pdf','https://permishare.s3.us-east-2.amazonaws.com/dev/asset-documents/3013_2020_NM_Weight_Distance_Permit_Confirmation.pdf','2020-01-01 10:30:00','2020-12-31',1,0,0,13,'2020-12-04 19:22:40',13,'2020-12-04 19:22:40'),(65,174,'Assets','NM Weight Distance Permit 2021','3014_2020_NM_Weight_Distance_Permit_Confirmation.pdf','https://permishare.s3.us-east-2.amazonaws.com/dev/asset-documents/3014_2020_NM_Weight_Distance_Permit_Confirmation.pdf','2020-01-01 10:30:00','2020-12-31',1,0,0,13,'2020-12-04 19:22:59',13,'2020-12-04 19:22:59'),(66,174,'Assets','NY HUT 23rd Series COR','HUT_Certificate(s)_of_Registration_(CofR)_3014.pdf','https://permishare.s3.us-east-2.amazonaws.com/dev/asset-documents/HUT_Certificate%28s%29_of_Registration_%28CofR%29_3014.pdf','2020-06-20 09:30:00','2021-12-31',1,0,0,13,'2020-12-04 19:26:12',13,'2020-12-04 19:26:12'),(67,173,'Assets','NY HUT 23rd Series COR','HUT_Certificate(s)_of_Registration_(CofR)_3013.pdf','https://permishare.s3.us-east-2.amazonaws.com/dev/asset-documents/HUT_Certificate%28s%29_of_Registration_%28CofR%29_3013.pdf','2020-06-01 09:30:00','2021-12-31',1,0,0,13,'2020-12-04 19:40:11',13,'2020-12-04 19:40:11'),(68,198,'Assets','Title / Ownership','Pages_from_reg_&_cab_card_1000.pdf','https://permishare.s3.us-east-2.amazonaws.com/dev/asset-documents/Pages_from_reg_%26_cab_card_1000.pdf','2019-01-23 10:30:00',NULL,1,0,0,11,'2020-12-04 19:42:05',11,'2020-12-04 19:42:05'),(69,199,'Assets','Title / Ownership','Pages_from_all_regs_after_dba_name_change.pdf','https://permishare.s3.us-east-2.amazonaws.com/dev/asset-documents/Pages_from_all_regs_after_dba_name_change.pdf','2017-02-24 10:30:00',NULL,1,0,0,11,'2020-12-04 19:43:45',11,'2020-12-04 19:43:45'),(70,202,'Assets','Title / Ownership','Pages_from_all_regs_after_dba_name_change-2.pdf','https://permishare.s3.us-east-2.amazonaws.com/dev/asset-documents/Pages_from_all_regs_after_dba_name_change-2.pdf','2017-02-24 10:30:00',NULL,1,0,0,11,'2020-12-04 19:45:20',11,'2020-12-04 19:45:20'),(71,203,'Assets','Title / Ownership','reg_&_cab_card_350_issued_at_renewal.pdf','https://permishare.s3.us-east-2.amazonaws.com/dev/asset-documents/reg_%26_cab_card_350_issued_at_renewal.pdf','2019-11-29 10:30:00',NULL,1,0,0,11,'2020-12-04 19:46:14',11,'2020-12-04 19:46:14'),(72,210,'Assets','Title / Ownership','reg_&_cab_card_450_at_reactivation.pdf','https://permishare.s3.us-east-2.amazonaws.com/dev/asset-documents/reg_%26_cab_card_450_at_reactivation.pdf','2020-03-06 10:30:00',NULL,1,0,0,11,'2020-12-04 19:47:04',11,'2020-12-04 19:47:04'),(73,204,'Assets','Title / Ownership','reg_370.pdf','https://permishare.s3.us-east-2.amazonaws.com/dev/asset-documents/reg_370.pdf','2017-02-03 10:30:00',NULL,1,0,0,11,'2020-12-05 13:42:52',11,'2020-12-05 13:42:52'),(74,1,'Assets','Title / Ownership','reg_375.pdf','https://permishare.s3.us-east-2.amazonaws.com/dev/asset-documents/reg_375.pdf','2019-12-17 10:30:00',NULL,1,1,0,4,'2020-12-05 13:46:29',4,'2020-12-05 13:49:41'),(75,1,'Assets','Title / Ownership','reg_375.pdf','https://permishare.s3.us-east-2.amazonaws.com/dev/asset-documents/reg_375.pdf',NULL,NULL,1,1,0,4,'2020-12-05 13:50:19',4,'2020-12-05 13:56:01'),(76,1,'Assets','Test doc for notification','reg_375.pdf','https://permishare.s3.us-east-2.amazonaws.com/dev/asset-documents/reg_375.pdf',NULL,NULL,1,1,0,4,'2020-12-05 13:56:34',4,'2020-12-05 13:56:54'),(77,1,'Assets','Test doc for notification','reg_375.pdf','https://permishare.s3.us-east-2.amazonaws.com/dev/asset-documents/reg_375.pdf',NULL,NULL,1,1,0,4,'2020-12-05 13:58:53',4,'2020-12-05 14:00:31'),(78,1,'Assets','Test doc for notification','reg_375.pdf','https://permishare.s3.us-east-2.amazonaws.com/dev/asset-documents/reg_375.pdf',NULL,NULL,1,1,0,4,'2020-12-05 14:01:11',4,'2020-12-05 14:09:35'),(79,2,'Assets','Test doc for notification','reg_375.pdf','https://permishare.s3.us-east-2.amazonaws.com/dev/asset-documents/reg_375.pdf',NULL,NULL,1,1,0,4,'2020-12-05 14:10:39',4,'2020-12-05 14:10:57'),(80,1,'Assets','Test doc for notification','reg_375.pdf','https://permishare.s3.us-east-2.amazonaws.com/dev/asset-documents/reg_375.pdf',NULL,NULL,1,1,0,4,'2020-12-05 14:11:40',4,'2020-12-05 14:11:50'),(81,216,'Assets','Cab Card','Cab_Card.pdf','https://permishare.s3.us-east-2.amazonaws.com/dev/asset-documents/Cab_Card.pdf','2020-01-29 10:30:00','2020-12-31',NULL,0,0,12,'2020-12-07 16:27:21',12,'2020-12-07 16:27:21'),(82,224,'Assets','IRP Cab Card','Cab_Cards_at_Renewal_(10)_1.pdf','https://permishare.s3.us-east-2.amazonaws.com/dev/asset-documents/Cab_Cards_at_Renewal_%2810%29_1.pdf','2020-04-01 09:30:00','2021-03-31',1,0,0,15,'2020-12-18 19:02:30',15,'2020-12-18 19:02:30'),(83,225,'Assets','IRP Cab Card','Cab_Cards_at_Renewal_(10)_2.pdf','https://permishare.s3.us-east-2.amazonaws.com/dev/asset-documents/Cab_Cards_at_Renewal_%2810%29_2.pdf',NULL,NULL,1,0,0,15,'2020-12-18 19:03:08',15,'2020-12-18 19:03:08'),(84,226,'Assets','IRP Cab Card','Cab_Cards_at_Renewal_(10)_3.pdf','https://permishare.s3.us-east-2.amazonaws.com/dev/asset-documents/Cab_Cards_at_Renewal_%2810%29_3.pdf',NULL,NULL,1,0,0,15,'2020-12-18 19:03:46',15,'2020-12-18 19:03:57'),(85,227,'Assets','IRP Cab Card','Cab_Cards_at_Renewal_(10)_4.pdf','https://permishare.s3.us-east-2.amazonaws.com/dev/asset-documents/Cab_Cards_at_Renewal_%2810%29_4.pdf',NULL,NULL,1,0,0,15,'2020-12-18 19:04:29',15,'2020-12-18 19:04:29'),(86,228,'Assets','IRP Cab Card','Cab_Cards_at_Renewal_(10)_5.pdf','https://permishare.s3.us-east-2.amazonaws.com/dev/asset-documents/Cab_Cards_at_Renewal_%2810%29_5.pdf',NULL,NULL,1,0,0,15,'2020-12-18 19:04:49',15,'2020-12-18 19:04:49'),(87,229,'Assets','IRP Cab Card','Cab_Cards_at_Renewal_(10)_6.pdf','https://permishare.s3.us-east-2.amazonaws.com/dev/asset-documents/Cab_Cards_at_Renewal_%2810%29_6.pdf',NULL,NULL,1,0,0,15,'2020-12-18 19:05:53',15,'2020-12-18 19:05:53'),(88,230,'Assets','IRP Cab Card','Cab_Cards_at_Renewal_(10)_7.pdf','https://permishare.s3.us-east-2.amazonaws.com/dev/asset-documents/Cab_Cards_at_Renewal_%2810%29_7.pdf',NULL,NULL,1,0,0,15,'2020-12-18 19:06:45',15,'2020-12-18 19:06:45'),(89,231,'Assets','IRP Cab Card','Cab_Cards_at_Renewal_(10)_8.pdf','https://permishare.s3.us-east-2.amazonaws.com/dev/asset-documents/Cab_Cards_at_Renewal_%2810%29_8.pdf',NULL,NULL,1,0,0,15,'2020-12-18 19:07:01',15,'2020-12-18 19:07:01'),(90,232,'Assets','IRP Cab Card','Cab_Cards_at_Renewal_(10)_9.pdf','https://permishare.s3.us-east-2.amazonaws.com/dev/asset-documents/Cab_Cards_at_Renewal_%2810%29_9.pdf',NULL,NULL,1,0,0,15,'2020-12-18 19:07:24',15,'2020-12-18 19:07:24'),(91,255,'Assets','IRP Cab Card','Cab_Cards_at_Renewal_(10)_10.pdf','https://permishare.s3.us-east-2.amazonaws.com/dev/asset-documents/Cab_Cards_at_Renewal_%2810%29_10.pdf',NULL,NULL,1,0,0,15,'2020-12-18 19:08:33',15,'2020-12-18 19:08:33'),(92,256,'Assets','IRP Cab Card','Cab_Cards_at_Renewal_(10)_11.pdf','https://permishare.s3.us-east-2.amazonaws.com/dev/asset-documents/Cab_Cards_at_Renewal_%2810%29_11.pdf',NULL,NULL,1,0,0,15,'2020-12-18 19:08:51',15,'2020-12-18 19:08:51'),(93,233,'Assets','IRP Cab Card','Cab_Cards_at_Renewal_(10)_12.pdf','https://permishare.s3.us-east-2.amazonaws.com/dev/asset-documents/Cab_Cards_at_Renewal_%2810%29_12.pdf',NULL,NULL,1,0,0,15,'2020-12-18 19:09:14',15,'2020-12-18 19:09:14'),(94,234,'Assets','IRP Cab Card','Cab_Cards_at_Renewal_(10)_13.pdf','https://permishare.s3.us-east-2.amazonaws.com/dev/asset-documents/Cab_Cards_at_Renewal_%2810%29_13.pdf',NULL,NULL,1,0,0,15,'2020-12-18 19:09:36',15,'2020-12-18 19:09:36'),(95,254,'Assets','IRP Cab Card','Cab_Cards_at_Renewal_(10)_14.pdf','https://permishare.s3.us-east-2.amazonaws.com/dev/asset-documents/Cab_Cards_at_Renewal_%2810%29_14.pdf',NULL,NULL,1,0,0,15,'2020-12-18 19:09:48',15,'2020-12-18 19:09:48'),(96,254,'Assets','Title / Ownership','reg_A122.pdf','https://permishare.s3.amazonaws.com/dev/asset-documents/reg_A122.pdf','2018-06-21 09:30:00',NULL,1,1,0,15,'2020-12-18 20:27:32',15,'2020-12-18 20:28:07'),(97,234,'Assets','Title / Ownership','reg_A122.pdf','https://permishare.s3.us-east-2.amazonaws.com/dev/asset-documents/reg_A122.pdf','2018-06-21 09:30:00',NULL,1,0,0,15,'2020-12-18 20:28:35',15,'2020-12-18 20:28:35'),(98,233,'Assets','Title / Ownership','reg_A119.pdf','https://permishare.s3.us-east-2.amazonaws.com/dev/asset-documents/reg_A119.pdf','2018-03-13 09:30:00',NULL,1,0,0,15,'2020-12-18 20:29:35',15,'2020-12-18 20:29:35'),(99,232,'Assets','Title / Ownership','reg_139.pdf','https://permishare.s3.us-east-2.amazonaws.com/dev/asset-documents/reg_139.pdf',NULL,'2020-01-07',1,0,0,15,'2020-12-18 20:30:44',15,'2020-12-18 20:30:44'),(100,231,'Assets','Title / Ownership','reg_137.pdf','https://permishare.s3.us-east-2.amazonaws.com/dev/asset-documents/reg_137.pdf',NULL,'2020-01-08',1,0,0,15,'2020-12-18 20:31:22',15,'2020-12-18 20:31:22'),(101,230,'Assets','Title / Ownership','reg_132.pdf','https://permishare.s3.us-east-2.amazonaws.com/dev/asset-documents/reg_132.pdf','2019-08-15 09:30:00',NULL,1,0,0,15,'2020-12-18 20:31:56',15,'2020-12-18 20:31:56'),(102,228,'Assets','Title / Ownership','reg_66.pdf','https://permishare.s3.us-east-2.amazonaws.com/dev/asset-documents/reg_66.pdf','2019-01-18 10:30:00',NULL,1,0,0,15,'2020-12-18 20:32:53',15,'2020-12-18 20:32:53'),(103,227,'Assets','Title / Ownership','reg_61.pdf','https://permishare.s3.us-east-2.amazonaws.com/dev/asset-documents/reg_61.pdf','2011-11-07 10:30:00',NULL,1,0,0,15,'2020-12-18 20:33:40',15,'2020-12-18 20:33:40'),(104,229,'Assets','Title / Ownership','reg_99.pdf','https://permishare.s3.us-east-2.amazonaws.com/dev/asset-documents/reg_99.pdf','2017-01-09 10:30:00',NULL,1,0,0,15,'2020-12-18 20:36:15',15,'2020-12-18 20:36:15'),(105,255,'Assets','Title / Ownership','reg_A93.pdf','https://permishare.s3.us-east-2.amazonaws.com/dev/asset-documents/reg_A93.pdf','2015-09-03 09:30:00',NULL,1,0,0,15,'2020-12-18 20:38:08',15,'2020-12-18 20:38:08'),(106,254,'Assets','Title / Ownership','reg_A130.pdf','https://permishare.s3.us-east-2.amazonaws.com/dev/asset-documents/reg_A130.pdf','2019-04-24 09:30:00',NULL,1,0,0,15,'2020-12-18 20:50:21',15,'2020-12-18 20:50:21'),(107,256,'Assets','Title / Ownership','reg_A94.pdf','https://permishare.s3.us-east-2.amazonaws.com/dev/asset-documents/reg_A94.pdf','2015-09-03 09:30:00',NULL,1,0,0,15,'2020-12-18 20:56:59',15,'2020-12-18 20:56:59'),(108,225,'Assets','Title / Ownership','reg_40.pdf','https://permishare.s3.us-east-2.amazonaws.com/dev/asset-documents/reg_40.pdf','2010-01-29 10:30:00',NULL,1,1,0,15,'2020-12-18 20:58:09',15,'2020-12-18 21:00:19'),(109,225,'Assets','Title / Ownership','reg_40.pdf','https://permishare.s3.us-east-2.amazonaws.com/dev/asset-documents/reg_40.pdf','2018-03-13 09:30:00',NULL,1,0,0,15,'2020-12-18 21:00:46',15,'2020-12-18 21:00:46'),(110,226,'Assets','Title / Ownership','reg_57.pdf','https://permishare.s3.us-east-2.amazonaws.com/dev/asset-documents/reg_57.pdf','2018-03-13 09:30:00',NULL,1,0,0,15,'2020-12-18 21:02:38',15,'2020-12-18 21:02:38'),(111,140,'Assets','2290 Schedule 1 2020-2021','2290_Schedule_1_2020-2021_201,_202,_203.pdf','https://permishare.s3.us-east-2.amazonaws.com/dev/asset-documents/2290_Schedule_1_2020-2021_201%2C_202%2C_203.pdf','2020-08-01 09:30:00','2021-06-30',1,0,0,8,'2020-12-21 18:31:31',8,'2020-12-21 18:31:31'),(112,141,'Assets','2290 Schedule 1 2020-2021','2290_Schedule_1_2020-2021_201,_202,_203.pdf','https://permishare.s3.us-east-2.amazonaws.com/dev/asset-documents/2290_Schedule_1_2020-2021_201%2C_202%2C_203.pdf','2020-08-01 09:30:00','2021-06-30',1,0,0,8,'2020-12-21 18:31:56',8,'2020-12-21 18:31:56'),(113,142,'Assets','2290 Schedule 1 2020-2021','2290_Schedule_1_2020-2021_201,_202,_203.pdf','https://permishare.s3.us-east-2.amazonaws.com/dev/asset-documents/2290_Schedule_1_2020-2021_201%2C_202%2C_203.pdf','2020-08-01 09:30:00','2021-06-30',1,0,0,8,'2020-12-21 18:32:21',8,'2020-12-21 18:32:21'),(114,1,'Assets','TDG Shipping Documents','TDG_Shipping_Documents.pdf','https://permishare.s3.us-east-2.amazonaws.com/dev/asset-documents/TDG_Shipping_Documents.pdf','2021-01-21 10:30:00','2021-01-26',1,0,0,3,'2020-12-21 21:17:54',3,'2020-12-21 21:17:54'),(115,257,'Assets','Temp Apportionment Authorization','Temp_Apportionment_Authorization.jpg','https://permishare.s3.us-east-2.amazonaws.com/dev/asset-documents/Temp_Apportionment_Authorization.jpg','2020-05-29 09:30:00','2020-06-28',NULL,1,0,16,'2021-01-19 15:32:05',16,'2021-01-19 15:34:35'),(116,258,'Assets','Temp Apportionment Authorization','Temp_Apportionment_Authorization.jpg','https://permishare.s3.us-east-2.amazonaws.com/dev/asset-documents/Temp_Apportionment_Authorization.jpg','2020-05-29 09:30:00','2020-06-28',1,0,0,16,'2021-01-19 15:45:02',16,'2021-01-19 15:45:02'),(117,259,'Assets','Annual Inspection','Annual_Inspection.pdf','https://permishare.s3.us-east-2.amazonaws.com/dev/asset-documents/Annual_Inspection.pdf','2020-01-01 10:30:00','2021-01-01',1,0,0,16,'2021-01-19 16:33:20',16,'2021-01-19 16:33:20'),(118,259,'Assets','Certificate of Insurance','Certificate_of_Insurance_1.pdf','https://permishare.s3.us-east-2.amazonaws.com/dev/asset-documents/Certificate_of_Insurance_1.pdf','2020-01-01 10:30:00','2021-01-01',NULL,0,0,16,'2021-01-19 16:35:18',16,'2021-01-19 16:35:18'),(119,259,'Assets','Certificate of Insurance 2','Certificate_of_Insurance_2.pdf','https://permishare.s3.us-east-2.amazonaws.com/dev/asset-documents/Certificate_of_Insurance_2.pdf','2020-01-01 10:30:00','2021-01-01',NULL,0,0,16,'2021-01-19 16:37:10',16,'2021-01-19 16:37:10'),(120,259,'Assets','Cab Card','MI_Cab_Card.pdf','https://permishare.s3.us-east-2.amazonaws.com/dev/asset-documents/MI_Cab_Card.pdf','2020-04-01 09:30:00','2021-03-31',NULL,0,0,16,'2021-01-19 16:38:00',16,'2021-01-19 16:38:00'),(121,260,'Assets','RENTAL AGREEMENT','20_F250_RAM_RENTAL_07-21.pdf','https://permishare.s3.us-east-2.amazonaws.com/dev/asset-documents/20_F250_RAM_RENTAL_07-21.pdf','2021-07-07 10:30:00','2021-08-07',1,0,0,20,'2021-07-09 18:36:02',20,'2021-07-09 18:36:02'),(122,202,'Assets','IRP Cab Card','cab_card_340.pdf','https://permishare.s3.us-east-2.amazonaws.com/dev/asset-documents/cab_card_340.pdf','2020-12-01 10:30:00','2021-11-30',1,0,0,11,'2021-07-22 19:51:38',11,'2021-07-22 19:51:38'),(123,203,'Assets','IRP Cab Card','cab_card_350.pdf','https://permishare.s3.us-east-2.amazonaws.com/dev/asset-documents/cab_card_350.pdf','2020-12-01 10:30:00','2021-12-31',1,0,0,11,'2021-07-22 19:52:39',11,'2021-07-22 19:52:39'),(124,204,'Assets','IRP Cab Card','cab_card_370.pdf','https://permishare.s3.us-east-2.amazonaws.com/dev/asset-documents/cab_card_370.pdf','2020-12-01 10:30:00','2021-11-30',1,0,0,11,'2021-07-22 19:53:56',11,'2021-07-22 19:53:56'),(125,206,'Assets','IRP Cab Card','cab_card_380.pdf','https://permishare.s3.us-east-2.amazonaws.com/dev/asset-documents/cab_card_380.pdf','2020-12-01 10:30:00','2021-11-30',1,0,0,11,'2021-07-22 19:54:46',11,'2021-07-22 19:54:46'),(126,210,'Assets','IRP Cab Card','cab_card_450.pdf','https://permishare.s3.us-east-2.amazonaws.com/dev/asset-documents/cab_card_450.pdf','2020-12-01 10:30:00','2021-11-30',1,0,0,11,'2021-07-22 19:55:21',11,'2021-07-22 19:55:21'),(127,198,'Assets','IRP Cab Card','cab_card_1000.pdf','https://permishare.s3.us-east-2.amazonaws.com/dev/asset-documents/cab_card_1000.pdf','2020-12-01 10:30:00','2021-11-30',1,0,0,11,'2021-07-22 19:55:59',11,'2021-07-22 19:55:59'),(128,206,'Assets','Ownership / Title','reg_380.pdf','https://permishare.s3.us-east-2.amazonaws.com/dev/asset-documents/reg_380.pdf','2021-01-12 10:30:00',NULL,1,0,0,11,'2021-07-22 19:58:32',11,'2021-07-22 19:58:32'),(129,205,'Assets','Ownership / Title','reg_375.pdf','https://permishare.s3.us-east-2.amazonaws.com/dev/asset-documents/reg_375.pdf','2019-12-17 10:30:00',NULL,1,0,0,11,'2021-07-22 20:01:43',11,'2021-07-22 20:01:43'),(130,208,'Assets','Ownership / Title','reg_405.pdf','https://permishare.s3.us-east-2.amazonaws.com/dev/asset-documents/reg_405.pdf','2021-01-22 10:30:00',NULL,1,0,0,11,'2021-07-22 20:02:40',11,'2021-07-22 20:02:40'),(131,209,'Assets','Ownership / Title','reg_430.pdf','https://permishare.s3.us-east-2.amazonaws.com/dev/asset-documents/reg_430.pdf','2017-07-20 09:30:00',NULL,1,0,0,11,'2021-07-22 20:06:19',11,'2021-07-22 20:06:19'),(132,261,'Assets','Ownership / Title','reg_9501.pdf','https://permishare.s3.us-east-2.amazonaws.com/dev/asset-documents/reg_9501.pdf','2018-09-06 09:30:00',NULL,1,0,0,29,'2021-08-23 18:09:00',29,'2021-08-23 18:09:00'),(133,261,'Assets','IRP Cab Card 2021','Cab_Card_at_Renewal.pdf','https://permishare.s3.us-east-2.amazonaws.com/dev/asset-documents/Cab_Card_at_Renewal.pdf','2021-01-01 10:30:00','2021-12-31',1,0,0,29,'2021-08-23 18:10:27',29,'2021-08-23 18:10:27'),(134,261,'Assets','CBP 2021 Transponder Renewal Receipt','2021_CBP_Renewal_Receipt.pdf','https://permishare.s3.us-east-2.amazonaws.com/dev/asset-documents/2021_CBP_Renewal_Receipt.pdf','2020-11-11 10:30:00','2021-12-31',1,0,0,29,'2021-08-23 18:25:38',29,'2021-08-23 18:25:38'),(135,261,'Assets','Emissions Report','e-test_9501.pdf','https://permishare.s3.us-east-2.amazonaws.com/dev/asset-documents/e-test_9501.pdf','2020-12-09 10:30:00','2021-12-09',1,0,0,29,'2021-08-23 18:46:58',29,'2021-08-23 18:46:58'),(136,261,'Assets','NY HUT 23rd Series COR','NY_HUT_COR_9501.pdf','https://permishare.s3.us-east-2.amazonaws.com/dev/asset-documents/NY_HUT_COR_9501.pdf','2019-01-01 10:30:00','2021-12-31',1,0,0,29,'2021-08-23 18:50:41',29,'2021-08-23 18:50:41'),(137,264,'Assets','IRP Cab Card 2022','IRP_Cab_Card_21.pdf','https://permishare.s3.us-east-2.amazonaws.com/dev/asset-documents/IRP_Cab_Card_21.pdf','2021-08-01 09:30:00','2022-07-31',1,0,0,27,'2021-08-23 19:16:19',27,'2021-08-23 19:16:19'),(138,266,'Assets','IRP Cab Card 2022','etest_unit_23.pdf','https://permishare.s3.us-east-2.amazonaws.com/dev/asset-documents/etest_unit_23.pdf','2021-08-01 09:30:00','2022-07-31',1,0,0,27,'2021-08-23 19:16:58',27,'2021-08-23 19:16:58'),(139,268,'Assets','IRP Cab Card 2022','IRP_Cab_Card_25.pdf','https://permishare.s3.us-east-2.amazonaws.com/dev/asset-documents/IRP_Cab_Card_25.pdf','2021-08-01 09:30:00','2022-07-31',1,0,0,27,'2021-08-23 19:17:33',27,'2021-08-23 19:17:33'),(140,264,'Assets','Ownership - Title 21','Ownership_-_Title_21.pdf','https://permishare.s3.us-east-2.amazonaws.com/dev/asset-documents/Ownership_-_Title_21.pdf','2018-12-14 10:30:00',NULL,1,1,0,27,'2021-08-23 19:35:33',27,'2021-08-23 19:35:57'),(141,264,'Assets','Ownership - Title','Ownership_-_Title_21.pdf','https://permishare.s3.us-east-2.amazonaws.com/dev/asset-documents/Ownership_-_Title_21.pdf','2018-12-14 10:30:00',NULL,1,0,0,27,'2021-08-23 19:36:16',27,'2021-08-23 19:36:16'),(142,266,'Assets','Ownership - Title','Ownership_-_Title_23.pdf','https://permishare.s3.us-east-2.amazonaws.com/dev/asset-documents/Ownership_-_Title_23.pdf','2019-08-06 09:30:00',NULL,1,0,0,27,'2021-08-23 19:36:53',27,'2021-08-23 19:36:53'),(143,268,'Assets','Ownership - Title','Ownership_-_Title_25.pdf','https://permishare.s3.us-east-2.amazonaws.com/dev/asset-documents/Ownership_-_Title_25.pdf','2020-11-19 10:30:00',NULL,1,0,0,27,'2021-08-23 19:37:21',27,'2021-08-23 19:37:21'),(144,264,'Assets','Emissions Report','etest_unit_21.pdf','https://permishare.s3.us-east-2.amazonaws.com/dev/asset-documents/etest_unit_21.pdf','2020-11-10 10:30:00','2021-11-10',1,0,0,27,'2021-08-23 19:38:36',27,'2021-08-23 19:38:36'),(145,266,'Assets','Emissions Report','etest_unit_23.pdf','https://permishare.s3.us-east-2.amazonaws.com/dev/asset-documents/etest_unit_23.pdf','2021-07-12 09:30:00','2022-07-12',1,0,0,27,'2021-08-23 19:39:19',27,'2021-08-23 19:39:19'),(146,268,'Assets','Emissions Report','etest_unit_25.pdf','https://permishare.s3.us-east-2.amazonaws.com/dev/asset-documents/etest_unit_25.pdf','2020-10-26 09:30:00','2021-10-26',1,0,0,27,'2021-08-23 19:40:12',27,'2021-08-23 19:40:12'),(147,275,'Assets','IRP Cab Card ','IRP_Cab_Card_307-13.pdf','https://permishare.s3.us-east-2.amazonaws.com/dev/asset-documents/IRP_Cab_Card_307-13.pdf','2021-07-01 09:30:00','2021-06-30',1,1,0,31,'2021-08-24 14:05:50',31,'2021-08-24 14:07:22'),(148,276,'Assets','IRP Cab Card ','IRP_Cab_Card_309-14.pdf','https://permishare.s3.us-east-2.amazonaws.com/dev/asset-documents/IRP_Cab_Card_309-14.pdf','2021-07-01 09:30:00','2022-06-30',1,0,0,31,'2021-08-24 14:07:10',31,'2021-08-24 14:07:10'),(149,275,'Assets','IRP Cab Card ','IRP_Cab_Card_307-13.pdf','https://permishare.s3.us-east-2.amazonaws.com/dev/asset-documents/IRP_Cab_Card_307-13.pdf','2021-07-01 09:30:00','2022-06-30',1,0,0,31,'2021-08-24 14:07:46',31,'2021-08-24 14:07:46'),(150,277,'Assets','IRP Cab Card ','IRP_Cab_Card_311-20.pdf','https://permishare.s3.us-east-2.amazonaws.com/dev/asset-documents/IRP_Cab_Card_311-20.pdf','2021-07-01 09:30:00','2022-06-30',1,0,0,31,'2021-08-24 14:09:11',31,'2021-08-24 14:09:11'),(151,278,'Assets','IRP Cab Card ','IRP_Cab_Card_312-20.pdf','https://permishare.s3.us-east-2.amazonaws.com/dev/asset-documents/IRP_Cab_Card_312-20.pdf','2021-07-01 09:30:00','2022-06-30',1,0,0,31,'2021-08-24 14:10:43',31,'2021-08-24 14:10:43'),(152,279,'Assets','IRP Cab Card ','IRP_Cab_Card_314-19.pdf','https://permishare.s3.us-east-2.amazonaws.com/dev/asset-documents/IRP_Cab_Card_314-19.pdf','2021-07-01 09:30:00','2022-06-30',1,0,0,31,'2021-08-24 14:11:35',31,'2021-08-24 14:11:35'),(153,275,'Assets','Ownership - Title','Ownership_-_Title_307-13.pdf','https://permishare.s3.us-east-2.amazonaws.com/dev/asset-documents/Ownership_-_Title_307-13.pdf','2018-06-19 09:30:00',NULL,1,0,0,31,'2021-08-24 14:14:01',31,'2021-08-24 14:14:01'),(154,276,'Assets','Ownership - Title','Ownership_-_Title_309-14.pdf','https://permishare.s3.us-east-2.amazonaws.com/dev/asset-documents/Ownership_-_Title_309-14.pdf','2018-06-19 09:30:00',NULL,1,0,0,31,'2021-08-24 14:14:54',31,'2021-08-24 14:14:54'),(155,277,'Assets','Ownership - Title','Ownership_-_Title_311-20.pdf','https://permishare.s3.us-east-2.amazonaws.com/dev/asset-documents/Ownership_-_Title_311-20.pdf','2019-06-20 09:30:00',NULL,1,0,0,31,'2021-08-24 14:17:43',31,'2021-08-24 14:17:43'),(156,278,'Assets','Ownership - Title','Ownership_-_Title_312-20.pdf','https://permishare.s3.us-east-2.amazonaws.com/dev/asset-documents/Ownership_-_Title_312-20.pdf','2019-10-21 09:30:00',NULL,1,0,0,31,'2021-08-24 14:18:32',31,'2021-08-24 14:18:32'),(157,279,'Assets','Ownership - Title','Ownership_-_Title_314-19.pdf','https://permishare.s3.us-east-2.amazonaws.com/dev/asset-documents/Ownership_-_Title_314-19.pdf','2020-01-28 10:30:00',NULL,1,0,0,31,'2021-08-24 14:21:04',31,'2021-08-24 14:21:04'),(158,276,'Assets','NM Weight Distance Permit Confirmation','309-14_NM_Weight_Distance_Permit_Confirmation.pdf','https://permishare.s3.us-east-2.amazonaws.com/dev/asset-documents/309-14_NM_Weight_Distance_Permit_Confirmation.pdf','2021-01-01 10:30:00','2021-12-31',1,0,0,31,'2021-08-24 15:11:32',31,'2021-08-24 15:11:32'),(159,277,'Assets','NM Weight Distance Permit Confirmation','311-20_NM_Weight_Distance_Permit_Confirmation.pdf','https://permishare.s3.us-east-2.amazonaws.com/dev/asset-documents/311-20_NM_Weight_Distance_Permit_Confirmation.pdf','2021-01-01 10:30:00','2021-12-31',1,0,0,31,'2021-08-24 15:12:50',31,'2021-08-24 15:12:50'),(160,278,'Assets','NM Weight Distance Permit Confirmation','312-20_NM_Weight_Distance_Permit_Confirmation.pdf','https://permishare.s3.us-east-2.amazonaws.com/dev/asset-documents/312-20_NM_Weight_Distance_Permit_Confirmation.pdf','2021-01-01 10:30:00','2021-12-31',1,0,0,31,'2021-08-24 15:13:50',31,'2021-08-24 15:13:50'),(161,279,'Assets','NM Weight Distance Permit Confirmation','314-19_NM_Weight_Distance_Permit_Confirmation.pdf','https://permishare.s3.us-east-2.amazonaws.com/dev/asset-documents/314-19_NM_Weight_Distance_Permit_Confirmation.pdf','2021-01-01 10:30:00','2021-12-31',1,0,0,31,'2021-08-24 15:14:22',31,'2021-08-24 15:14:22'),(162,272,'Assets','NY HUT 23rd Series COR','NY_HUT_COR_107-18_Plate_Update.pdf','https://permishare.s3.us-east-2.amazonaws.com/dev/asset-documents/NY_HUT_COR_107-18_Plate_Update.pdf','2019-02-01 10:30:00','2021-12-31',1,0,0,31,'2021-08-24 15:16:35',31,'2021-08-24 15:16:35'),(163,273,'Assets','NY HUT 23rd Series COR','NY_HUT_COR_108-18.pdf','https://permishare.s3.us-east-2.amazonaws.com/dev/asset-documents/NY_HUT_COR_108-18.pdf','2019-03-15 09:30:00','2021-12-31',0,0,0,31,'2021-08-24 15:18:45',31,'2021-08-24 15:19:11'),(164,275,'Assets','NY HUT 23rd Series COR','NY_HUT_COR_Renewal.pdf','https://permishare.s3.us-east-2.amazonaws.com/dev/asset-documents/NY_HUT_COR_Renewal.pdf','2019-01-01 10:30:00','2021-12-31',1,0,0,31,'2021-08-24 15:32:20',31,'2021-08-24 15:32:20'),(165,276,'Assets','NY HUT 23rd Series COR','NY_HUT_COR_Renewal.pdf','https://permishare.s3.us-east-2.amazonaws.com/dev/asset-documents/NY_HUT_COR_Renewal.pdf','2019-01-01 10:30:00','2021-12-31',1,0,0,31,'2021-08-24 15:33:00',31,'2021-08-24 15:33:00'),(166,277,'Assets','NY HUT 23rd Series COR','NY_HUT_COR_311-20.pdf','https://permishare.s3.us-east-2.amazonaws.com/dev/asset-documents/NY_HUT_COR_311-20.pdf','2019-06-20 09:30:00','2021-12-31',1,0,0,31,'2021-08-24 15:39:03',31,'2021-08-24 15:39:03'),(167,278,'Assets','NY HUT 23rd Series COR','NY_HUT_COR_312-20_replacement.pdf','https://permishare.s3.us-east-2.amazonaws.com/dev/asset-documents/NY_HUT_COR_312-20_replacement.pdf','2020-08-24 09:30:00','2021-12-31',1,0,0,31,'2021-08-24 15:40:43',31,'2021-08-24 15:40:43'),(168,279,'Assets','NY HUT 23rd Series COR','NY_HUT_COR_314-19.pdf','https://permishare.s3.us-east-2.amazonaws.com/dev/asset-documents/NY_HUT_COR_314-19.pdf','2020-05-13 09:30:00','2021-12-31',1,0,0,31,'2021-08-24 15:41:43',31,'2021-08-24 15:41:43'),(169,272,'Assets','Ownership - Title','reg_107-18.pdf','https://permishare.s3.us-east-2.amazonaws.com/dev/asset-documents/reg_107-18.pdf','2017-12-21 10:30:00',NULL,1,0,0,31,'2021-08-24 15:54:29',31,'2021-08-24 15:54:29'),(170,274,'Assets','Ownership - Title','reg_109-20.pdf','https://permishare.s3.us-east-2.amazonaws.com/dev/asset-documents/reg_109-20.pdf','2020-05-20 09:30:00',NULL,1,0,0,31,'2021-08-24 15:56:46',31,'2021-08-24 15:56:46'),(171,173,'Assets','CBP Transponder Receipt','2021_CBP_Replacement_Receipt_3013.pdf','https://permishare.s3.us-east-2.amazonaws.com/dev/asset-documents/2021_CBP_Replacement_Receipt_3013.pdf','2021-05-05 09:30:00','2021-12-31',1,0,0,13,'2021-08-24 18:43:28',13,'2021-08-24 18:43:28'),(172,174,'Assets','CBP Transponder Receipt','2021_CBP_Renewal_Receipt.pdf','https://permishare.s3.us-east-2.amazonaws.com/dev/asset-documents/2021_CBP_Renewal_Receipt.pdf','2020-11-10 10:30:00','2021-12-31',1,0,0,13,'2021-08-24 18:44:16',13,'2021-08-24 18:44:16'),(173,173,'Assets','IRS Form 2290 Schedule 1 JUL2021','IRS_Form_2290_Schedule_1_JUL2021.pdf','https://permishare.s3.us-east-2.amazonaws.com/dev/asset-documents/IRS_Form_2290_Schedule_1_JUL2021.pdf','2021-07-01 09:30:00','2022-06-30',1,0,0,13,'2021-08-24 18:48:02',13,'2021-08-24 18:48:02'),(174,174,'Assets','IRS Form 2290 Schedule 1 JUL2021','IRS_Form_2290_Schedule_1_JUL2021.pdf','https://permishare.s3.us-east-2.amazonaws.com/dev/asset-documents/IRS_Form_2290_Schedule_1_JUL2021.pdf','2021-07-01 09:30:00','2022-06-30',1,0,0,13,'2021-08-24 18:48:36',13,'2021-08-24 18:48:36'),(175,189,'Assets','Ownership - Title','reg_809051.pdf','https://permishare.s3.us-east-2.amazonaws.com/dev/asset-documents/reg_809051.pdf','2018-05-16 09:30:00',NULL,1,0,0,13,'2021-08-24 18:59:04',13,'2021-08-24 18:59:04'),(176,190,'Assets','Ownership - Title','reg_809052.pdf','https://permishare.s3.us-east-2.amazonaws.com/dev/asset-documents/reg_809052.pdf','2018-05-16 09:30:00',NULL,1,0,0,13,'2021-08-24 18:59:34',13,'2021-08-24 18:59:34'),(177,194,'Assets','Ownership - Title','Ownership_-_Title_880879.pdf','https://permishare.s3.us-east-2.amazonaws.com/dev/asset-documents/Ownership_-_Title_880879.pdf','2019-05-10 09:30:00',NULL,1,0,0,13,'2021-08-24 19:08:16',13,'2021-08-24 19:08:16'),(178,195,'Assets','Ownership - Title','Ownership_-_Title_880880.pdf','https://permishare.s3.us-east-2.amazonaws.com/dev/asset-documents/Ownership_-_Title_880880.pdf','2019-05-24 09:30:00',NULL,1,0,0,13,'2021-08-24 19:08:40',13,'2021-08-24 19:08:40'),(179,196,'Assets','Ownership - Title','Ownership_-_Title_880881.pdf','https://permishare.s3.us-east-2.amazonaws.com/dev/asset-documents/Ownership_-_Title_880881.pdf','2019-05-10 09:30:00',NULL,1,0,0,13,'2021-08-24 19:09:06',13,'2021-08-24 19:09:06'),(180,286,'Assets','CBP Transponder Receipt','CBP_2021_Transponder_Renewal_Receipt_4816.pdf','https://permishare.s3.us-east-2.amazonaws.com/dev/asset-documents/CBP_2021_Transponder_Renewal_Receipt_4816.pdf','2021-03-08 10:30:00','2021-12-31',1,1,0,32,'2021-08-24 19:47:01',32,'2021-08-27 19:34:23'),(181,289,'Assets','CBP Transponder Receipt','CBP_2021_Transponder_Receipt_5804,_5810.pdf','https://permishare.s3.us-east-2.amazonaws.com/dev/asset-documents/CBP_2021_Transponder_Receipt_5804%2C_5810.pdf','2021-07-23 09:30:00','2021-12-31',1,1,0,32,'2021-08-24 19:48:09',32,'2021-08-27 19:39:24'),(182,292,'Assets','CBP Transponder Receipt','CBP_2021_Transponder_Receipt_5804,_5810.pdf','https://permishare.s3.us-east-2.amazonaws.com/dev/asset-documents/CBP_2021_Transponder_Receipt_5804%2C_5810.pdf','2021-07-23 09:30:00','2021-12-31',1,1,0,32,'2021-08-24 19:48:33',32,'2021-08-27 19:44:24'),(183,309,'Assets','Ownership - Title','Ownership_-_Title_6833.pdf','https://permishare.s3.us-east-2.amazonaws.com/dev/asset-documents/Ownership_-_Title_6833.pdf','2019-08-02 09:30:00',NULL,1,0,0,32,'2021-08-24 21:11:52',32,'2021-08-24 21:11:52'),(184,308,'Assets','Ownership - Title','Ownership_-_Title_6832.pdf','https://permishare.s3.us-east-2.amazonaws.com/dev/asset-documents/Ownership_-_Title_6832.pdf','2019-11-20 10:30:00',NULL,1,0,0,32,'2021-08-24 21:12:21',32,'2021-08-24 21:12:21'),(185,307,'Assets','Ownership - Title','Ownership_-_Title_6831.pdf','https://permishare.s3.us-east-2.amazonaws.com/dev/asset-documents/Ownership_-_Title_6831.pdf','2018-10-30 09:30:00',NULL,1,0,0,32,'2021-08-24 21:12:49',32,'2021-08-24 21:12:49'),(186,306,'Assets','Ownership - Title','Ownership_-_Title_6830.pdf','https://permishare.s3.us-east-2.amazonaws.com/dev/asset-documents/Ownership_-_Title_6830.pdf','2018-10-30 09:30:00',NULL,1,0,0,32,'2021-08-24 21:13:12',32,'2021-08-24 21:13:12'),(187,305,'Assets','Ownership - Title','Ownership_-_Title_6828.pdf','https://permishare.s3.us-east-2.amazonaws.com/dev/asset-documents/Ownership_-_Title_6828.pdf','2019-03-15 09:30:00',NULL,1,0,0,32,'2021-08-24 21:13:37',32,'2021-08-24 21:13:37'),(188,304,'Assets','Ownership - Title','Ownership_-_Title_6827.pdf','https://permishare.s3.us-east-2.amazonaws.com/dev/asset-documents/Ownership_-_Title_6827.pdf','2019-11-08 10:30:00',NULL,1,0,0,32,'2021-08-24 21:14:01',32,'2021-08-24 21:14:01'),(189,303,'Assets','Ownership - Title','Ownership_-_Title_6826.pdf','https://permishare.s3.us-east-2.amazonaws.com/dev/asset-documents/Ownership_-_Title_6826.pdf','2018-10-30 09:30:00',NULL,1,0,0,32,'2021-08-24 21:14:22',32,'2021-08-24 21:14:22'),(190,302,'Assets','Ownership - Title','Ownership_-_Title_6825.pdf','https://permishare.s3.us-east-2.amazonaws.com/dev/asset-documents/Ownership_-_Title_6825.pdf','2019-06-21 09:30:00',NULL,1,0,0,32,'2021-08-24 21:14:43',32,'2021-08-24 21:14:43'),(191,301,'Assets','Ownership - Title','Ownership_-_Title_6824.pdf','https://permishare.s3.us-east-2.amazonaws.com/dev/asset-documents/Ownership_-_Title_6824.pdf','2020-01-23 10:30:00',NULL,1,0,0,32,'2021-08-24 21:15:12',32,'2021-08-24 21:15:12'),(192,300,'Assets','Ownership - Title','Ownership_-_Title_6823.pdf','https://permishare.s3.us-east-2.amazonaws.com/dev/asset-documents/Ownership_-_Title_6823.pdf','2018-01-12 10:30:00',NULL,1,0,0,32,'2021-08-24 21:15:35',32,'2021-08-24 21:15:35'),(193,299,'Assets','Ownership - Title','Ownership_-_Title_6822.pdf','https://permishare.s3.us-east-2.amazonaws.com/dev/asset-documents/Ownership_-_Title_6822.pdf','2019-05-10 09:30:00',NULL,1,0,0,32,'2021-08-24 21:15:54',32,'2021-08-24 21:15:54'),(194,298,'Assets','Ownership - Title','Ownership_-_Title_6821.pdf','https://permishare.s3.us-east-2.amazonaws.com/dev/asset-documents/Ownership_-_Title_6821.pdf','2018-01-29 10:30:00',NULL,1,0,0,32,'2021-08-24 21:16:12',32,'2021-08-24 21:16:12'),(195,297,'Assets','Ownership - Title','Ownership_-_Title_6820.pdf','https://permishare.s3.us-east-2.amazonaws.com/dev/asset-documents/Ownership_-_Title_6820.pdf','2018-01-29 10:30:00',NULL,1,0,0,32,'2021-08-24 21:16:32',32,'2021-08-24 21:16:32'),(196,296,'Assets','Ownership - Title','Ownership_-_Title_6819.pdf','https://permishare.s3.us-east-2.amazonaws.com/dev/asset-documents/Ownership_-_Title_6819.pdf','2019-08-02 09:30:00',NULL,1,0,0,32,'2021-08-24 21:16:54',32,'2021-08-24 21:16:54'),(197,295,'Assets','Ownership - Title','Ownership_-_Title_6818.pdf','https://permishare.s3.us-east-2.amazonaws.com/dev/asset-documents/Ownership_-_Title_6818.pdf','2020-03-16 09:30:00',NULL,1,0,0,32,'2021-08-24 21:17:14',32,'2021-08-24 21:17:14'),(198,294,'Assets','Ownership - Title','Ownership_-_Title_6816.pdf','https://permishare.s3.us-east-2.amazonaws.com/dev/asset-documents/Ownership_-_Title_6816.pdf','2017-08-11 09:30:00',NULL,1,0,0,32,'2021-08-24 21:17:35',32,'2021-08-24 21:17:35'),(199,293,'Assets','Ownership - Title','Ownership_-_Title_6802.pdf','https://permishare.s3.us-east-2.amazonaws.com/dev/asset-documents/Ownership_-_Title_6802.pdf','2019-03-15 09:30:00',NULL,1,0,0,32,'2021-08-24 21:17:59',32,'2021-08-24 21:17:59'),(200,292,'Assets','Ownership - Title','Ownership_-_Title_5810.pdf','https://permishare.s3.us-east-2.amazonaws.com/dev/asset-documents/Ownership_-_Title_5810.pdf','2021-07-22 09:30:00',NULL,1,0,0,32,'2021-08-24 21:18:49',32,'2021-08-24 21:18:49'),(201,291,'Assets','Ownership - Title','Ownership_-_Title_5809.pdf','https://permishare.s3.us-east-2.amazonaws.com/dev/asset-documents/Ownership_-_Title_5809.pdf','2019-05-01 09:30:00',NULL,1,0,0,32,'2021-08-24 21:19:10',32,'2021-08-24 21:19:10'),(202,290,'Assets','Ownership - Title','Ownership_-_Title_5808.pdf','https://permishare.s3.us-east-2.amazonaws.com/dev/asset-documents/Ownership_-_Title_5808.pdf','2019-05-09 09:30:00',NULL,1,0,0,32,'2021-08-24 21:19:33',32,'2021-08-24 21:19:33'),(203,289,'Assets','Ownership - Title','Ownership_-_Title_5804.pdf','https://permishare.s3.us-east-2.amazonaws.com/dev/asset-documents/Ownership_-_Title_5804.pdf','2021-07-22 09:30:00',NULL,1,0,0,32,'2021-08-24 21:20:03',32,'2021-08-24 21:20:03'),(204,288,'Assets','Ownership - Title','Ownership_-_Title_5802.pdf','https://permishare.s3.us-east-2.amazonaws.com/dev/asset-documents/Ownership_-_Title_5802.pdf','2019-05-01 09:30:00',NULL,1,0,0,32,'2021-08-24 21:20:20',32,'2021-08-24 21:20:20'),(205,287,'Assets','Ownership - Title','Ownership_-_Title_5801.pdf','https://permishare.s3.us-east-2.amazonaws.com/dev/asset-documents/Ownership_-_Title_5801.pdf','2019-11-08 10:30:00',NULL,1,0,0,32,'2021-08-24 21:20:47',32,'2021-08-24 21:20:47'),(206,286,'Assets','Ownership - Title','Ownership_-_Title_4816.pdf','https://permishare.s3.us-east-2.amazonaws.com/dev/asset-documents/Ownership_-_Title_4816.pdf','2021-03-11 10:30:00',NULL,1,0,0,32,'2021-08-24 21:21:17',32,'2021-08-24 21:21:17'),(207,285,'Assets','Ownership - Title','Ownership_-_Title_204.pdf','https://permishare.s3.us-east-2.amazonaws.com/dev/asset-documents/Ownership_-_Title_204.pdf','2017-04-03 09:30:00',NULL,1,0,0,32,'2021-08-24 21:21:40',32,'2021-08-24 21:21:40'),(208,284,'Assets','Ownership - Title','Ownership_-_Title_203.pdf','https://permishare.s3.us-east-2.amazonaws.com/dev/asset-documents/Ownership_-_Title_203.pdf','2017-04-03 09:30:00',NULL,1,0,0,32,'2021-08-24 21:22:06',32,'2021-08-24 21:22:06'),(209,282,'Assets','Ownership - Title','Ownership_-_Title_102.pdf','https://permishare.s3.us-east-2.amazonaws.com/dev/asset-documents/Ownership_-_Title_102.pdf','2017-04-03 09:30:00',NULL,1,0,0,32,'2021-08-24 21:22:34',32,'2021-08-24 21:22:34'),(210,283,'Assets','Ownership - Title','Ownership_-_Title_103.pdf','https://permishare.s3.us-east-2.amazonaws.com/dev/asset-documents/Ownership_-_Title_103.pdf','2018-10-19 09:30:00',NULL,1,0,0,32,'2021-08-24 21:24:32',32,'2021-08-24 21:24:32'),(211,286,'Assets','NM Weight Distance Permit','NM_2021_WD_Permit_Confirmation_4816.pdf','https://permishare.s3.us-east-2.amazonaws.com/dev/asset-documents/NM_2021_WD_Permit_Confirmation_4816.pdf','2021-03-24 09:30:00','2021-12-31',1,1,0,32,'2021-08-27 17:54:48',32,'2021-08-27 19:36:03'),(212,290,'Assets','NM Weight Distance Permit','NM_2021_WD_Permit_Confirmation_5808.pdf','https://permishare.s3.us-east-2.amazonaws.com/dev/asset-documents/NM_2021_WD_Permit_Confirmation_5808.pdf','2021-01-19 10:30:00','2021-12-31',1,1,0,32,'2021-08-27 17:55:40',32,'2021-08-27 17:58:57'),(213,290,'Assets','NM 2021 Weight Distance Permit 5808','NM_2021_Weight_Distance_Permit_5808.pdf','https://permishare.s3.us-east-2.amazonaws.com/dev/asset-documents/NM_2021_Weight_Distance_Permit_5808.pdf','2021-01-19 10:30:00','2021-12-31',1,1,0,32,'2021-08-27 17:59:44',32,'2021-08-27 19:41:46'),(214,292,'Assets','NM 2021 Weight Distance Permit 5810','NM_2021_Weight_Distance_Permit_5810.pdf','https://permishare.s3.us-east-2.amazonaws.com/dev/asset-documents/NM_2021_Weight_Distance_Permit_5810.pdf','2021-07-26 09:30:00','2021-12-31',1,1,0,32,'2021-08-27 18:00:25',32,'2021-08-27 19:45:43'),(215,282,'Assets','Apportioned Cab Card','Cab_Cards_at_Renewal_1.pdf','https://permishare.s3.us-east-2.amazonaws.com/dev/asset-documents/Cab_Cards_at_Renewal_1.pdf','2021-04-01 09:30:00','2022-03-31',1,1,0,32,'2021-08-27 18:14:25',32,'2021-08-27 19:12:27'),(216,283,'Assets','Apportioned Cab Card','Cab_Cards_at_Renewal_2.pdf','https://permishare.s3.us-east-2.amazonaws.com/dev/asset-documents/Cab_Cards_at_Renewal_2.pdf','2021-04-01 09:30:00','2022-03-31',1,1,0,32,'2021-08-27 18:15:17',32,'2021-08-27 19:21:23'),(217,284,'Assets','Apportioned Cab Card','Cab_Cards_at_Renewal_3.pdf','https://permishare.s3.us-east-2.amazonaws.com/dev/asset-documents/Cab_Cards_at_Renewal_3.pdf','2021-04-01 09:30:00','2022-03-31',1,1,0,32,'2021-08-27 18:26:01',32,'2021-08-27 19:22:29'),(218,285,'Assets','Apportioned Cab Card','Cab_Cards_at_Renewal_4.pdf','https://permishare.s3.us-east-2.amazonaws.com/dev/asset-documents/Cab_Cards_at_Renewal_4.pdf','2021-04-01 09:30:00','2022-03-31',1,1,0,32,'2021-08-27 18:29:44',32,'2021-08-27 19:24:14'),(219,286,'Assets','Apportioned Cab Card','Cab_Cards_at_Renewal_5.pdf','https://permishare.s3.us-east-2.amazonaws.com/dev/asset-documents/Cab_Cards_at_Renewal_5.pdf','2021-04-01 09:30:00','2022-03-31',1,1,0,32,'2021-08-27 18:30:35',32,'2021-08-27 19:25:05'),(220,287,'Assets','Apportioned Cab Card','Cab_Cards_at_Renewal_6.pdf','https://permishare.s3.us-east-2.amazonaws.com/dev/asset-documents/Cab_Cards_at_Renewal_6.pdf','2021-03-01 10:30:00','2022-03-31',1,1,0,32,'2021-08-27 18:33:02',32,'2021-08-27 19:25:48'),(221,289,'Assets','Apportioned Cab Card','Cab_Cards_at_Renewal_7.pdf','https://permishare.s3.us-east-2.amazonaws.com/dev/asset-documents/Cab_Cards_at_Renewal_7.pdf','2021-04-01 09:30:00','2022-03-31',1,1,0,32,'2021-08-27 18:33:40',32,'2021-08-27 18:34:12'),(222,288,'Assets','Apportioned Cab Card','Cab_Cards_at_Renewal_7.pdf','https://permishare.s3.us-east-2.amazonaws.com/dev/asset-documents/Cab_Cards_at_Renewal_7.pdf','2021-04-01 09:30:00','2022-03-31',1,1,0,32,'2021-08-27 18:35:04',32,'2021-08-27 19:26:20'),(223,290,'Assets','Apportioned Cab Card','Cab_Cards_at_Renewal_8.pdf','https://permishare.s3.us-east-2.amazonaws.com/dev/asset-documents/Cab_Cards_at_Renewal_8.pdf','2021-04-01 09:30:00','2022-03-31',1,1,0,32,'2021-08-27 18:35:53',32,'2021-08-27 19:27:21'),(224,291,'Assets','Apportioned Cab Card','Cab_Cards_at_Renewal_9.pdf','https://permishare.s3.us-east-2.amazonaws.com/dev/asset-documents/Cab_Cards_at_Renewal_9.pdf','2021-04-01 09:30:00','2022-03-31',1,1,0,32,'2021-08-27 18:36:33',32,'2021-08-27 19:28:22'),(225,292,'Assets','Apportioned Cab Card','Cab_Card_5810.pdf','https://permishare.s3.us-east-2.amazonaws.com/dev/asset-documents/Cab_Card_5810.pdf','2021-07-21 09:30:00','2022-03-31',1,1,0,32,'2021-08-27 18:39:20',32,'2021-08-27 19:21:32'),(226,289,'Assets','Apportioned Cab Card','Cab_Card_5804.pdf','https://permishare.s3.us-east-2.amazonaws.com/dev/asset-documents/Cab_Card_5804.pdf','2021-07-20 09:30:00','2022-03-31',1,1,0,32,'2021-08-27 18:40:29',32,'2021-08-27 19:32:28'),(227,293,'Assets','Apportioned Cab Card','Cab_Cards_at_Renewal_10.pdf','https://permishare.s3.us-east-2.amazonaws.com/dev/asset-documents/Cab_Cards_at_Renewal_10.pdf','2021-04-01 09:30:00','2022-03-31',1,1,0,32,'2021-08-27 18:44:48',32,'2021-08-27 19:21:26'),(228,294,'Assets','Apportioned Cab Card','Cab_Cards_at_Renewal_11.pdf','https://permishare.s3.us-east-2.amazonaws.com/dev/asset-documents/Cab_Cards_at_Renewal_11.pdf','2021-04-01 09:30:00','2022-03-31',1,1,0,32,'2021-08-27 18:45:50',32,'2021-08-27 19:21:21'),(229,295,'Assets','Apportioned Cab Card','Cab_Cards_at_Renewal_12.pdf','https://permishare.s3.us-east-2.amazonaws.com/dev/asset-documents/Cab_Cards_at_Renewal_12.pdf','2021-04-01 09:30:00','2022-03-31',1,1,0,32,'2021-08-27 18:46:30',32,'2021-08-27 19:21:16'),(230,296,'Assets','Apportioned Cab Card','Cab_Cards_at_Renewal_13.pdf','https://permishare.s3.us-east-2.amazonaws.com/dev/asset-documents/Cab_Cards_at_Renewal_13.pdf','2021-04-01 09:30:00','2022-03-31',1,1,0,32,'2021-08-27 18:47:09',32,'2021-08-27 19:21:10'),(231,297,'Assets','Apportioned Cab Card','Cab_Cards_at_Renewal_14.pdf','https://permishare.s3.us-east-2.amazonaws.com/dev/asset-documents/Cab_Cards_at_Renewal_14.pdf','2021-04-01 09:30:00','2022-03-31',1,1,0,32,'2021-08-27 18:47:43',32,'2021-08-27 19:21:04'),(232,298,'Assets','Apportioned Cab Card','Cab_Cards_at_Renewal_15.pdf','https://permishare.s3.us-east-2.amazonaws.com/dev/asset-documents/Cab_Cards_at_Renewal_15.pdf','2021-04-01 09:30:00','2022-03-31',1,1,0,32,'2021-08-27 18:48:16',32,'2021-08-27 19:20:59'),(233,299,'Assets','Apportioned Cab Card','Cab_Cards_at_Renewal_16.pdf','https://permishare.s3.us-east-2.amazonaws.com/dev/asset-documents/Cab_Cards_at_Renewal_16.pdf','2021-04-01 09:30:00','2022-03-31',1,1,0,32,'2021-08-27 18:49:00',32,'2021-08-27 19:20:55'),(234,300,'Assets','Apportioned Cab Card','Cab_Cards_at_Renewal_17.pdf','https://permishare.s3.us-east-2.amazonaws.com/dev/asset-documents/Cab_Cards_at_Renewal_17.pdf','2021-04-01 09:30:00','2022-03-31',1,1,0,32,'2021-08-27 18:49:40',32,'2021-08-27 19:20:48'),(235,301,'Assets','Apportioned Cab Card','Cab_Cards_at_Renewal_18.pdf','https://permishare.s3.us-east-2.amazonaws.com/dev/asset-documents/Cab_Cards_at_Renewal_18.pdf','2021-04-01 09:30:00','2022-03-31',1,1,0,32,'2021-08-27 18:51:47',32,'2021-08-27 19:20:43'),(236,302,'Assets','Apportioned Cab Card','Cab_Cards_at_Renewal_19.pdf','https://permishare.s3.us-east-2.amazonaws.com/dev/asset-documents/Cab_Cards_at_Renewal_19.pdf','2021-04-01 09:30:00','2022-03-31',1,1,0,32,'2021-08-27 18:52:18',32,'2021-08-27 19:20:38'),(237,303,'Assets','Apportioned Cab Card','Cab_Cards_at_Renewal_20.pdf','https://permishare.s3.us-east-2.amazonaws.com/dev/asset-documents/Cab_Cards_at_Renewal_20.pdf','2021-04-01 09:30:00','2022-03-31',1,1,0,32,'2021-08-27 18:52:49',32,'2021-08-27 19:19:57'),(238,304,'Assets','Apportioned Cab Card','Cab_Cards_at_Renewal_21.pdf','https://permishare.s3.us-east-2.amazonaws.com/dev/asset-documents/Cab_Cards_at_Renewal_21.pdf','2021-04-01 09:30:00','2022-03-31',1,1,0,32,'2021-08-27 18:53:38',32,'2021-08-27 19:19:26'),(239,31,'Assets','Apportioned Cab Card','Cab_Card_5810.pdf','https://permishare.s3.us-east-2.amazonaws.com/dev/asset-documents/Cab_Card_5810.pdf','2021-08-27 09:30:00','2021-08-28',0,0,0,4,'2021-08-27 18:56:54',4,'2021-09-29 11:42:52'),(240,282,'Assets','Apportioned Cab Card','Cab_Cards_at_Renewal_1.pdf','https://permishare.s3.us-east-2.amazonaws.com/dev/asset-documents/Cab_Cards_at_Renewal_1.pdf','2021-04-01 09:30:00',NULL,1,0,0,32,'2021-08-27 19:11:45',32,'2021-08-27 19:11:45'),(241,309,'Assets','Apportioned Cab Card','Cab_Cards_at_Renewal_26.pdf','https://permishare.s3.us-east-2.amazonaws.com/dev/asset-documents/Cab_Cards_at_Renewal_26.pdf','2021-04-01 09:30:00',NULL,1,0,0,32,'2021-08-27 19:16:40',32,'2021-08-27 19:16:40'),(242,308,'Assets','Apportioned Cab Card','Cab_Cards_at_Renewal_25.pdf','https://permishare.s3.us-east-2.amazonaws.com/dev/asset-documents/Cab_Cards_at_Renewal_25.pdf','2021-04-01 09:30:00',NULL,1,0,0,32,'2021-08-27 19:17:03',32,'2021-08-27 19:17:03'),(243,307,'Assets','Apportioned Cab Card','Cab_Cards_at_Renewal_24.pdf','https://permishare.s3.us-east-2.amazonaws.com/dev/asset-documents/Cab_Cards_at_Renewal_24.pdf','2021-04-01 09:30:00',NULL,1,0,0,32,'2021-08-27 19:18:17',32,'2021-08-27 19:18:17'),(244,306,'Assets','Apportioned Cab Card','Cab_Cards_at_Renewal_23.pdf','https://permishare.s3.us-east-2.amazonaws.com/dev/asset-documents/Cab_Cards_at_Renewal_23.pdf','2021-04-01 09:30:00',NULL,1,0,0,32,'2021-08-27 19:18:42',32,'2021-08-27 19:18:42'),(245,305,'Assets','Apportioned Cab Card','Cab_Cards_at_Renewal_22.pdf','https://permishare.s3.us-east-2.amazonaws.com/dev/asset-documents/Cab_Cards_at_Renewal_22.pdf','2021-04-01 09:30:00',NULL,1,0,0,32,'2021-08-27 19:19:17',32,'2021-08-27 19:19:17'),(246,304,'Assets','Apportioned Cab Card','Cab_Cards_at_Renewal_21.pdf','https://permishare.s3.us-east-2.amazonaws.com/dev/asset-documents/Cab_Cards_at_Renewal_21.pdf','2021-04-01 09:30:00',NULL,1,0,0,32,'2021-08-27 19:19:51',32,'2021-08-27 19:19:51'),(247,303,'Assets','Apportioned Cab Card','Cab_Cards_at_Renewal_20.pdf','https://permishare.s3.us-east-2.amazonaws.com/dev/asset-documents/Cab_Cards_at_Renewal_20.pdf','2021-04-01 09:30:00',NULL,1,0,0,32,'2021-08-27 19:20:27',32,'2021-08-27 19:20:27'),(248,283,'Assets','Apportioned Cab Card	','Cab_Cards_at_Renewal_2.pdf','https://permishare.s3.us-east-2.amazonaws.com/dev/asset-documents/Cab_Cards_at_Renewal_2.pdf','2021-04-01 09:30:00',NULL,1,0,0,32,'2021-08-27 19:21:18',32,'2021-08-27 19:21:18'),(249,284,'Assets','Apportioned Cab Card	','Cab_Cards_at_Renewal_3.pdf','https://permishare.s3.us-east-2.amazonaws.com/dev/asset-documents/Cab_Cards_at_Renewal_3.pdf','2021-04-01 09:30:00',NULL,1,0,0,32,'2021-08-27 19:22:21',32,'2021-08-27 19:22:21'),(250,302,'Assets','Apportioned Cab Card','Cab_Cards_at_Renewal_19.pdf','https://permishare.s3.us-east-2.amazonaws.com/dev/asset-documents/Cab_Cards_at_Renewal_19.pdf','2021-04-01 09:30:00',NULL,1,0,0,32,'2021-08-27 19:22:51',32,'2021-08-27 19:22:51'),(251,301,'Assets','Apportioned Cab Card','Cab_Cards_at_Renewal_18.pdf','https://permishare.s3.us-east-2.amazonaws.com/dev/asset-documents/Cab_Cards_at_Renewal_18.pdf','2021-04-01 09:30:00',NULL,1,0,0,32,'2021-08-27 19:23:25',32,'2021-08-27 19:23:25'),(252,300,'Assets','Apportioned Cab Card','Cab_Cards_at_Renewal_17.pdf','https://permishare.s3.us-east-2.amazonaws.com/dev/asset-documents/Cab_Cards_at_Renewal_17.pdf','2021-04-01 09:30:00',NULL,1,0,0,32,'2021-08-27 19:23:53',32,'2021-08-27 19:23:53'),(253,285,'Assets','Apportioned Cab Card	','Cab_Cards_at_Renewal_4.pdf','https://permishare.s3.us-east-2.amazonaws.com/dev/asset-documents/Cab_Cards_at_Renewal_4.pdf','2021-04-01 09:30:00',NULL,1,0,0,32,'2021-08-27 19:24:09',32,'2021-08-27 19:24:09'),(254,299,'Assets','Apportioned Cab Card','Cab_Cards_at_Renewal_16.pdf','https://permishare.s3.us-east-2.amazonaws.com/dev/asset-documents/Cab_Cards_at_Renewal_16.pdf','2021-04-01 09:30:00',NULL,1,0,0,32,'2021-08-27 19:24:17',32,'2021-08-27 19:24:17'),(255,286,'Assets','Apportioned Cab Card	','Cab_Cards_at_Renewal_5.pdf','https://permishare.s3.us-east-2.amazonaws.com/dev/asset-documents/Cab_Cards_at_Renewal_5.pdf','2021-04-01 09:30:00',NULL,1,0,0,32,'2021-08-27 19:24:58',32,'2021-08-27 19:24:58'),(256,298,'Assets','Apportioned Cab Card','Cab_Cards_at_Renewal_15.pdf','https://permishare.s3.us-east-2.amazonaws.com/dev/asset-documents/Cab_Cards_at_Renewal_15.pdf','2021-04-01 09:30:00',NULL,1,0,0,32,'2021-08-27 19:25:06',32,'2021-08-27 19:25:06'),(257,287,'Assets','Apportioned Cab Card	','Cab_Cards_at_Renewal_6.pdf','https://permishare.s3.us-east-2.amazonaws.com/dev/asset-documents/Cab_Cards_at_Renewal_6.pdf','2021-04-01 09:30:00',NULL,1,0,0,32,'2021-08-27 19:25:42',32,'2021-08-27 19:25:42'),(258,297,'Assets','Apportioned Cab Card','Cab_Cards_at_Renewal_14.pdf','https://permishare.s3.us-east-2.amazonaws.com/dev/asset-documents/Cab_Cards_at_Renewal_14.pdf','2021-04-01 09:30:00',NULL,1,0,0,32,'2021-08-27 19:25:58',32,'2021-08-27 19:25:58'),(259,288,'Assets','Apportioned Cab Card	','Cab_Cards_at_Renewal_7.pdf','https://permishare.s3.us-east-2.amazonaws.com/dev/asset-documents/Cab_Cards_at_Renewal_7.pdf','2021-04-01 09:30:00',NULL,1,0,0,32,'2021-08-27 19:26:10',32,'2021-08-27 19:26:10'),(260,296,'Assets','Apportioned Cab Card','Cab_Cards_at_Renewal_13.pdf','https://permishare.s3.us-east-2.amazonaws.com/dev/asset-documents/Cab_Cards_at_Renewal_13.pdf','2021-04-01 09:30:00',NULL,1,0,0,32,'2021-08-27 19:26:49',32,'2021-08-27 19:26:49'),(261,290,'Assets','Apportioned Cab Card	','Cab_Cards_at_Renewal_8.pdf','https://permishare.s3.us-east-2.amazonaws.com/dev/asset-documents/Cab_Cards_at_Renewal_8.pdf','2021-04-01 09:30:00',NULL,1,0,0,32,'2021-08-27 19:27:07',32,'2021-08-27 19:27:07'),(262,295,'Assets','Apportioned Cab Card','Cab_Cards_at_Renewal_12.pdf','https://permishare.s3.us-east-2.amazonaws.com/dev/asset-documents/Cab_Cards_at_Renewal_12.pdf','2021-04-01 09:30:00',NULL,1,0,0,32,'2021-08-27 19:27:24',32,'2021-08-27 19:27:24'),(263,294,'Assets','Apportioned Cab Card','Cab_Cards_at_Renewal_11.pdf','https://permishare.s3.us-east-2.amazonaws.com/dev/asset-documents/Cab_Cards_at_Renewal_11.pdf','2021-04-01 09:30:00',NULL,1,0,0,32,'2021-08-27 19:27:52',32,'2021-08-27 19:27:52'),(264,291,'Assets','Apportioned Cab Card	','Cab_Cards_at_Renewal_9.pdf','https://permishare.s3.us-east-2.amazonaws.com/dev/asset-documents/Cab_Cards_at_Renewal_9.pdf','2021-04-01 09:30:00',NULL,1,0,0,32,'2021-08-27 19:28:07',32,'2021-08-27 19:28:07'),(265,293,'Assets','Apportioned Cab Card','Cab_Cards_at_Renewal_10.pdf','https://permishare.s3.us-east-2.amazonaws.com/dev/asset-documents/Cab_Cards_at_Renewal_10.pdf','2021-04-01 09:30:00',NULL,1,0,0,32,'2021-08-27 19:28:13',32,'2021-08-27 19:28:13'),(266,292,'Assets','Apportioned Cab Card	','Cab_Cards_at_Renewal_10.pdf','https://permishare.s3.us-east-2.amazonaws.com/dev/asset-documents/Cab_Cards_at_Renewal_10.pdf','2021-04-01 09:30:00',NULL,1,1,0,32,'2021-08-27 19:28:36',32,'2021-08-27 19:29:16'),(267,292,'Assets','Apportioned Cab Card	','Cab_Card_5810.pdf','https://permishare.s3.us-east-2.amazonaws.com/dev/asset-documents/Cab_Card_5810.pdf','2021-04-01 09:30:00',NULL,1,0,0,32,'2021-08-27 19:30:10',32,'2021-08-27 19:30:10'),(268,289,'Assets','Apportioned Cab Card	','Cab_Card_5804.pdf','https://permishare.s3.us-east-2.amazonaws.com/dev/asset-documents/Cab_Card_5804.pdf','2021-04-01 09:30:00',NULL,1,1,0,32,'2021-08-27 19:32:12',32,'2021-08-27 19:33:04'),(269,289,'Assets','Apportioned Cab Card	','Cab_Card_5804.pdf','https://permishare.s3.us-east-2.amazonaws.com/dev/asset-documents/Cab_Card_5804.pdf','2021-07-20 09:30:00',NULL,1,0,0,32,'2021-08-27 19:32:56',32,'2021-08-27 19:32:56'),(270,286,'Assets','CBP Transponder Receipt','CBP_2021_Transponder_Renewal_Receipt_4816.pdf','https://permishare.s3.us-east-2.amazonaws.com/dev/asset-documents/CBP_2021_Transponder_Renewal_Receipt_4816.pdf','2021-03-08 10:30:00',NULL,1,1,0,32,'2021-08-27 19:35:39',32,'2021-08-27 20:10:07'),(271,286,'Assets','NM Weight Distance Permit','NM_2021_Weight_Distance_Permit_4816.pdf','https://permishare.s3.us-east-2.amazonaws.com/dev/asset-documents/NM_2021_Weight_Distance_Permit_4816.pdf','2021-03-24 09:30:00',NULL,1,1,0,32,'2021-08-27 19:37:26',32,'2021-08-27 19:42:45'),(272,289,'Assets','CBP Transponder Receipt','CBP_2021_Transponder_Receipt_5804,_5810.pdf','https://permishare.s3.us-east-2.amazonaws.com/dev/asset-documents/CBP_2021_Transponder_Receipt_5804%2C_5810.pdf','2021-08-09 09:30:00',NULL,1,1,0,32,'2021-08-27 19:40:12',32,'2021-08-27 19:40:31'),(273,289,'Assets','CBP Transponder Receipt 2021','CBP_2021_Transponder_Receipt_5804,_5810.pdf','https://permishare.s3.us-east-2.amazonaws.com/dev/asset-documents/CBP_2021_Transponder_Receipt_5804%2C_5810.pdf','2021-08-09 09:30:00',NULL,1,0,0,32,'2021-08-27 19:41:20',32,'2021-08-27 19:41:20'),(274,290,'Assets','NM Weight Distance Permit 2021','NM_2021_Weight_Distance_Permit_5808.pdf','https://permishare.s3.us-east-2.amazonaws.com/dev/asset-documents/NM_2021_Weight_Distance_Permit_5808.pdf','2021-01-19 10:30:00',NULL,1,0,0,32,'2021-08-27 19:42:25',32,'2021-08-27 19:42:25'),(275,286,'Assets','NM Weight Distance Permit 2021','NM_2021_Weight_Distance_Permit_4816.pdf','https://permishare.s3.us-east-2.amazonaws.com/dev/asset-documents/NM_2021_Weight_Distance_Permit_4816.pdf','2021-03-24 09:30:00',NULL,1,0,0,32,'2021-08-27 19:43:01',32,'2021-08-27 19:43:01'),(276,290,'Assets','CBP Transponder Receipt 2021','2019_CBP_Transponder_Receipt_5808.pdf','https://permishare.s3.us-east-2.amazonaws.com/dev/asset-documents/2019_CBP_Transponder_Receipt_5808.pdf','2021-01-19 10:30:00',NULL,1,0,0,32,'2021-08-27 19:44:09',32,'2021-08-27 19:44:09'),(277,292,'Assets','CBP Transponder Receipt 2021','CBP_2021_Transponder_Receipt_5804,_5810.pdf','https://permishare.s3.us-east-2.amazonaws.com/dev/asset-documents/CBP_2021_Transponder_Receipt_5804%2C_5810.pdf','2021-08-09 09:30:00',NULL,1,0,0,32,'2021-08-27 19:44:44',32,'2021-08-27 19:44:44'),(278,292,'Assets','NM Weight Distance Permit 2021','NM_2021_Weight_Distance_Permit_5810.pdf','https://permishare.s3.us-east-2.amazonaws.com/dev/asset-documents/NM_2021_Weight_Distance_Permit_5810.pdf','2021-07-26 09:30:00',NULL,1,0,0,32,'2021-08-27 19:46:02',32,'2021-08-27 19:46:02'),(279,310,'Assets','Ownership / Title','Ownership_-_Title_102.pdf','https://permishare.s3.us-east-2.amazonaws.com/dev/asset-documents/Ownership_-_Title_102.pdf','2017-04-03 09:30:00',NULL,1,0,0,32,'2021-08-27 19:55:18',32,'2021-08-27 19:55:18'),(280,309,'Assets','CBP Transponder Receipt 2021','CBP_Transponder_Receipt_2021_6833.pdf','https://permishare.s3.us-east-2.amazonaws.com/dev/asset-documents/CBP_Transponder_Receipt_2021_6833.pdf','2020-11-10 10:30:00',NULL,1,0,0,32,'2021-08-27 19:59:19',32,'2021-08-27 19:59:19'),(281,308,'Assets','CBP Transponder Receipt 2021','CBP_2021_Transponder_Replacement_Receipt_6832.pdf','https://permishare.s3.us-east-2.amazonaws.com/dev/asset-documents/CBP_2021_Transponder_Replacement_Receipt_6832.pdf','2021-03-26 09:30:00',NULL,1,0,0,32,'2021-08-27 20:00:40',32,'2021-08-27 20:00:40'),(282,287,'Assets','CBP Transponder Receipt 2021','CBP_2021_Transponder_Receipt_5801.pdf','https://permishare.s3.us-east-2.amazonaws.com/dev/asset-documents/CBP_2021_Transponder_Receipt_5801.pdf','2021-05-25 09:30:00',NULL,1,0,0,32,'2021-08-27 20:05:54',32,'2021-08-27 20:05:54'),(283,305,'Assets','CBP Transponder Receipt 2021','CBP_2021_Transponder_Receipt_6828.pdf','https://permishare.s3.us-east-2.amazonaws.com/dev/asset-documents/CBP_2021_Transponder_Receipt_6828.pdf','2021-08-09 09:30:00',NULL,1,0,0,32,'2021-08-27 20:06:47',32,'2021-08-27 20:06:47'),(284,286,'Assets','CBP Transponder Receipt 2021','CBP_2021_Transponder_Renewal_Receipt_4816.pdf','https://permishare.s3.us-east-2.amazonaws.com/dev/asset-documents/CBP_2021_Transponder_Renewal_Receipt_4816.pdf','2021-03-08 10:30:00',NULL,1,0,0,32,'2021-08-27 20:09:58',32,'2021-08-27 20:09:58'),(285,311,'Assets','Ownership / Title','reg_211.pdf','https://permishare.s3.us-east-2.amazonaws.com/dev/asset-documents/reg_211.pdf','2021-08-19 09:30:00',NULL,1,0,0,8,'2021-09-09 15:32:09',8,'2021-09-09 15:32:09'),(286,311,'Assets','Apportioned Cab Card','Cab_Card_211.pdf','https://permishare.s3.us-east-2.amazonaws.com/dev/asset-documents/Cab_Card_211.pdf',NULL,NULL,1,0,0,8,'2021-09-09 15:33:17',8,'2021-09-09 15:33:17'),(287,312,'Assets','Ownership / Title','reg_212.pdf','https://permishare.s3.us-east-2.amazonaws.com/dev/asset-documents/reg_212.pdf','2021-08-18 09:30:00',NULL,1,0,0,8,'2021-09-09 15:35:24',8,'2021-09-09 15:35:24'),(288,312,'Assets','Apportioned Cab Card','Cab_Card_213.pdf','https://permishare.s3.us-east-2.amazonaws.com/dev/asset-documents/Cab_Card_213.pdf','2021-08-18 09:30:00',NULL,1,1,0,8,'2021-09-09 15:38:06',8,'2021-09-09 15:38:57'),(289,312,'Assets','Apportioned Cab Card','Cab_Card_212.pdf','https://permishare.s3.us-east-2.amazonaws.com/dev/asset-documents/Cab_Card_212.pdf','2021-08-18 09:30:00',NULL,1,0,0,8,'2021-09-09 15:39:54',8,'2021-09-09 15:39:54'),(290,313,'Assets','Ownership / Title','reg_213.pdf','https://permishare.s3.us-east-2.amazonaws.com/dev/asset-documents/reg_213.pdf','2021-08-18 09:30:00',NULL,1,0,0,8,'2021-09-09 15:41:41',8,'2021-09-09 15:41:41'),(291,313,'Assets','Apportioned Cab Card','Cab_Card_213.pdf','https://permishare.s3.us-east-2.amazonaws.com/dev/asset-documents/Cab_Card_213.pdf','2021-08-18 09:30:00',NULL,1,0,0,8,'2021-09-09 15:42:21',8,'2021-09-09 15:42:21'),(292,314,'Assets','Ownership / Title','reg_209.pdf','https://permishare.s3.us-east-2.amazonaws.com/dev/asset-documents/reg_209.pdf','2021-06-30 09:30:00',NULL,1,0,0,8,'2021-09-09 15:46:14',8,'2021-09-09 15:46:14'),(293,314,'Assets','Apportioned Cab Card','Cab_Card_209.pdf','https://permishare.s3.us-east-2.amazonaws.com/dev/asset-documents/Cab_Card_209.pdf','2021-06-30 09:30:00',NULL,1,0,0,8,'2021-09-09 15:47:19',8,'2021-09-09 15:47:19'),(294,315,'Assets','Ownership / Title','reg_208.pdf','https://permishare.s3.us-east-2.amazonaws.com/dev/asset-documents/reg_208.pdf','2021-06-30 09:30:00',NULL,1,0,0,8,'2021-09-09 15:54:28',8,'2021-09-09 15:54:28'),(295,315,'Assets','Apportioned Cab Card','Cab_Card_208.pdf','https://permishare.s3.us-east-2.amazonaws.com/dev/asset-documents/Cab_Card_208.pdf','2021-06-30 09:30:00',NULL,1,0,0,8,'2021-09-09 15:55:10',8,'2021-09-09 15:55:10'),(296,316,'Assets','Ownership / Title','reg_210.pdf','https://permishare.s3.us-east-2.amazonaws.com/dev/asset-documents/reg_210.pdf','2021-06-30 09:30:00',NULL,1,0,0,8,'2021-09-09 15:56:46',8,'2021-09-09 15:56:46'),(297,316,'Assets','Apportioned Cab Card','Cab_Card_210.pdf','https://permishare.s3.us-east-2.amazonaws.com/dev/asset-documents/Cab_Card_210.pdf','2021-06-30 09:30:00',NULL,1,0,0,8,'2021-09-09 15:57:23',8,'2021-09-09 15:57:23'),(298,317,'Assets','Ownership / Title','reg_2749.pdf','https://permishare.s3.us-east-2.amazonaws.com/dev/asset-documents/reg_2749.pdf','2021-01-04 10:30:00',NULL,1,0,0,8,'2021-09-09 20:29:58',8,'2021-09-09 20:29:58'),(299,109,'Assets','Ownership / Title','reg_160.pdf','https://permishare.s3.us-east-2.amazonaws.com/dev/asset-documents/reg_160.pdf','2019-10-25 09:30:00',NULL,1,0,0,8,'2021-09-09 20:35:11',8,'2021-09-09 20:35:11'),(300,90,'Assets','Ownership / Title','reg_167.pdf','https://permishare.s3.us-east-2.amazonaws.com/dev/asset-documents/reg_167.pdf','2019-10-25 09:30:00',NULL,1,0,0,8,'2021-09-09 20:36:27',8,'2021-09-09 20:36:27'),(301,119,'Assets','Ownership / Title','reg_180.pdf','https://permishare.s3.us-east-2.amazonaws.com/dev/asset-documents/reg_180.pdf','2017-05-25 09:30:00',NULL,1,0,0,8,'2021-09-09 20:37:43',8,'2021-09-09 20:37:43'),(302,121,'Assets','Ownership / Title','reg_182.pdf','https://permishare.s3.us-east-2.amazonaws.com/dev/asset-documents/reg_182.pdf','2019-10-25 09:30:00',NULL,1,0,0,8,'2021-09-09 20:39:08',8,'2021-09-09 20:39:08'),(303,126,'Assets','Ownership / Title','reg_187.pdf','https://permishare.s3.us-east-2.amazonaws.com/dev/asset-documents/reg_187.pdf','2019-10-25 09:30:00',NULL,1,0,0,8,'2021-09-09 20:39:58',8,'2021-09-09 20:39:58'),(304,127,'Assets','Ownership / Title','reg_188.pdf','https://permishare.s3.us-east-2.amazonaws.com/dev/asset-documents/reg_188.pdf','2019-10-25 09:30:00',NULL,1,0,0,8,'2021-09-09 20:40:36',8,'2021-09-09 20:40:36'),(305,128,'Assets','Ownership / Title','reg_189.pdf','https://permishare.s3.us-east-2.amazonaws.com/dev/asset-documents/reg_189.pdf','2019-10-25 09:30:00',NULL,1,0,0,8,'2021-09-09 20:41:06',8,'2021-09-09 20:41:06'),(306,129,'Assets','Ownership / Title','reg_190.pdf','https://permishare.s3.us-east-2.amazonaws.com/dev/asset-documents/reg_190.pdf','2019-10-25 09:30:00',NULL,1,0,0,8,'2021-09-09 20:41:38',8,'2021-09-09 20:41:38'),(307,130,'Assets','Ownership / Title','reg_191.pdf','https://permishare.s3.us-east-2.amazonaws.com/dev/asset-documents/reg_191.pdf','2019-10-25 09:30:00',NULL,1,0,0,8,'2021-09-09 20:42:08',8,'2021-09-09 20:42:08'),(308,133,'Assets','Ownership / Title','reg_194.pdf','https://permishare.s3.us-east-2.amazonaws.com/dev/asset-documents/reg_194.pdf','2020-09-22 09:30:00',NULL,1,0,0,8,'2021-09-09 20:42:48',8,'2021-09-09 20:42:48'),(309,137,'Assets','Ownership / Title','reg_198.pdf','https://permishare.s3.us-east-2.amazonaws.com/dev/asset-documents/reg_198.pdf','2020-03-04 10:30:00',NULL,1,0,0,8,'2021-09-09 20:43:15',8,'2021-09-09 20:43:15'),(310,114,'Assets','Ownership / Title','reg_165.pdf','https://permishare.s3.us-east-2.amazonaws.com/dev/asset-documents/reg_165.pdf','2021-05-04 09:30:00',NULL,1,0,0,8,'2021-09-09 20:44:16',8,'2021-09-09 20:44:16'),(311,111,'Assets','Ownership / Title','reg_165.pdf','https://permishare.s3.us-east-2.amazonaws.com/dev/asset-documents/reg_165.pdf','2021-05-04 09:30:00',NULL,1,0,0,8,'2021-09-09 20:44:54',8,'2021-09-09 20:44:54'),(312,112,'Assets','Ownership / Title','reg_168A.pdf','https://permishare.s3.us-east-2.amazonaws.com/dev/asset-documents/reg_168A.pdf','2020-10-29 09:30:00',NULL,1,0,0,8,'2021-09-09 20:45:45',8,'2021-09-09 20:45:45'),(313,115,'Assets','Ownership / Title','reg_174.pdf','https://permishare.s3.us-east-2.amazonaws.com/dev/asset-documents/reg_174.pdf','2021-03-05 10:30:00',NULL,1,0,0,8,'2021-09-09 20:46:17',8,'2021-09-09 20:46:17'),(314,116,'Assets','Ownership / Title','reg_175.pdf','https://permishare.s3.us-east-2.amazonaws.com/dev/asset-documents/reg_175.pdf','2017-08-15 09:30:00',NULL,1,0,0,8,'2021-09-09 20:46:54',8,'2021-09-09 20:46:54'),(315,117,'Assets','Ownership / Title','reg_178.pdf','https://permishare.s3.us-east-2.amazonaws.com/dev/asset-documents/reg_178.pdf','2016-08-26 09:30:00',NULL,1,0,0,8,'2021-09-09 20:47:27',8,'2021-09-09 20:47:27'),(316,122,'Assets','Ownership / Title','reg_183.pdf','https://permishare.s3.us-east-2.amazonaws.com/dev/asset-documents/reg_183.pdf','2017-06-30 09:30:00',NULL,1,0,0,8,'2021-09-09 20:49:03',8,'2021-09-09 20:49:03'),(317,123,'Assets','Ownership / Title','reg_184.pdf','https://permishare.s3.us-east-2.amazonaws.com/dev/asset-documents/reg_184.pdf','2017-06-30 09:30:00',NULL,1,0,0,8,'2021-09-09 20:49:28',8,'2021-09-09 20:49:28'),(318,124,'Assets','Ownership / Title','reg_185.pdf','https://permishare.s3.us-east-2.amazonaws.com/dev/asset-documents/reg_185.pdf','2017-08-15 09:30:00',NULL,1,0,0,8,'2021-09-09 20:49:58',8,'2021-09-09 20:49:58'),(319,125,'Assets','Ownership / Title','reg_186.pdf','https://permishare.s3.us-east-2.amazonaws.com/dev/asset-documents/reg_186.pdf','2017-08-15 09:30:00',NULL,1,0,0,8,'2021-09-09 20:50:31',8,'2021-09-09 20:50:31'),(320,131,'Assets','Ownership / Title','reg_192.pdf','https://permishare.s3.us-east-2.amazonaws.com/dev/asset-documents/reg_192.pdf','2019-05-24 09:30:00',NULL,1,0,0,8,'2021-09-09 20:51:13',8,'2021-09-09 20:51:13'),(321,132,'Assets','Ownership / Title','reg_193.pdf','https://permishare.s3.us-east-2.amazonaws.com/dev/asset-documents/reg_193.pdf','2019-06-12 09:30:00',NULL,1,0,0,8,'2021-09-09 20:51:41',8,'2021-09-09 20:51:41'),(322,134,'Assets','Ownership / Title','reg_195.pdf','https://permishare.s3.us-east-2.amazonaws.com/dev/asset-documents/reg_195.pdf','2019-08-02 09:30:00',NULL,1,0,0,8,'2021-09-09 20:52:04',8,'2021-09-09 20:52:04'),(323,135,'Assets','Ownership / Title','reg_196.pdf','https://permishare.s3.us-east-2.amazonaws.com/dev/asset-documents/reg_196.pdf','2019-09-11 09:30:00',NULL,1,0,0,8,'2021-09-09 20:52:32',8,'2021-09-09 20:52:32'),(324,136,'Assets','Ownership / Title','reg_197.pdf','https://permishare.s3.us-east-2.amazonaws.com/dev/asset-documents/reg_197.pdf','2019-09-11 09:30:00',NULL,1,0,0,8,'2021-09-09 20:53:13',8,'2021-09-09 20:53:13'),(325,145,'Assets','Ownership / Title','reg_2737.pdf','https://permishare.s3.us-east-2.amazonaws.com/dev/asset-documents/reg_2737.pdf','2021-03-05 10:30:00',NULL,1,0,0,8,'2021-09-09 20:53:47',8,'2021-09-09 20:53:47'),(326,146,'Assets','Ownership / Title','reg_2748.pdf','https://permishare.s3.us-east-2.amazonaws.com/dev/asset-documents/reg_2748.pdf','2020-08-25 09:30:00',NULL,1,0,0,8,'2021-09-09 20:54:14',8,'2021-09-09 20:54:14'),(327,318,'Assets','Ownership / Title','reg_6.pdf','https://permishare.s3.us-east-2.amazonaws.com/dev/asset-documents/reg_6.pdf','2019-12-05 10:30:00',NULL,1,0,0,42,'2021-09-13 18:14:08',42,'2021-09-13 18:14:08'),(328,318,'Assets','Apportioned Cab Card','Apportioned_Cab_Card_6.pdf','https://permishare.s3.us-east-2.amazonaws.com/dev/asset-documents/Apportioned_Cab_Card_6.pdf','2021-04-01 09:30:00','2022-03-31',1,0,0,42,'2021-09-13 18:17:14',42,'2021-09-13 18:17:14'),(329,319,'Assets','Ownership / Title','reg_8.pdf','https://permishare.s3.us-east-2.amazonaws.com/dev/asset-documents/reg_8.pdf','2021-01-18 10:30:00',NULL,1,0,0,42,'2021-09-13 18:20:57',42,'2021-09-13 18:20:57'),(330,319,'Assets','Apportioned Cab Card','Apportioned_Cab_Card_8.pdf','https://permishare.s3.us-east-2.amazonaws.com/dev/asset-documents/Apportioned_Cab_Card_8.pdf','2021-04-01 09:30:00','2022-03-31',1,0,0,42,'2021-09-13 18:20:57',42,'2021-09-13 18:20:57'),(331,320,'Assets','Ownership / Title','reg_2.pdf','https://permishare.s3.us-east-2.amazonaws.com/dev/asset-documents/reg_2.pdf','2018-05-15 09:30:00',NULL,1,0,0,42,'2021-09-13 18:29:43',42,'2021-09-13 18:29:43'),(332,318,'Assets','IRS Form 2290 Schedule 1 JUL2021','IRS_Form_2290_Schedule_1_JUL2021.pdf','https://permishare.s3.us-east-2.amazonaws.com/dev/asset-documents/IRS_Form_2290_Schedule_1_JUL2021.pdf','2021-07-01 09:30:00','2022-06-30',1,0,0,42,'2021-09-13 18:48:17',42,'2021-09-13 18:48:17'),(333,319,'Assets','IRS Form 2290 Schedule 1 JUL2021','IRS_Form_2290_Schedule_1_JUL2021.pdf','https://permishare.s3.us-east-2.amazonaws.com/dev/asset-documents/IRS_Form_2290_Schedule_1_JUL2021.pdf','2021-07-01 09:30:00','2022-06-30',1,0,0,42,'2021-09-13 18:48:48',42,'2021-09-13 18:48:48'),(334,318,'Assets','CBP YYYY Transponder Renewal Receipt','2021_CBP_Renewal_Receipt.pdf','https://permishare.s3.us-east-2.amazonaws.com/dev/asset-documents/2021_CBP_Renewal_Receipt.pdf','2020-11-10 10:30:00','2021-12-31',1,0,0,42,'2021-09-13 19:09:24',42,'2021-09-13 19:09:24'),(335,319,'Assets','CBP YYYY Transponder Receipt','2021_CBP_Transponder_Receipt_-_New_&_Transfer_8.pdf','https://permishare.s3.us-east-2.amazonaws.com/dev/asset-documents/2021_CBP_Transponder_Receipt_-_New_%26_Transfer_8.pdf','2021-01-26 10:30:00','2021-12-31',1,0,0,42,'2021-09-13 19:10:57',42,'2021-09-13 19:10:57'),(336,2,'Assets','sample','Screen_Shot_2021-09-21_at_9.17.49_AM.png_(1).pdf','https://permishare.s3.us-east-2.amazonaws.com/dev/asset-documents/Screen_Shot_2021-09-21_at_9.17.49_AM.png_%281%29.pdf',NULL,NULL,1,1,0,3,'2021-09-21 15:33:00',3,'2021-09-21 15:37:10'),(337,1,'Assets','test','876AA1EA-7DB8-4612-AE82-9195185E2048.jpeg','https://permishare.s3.us-east-2.amazonaws.com/dev/asset-documents/876AA1EA-7DB8-4612-AE82-9195185E2048.jpeg',NULL,NULL,1,1,0,3,'2021-09-28 13:43:49',3,'2021-09-28 13:44:22'),(338,321,'Assets','CBP Receipt 2021','CBP_DTOPS_Receipt_C-GPKE.pdf','https://permishare.s3.us-east-2.amazonaws.com/dev/asset-documents/CBP_DTOPS_Receipt_C-GPKE.pdf','2021-01-05 10:30:00','2021-12-31',1,0,0,1,'2021-09-28 18:07:13',1,'2021-09-28 18:07:13'),(339,321,'Assets','Application for Reg\'n of Aircraft','Aircraft_Documents_Recd_01062019.pdf','https://permishare.s3.us-east-2.amazonaws.com/dev/asset-documents/Aircraft_Documents_Recd_01062019.pdf','2019-12-23 10:30:00',NULL,1,0,0,1,'2021-09-28 18:08:30',1,'2021-09-28 18:08:30'),(340,224,'Assets','Ownership / Title','reg_18.pdf','https://permishare.s3.us-east-2.amazonaws.com/dev/asset-documents/reg_18.pdf','2018-06-19 09:30:00',NULL,1,0,0,15,'2021-09-29 11:13:42',15,'2021-09-29 11:13:42'),(341,1,'Assets','Sept 29','Changing_Duty_Status_-_Overview.pdf','https://permishare.s3.us-east-2.amazonaws.com/dev/asset-documents/Changing_Duty_Status_-_Overview.pdf','2021-09-15 09:30:00','2021-09-30',1,0,0,3,'2021-09-29 13:48:10',3,'2021-09-29 13:48:10'),(342,325,'Assets','CBP 2021 Transponder Receipt','CBP_Renewal_Receipt_15.pdf','https://permishare.s3.us-east-2.amazonaws.com/dev/asset-documents/CBP_Renewal_Receipt_15.pdf','2021-01-28 10:30:00','2021-12-31',1,0,0,43,'2021-09-30 15:25:20',43,'2021-09-30 15:25:20'),(343,325,'Assets','NY HUT 23rd Series COR','015_NY_HUT_COR.pdf','https://permishare.s3.us-east-2.amazonaws.com/dev/asset-documents/015_NY_HUT_COR.pdf','2018-10-27 09:30:00','2021-12-31',1,0,0,43,'2021-09-30 15:37:21',43,'2021-09-30 15:37:21'),(344,327,'Assets','NY HUT 23rd Series COR','105_NY_HUT_COR.pdf','https://permishare.s3.us-east-2.amazonaws.com/dev/asset-documents/105_NY_HUT_COR.pdf','2019-11-15 10:30:00','2021-12-31',1,0,0,43,'2021-09-30 15:37:49',43,'2021-09-30 15:37:49'),(345,322,'Assets','Ownership / Title','reg_005.pdf','https://permishare.s3.us-east-2.amazonaws.com/dev/asset-documents/reg_005.pdf','2019-01-17 10:30:00',NULL,1,0,0,43,'2021-09-30 15:41:35',43,'2021-09-30 15:41:35'),(346,323,'Assets','Ownership / Title','reg_008.pdf','https://permishare.s3.us-east-2.amazonaws.com/dev/asset-documents/reg_008.pdf','2015-11-19 10:30:00',NULL,1,0,0,43,'2021-09-30 15:42:40',43,'2021-09-30 15:42:40'),(347,324,'Assets','Ownership / Title','reg_012.pdf','https://permishare.s3.us-east-2.amazonaws.com/dev/asset-documents/reg_012.pdf','2014-02-27 10:30:00',NULL,1,0,0,43,'2021-09-30 15:43:07',43,'2021-09-30 15:43:07'),(348,325,'Assets','Ownership / Title','reg_015.pdf','https://permishare.s3.us-east-2.amazonaws.com/dev/asset-documents/reg_015.pdf','2020-02-06 10:30:00',NULL,1,0,0,43,'2021-09-30 15:43:31',43,'2021-09-30 15:43:31'),(349,326,'Assets','Ownership / Title','reg_101.pdf','https://permishare.s3.us-east-2.amazonaws.com/dev/asset-documents/reg_101.pdf','2015-04-02 09:30:00',NULL,1,0,0,43,'2021-09-30 15:44:07',43,'2021-09-30 15:44:07'),(350,327,'Assets','Ownership / Title','reg_105.pdf','https://permishare.s3.us-east-2.amazonaws.com/dev/asset-documents/reg_105.pdf','2020-11-04 10:30:00',NULL,1,0,0,43,'2021-09-30 15:44:31',43,'2021-09-30 15:44:31'),(351,322,'Assets','Apportioned Cab Card','Cab_Cards_at_Renewal_1.pdf','https://permishare.s3.us-east-2.amazonaws.com/dev/asset-documents/Cab_Cards_at_Renewal_1.pdf','2021-01-01 10:30:00','2021-12-31',1,0,0,43,'2021-09-30 16:14:37',43,'2021-09-30 16:14:37'),(352,323,'Assets','Apportioned Cab Card','Cab_Cards_at_Renewal_2.pdf','https://permishare.s3.us-east-2.amazonaws.com/dev/asset-documents/Cab_Cards_at_Renewal_2.pdf','2021-01-01 10:30:00','2021-12-31',1,0,0,43,'2021-09-30 16:16:03',43,'2021-09-30 16:16:03'),(353,324,'Assets','Apportioned Cab Card','Cab_Cards_at_Renewal_3.pdf','https://permishare.s3.us-east-2.amazonaws.com/dev/asset-documents/Cab_Cards_at_Renewal_3.pdf','2021-01-01 10:30:00','2021-12-31',1,0,0,43,'2021-09-30 16:16:31',43,'2021-09-30 16:16:31'),(354,325,'Assets','Apportioned Cab Card','Cab_Cards_at_Renewal_4.pdf','https://permishare.s3.us-east-2.amazonaws.com/dev/asset-documents/Cab_Cards_at_Renewal_4.pdf','2021-01-01 10:30:00','2021-12-31',1,0,0,43,'2021-09-30 16:17:01',43,'2021-09-30 16:17:01'),(355,326,'Assets','Apportioned Cab Card','Cab_Cards_at_Renewal_6.pdf','https://permishare.s3.us-east-2.amazonaws.com/dev/asset-documents/Cab_Cards_at_Renewal_6.pdf','2021-01-01 10:30:00','2021-12-31',1,0,0,43,'2021-09-30 16:17:46',43,'2021-09-30 16:17:46'),(356,327,'Assets','Apportioned Cab Card','Cab_Cards_at_Renewal_7.pdf','https://permishare.s3.us-east-2.amazonaws.com/dev/asset-documents/Cab_Cards_at_Renewal_7.pdf','2021-01-01 10:30:00','2021-12-31',1,0,0,43,'2021-09-30 16:18:13',43,'2021-09-30 16:18:13'),(357,328,'Assets','Ownership / Title','Title_Truck.pdf','https://permishare.s3.us-east-2.amazonaws.com/dev/asset-documents/Title_Truck.pdf','2021-10-02 09:30:00',NULL,1,0,0,3,'2021-10-02 11:58:40',3,'2021-10-02 11:58:40'),(358,8,'Assets','Test Doc','eSquared_-_Canadian_Bundles.pdf','https://permishare.s3.us-east-2.amazonaws.com/dev/asset-documents/eSquared_-_Canadian_Bundles.pdf',NULL,NULL,1,0,0,3,'2021-10-04 13:01:06',3,'2021-10-04 13:01:06'),(359,333,'Assets','Test Doc 1','hs03jxy_400_3.png','https://permishare.s3.amazonaws.com/dev/asset-documents/hs03jxy_400_3.png','2021-10-05 09:30:00','2021-10-26',1,0,0,3,'2021-10-05 14:40:03',3,'2021-10-05 14:40:03'),(360,5,'Assets','Sample Doc','hs03jxy_400_3.png','https://permishare.s3.us-east-2.amazonaws.com/dev/asset-documents/hs03jxy_400_3.png','2021-10-05 09:30:00','2021-10-26',1,0,0,3,'2021-10-05 14:54:55',3,'2021-10-05 14:54:55'),(361,5,'Assets','test','Invoice_869682401.pdf','https://permishare.s3.us-east-2.amazonaws.com/dev/asset-documents/Invoice_869682401.pdf',NULL,NULL,1,0,0,3,'2021-10-05 14:55:42',3,'2021-10-05 14:55:42');
/*!40000 ALTER TABLE `trs_tbl_asset_documents` ENABLE KEYS */;
UNLOCK TABLES;

--
-- Table structure for table `trs_tbl_asset_grid_columns`
--

DROP TABLE IF EXISTS `trs_tbl_asset_grid_columns`;
/*!40101 SET @saved_cs_client     = @@character_set_client */;
/*!50503 SET character_set_client = utf8mb4 */;
CREATE TABLE `trs_tbl_asset_grid_columns` (
  `asset_grid_column_id` bigint NOT NULL AUTO_INCREMENT,
  `carrier_id` bigint NOT NULL,
  `grid_columns` varchar(14) NOT NULL,
  `created_by` bigint NOT NULL,
  `created_date` datetime NOT NULL DEFAULT CURRENT_TIMESTAMP,
  `modified_by` bigint NOT NULL,
  `modified_date` datetime NOT NULL DEFAULT CURRENT_TIMESTAMP ON UPDATE CURRENT_TIMESTAMP,
  PRIMARY KEY (`asset_grid_column_id`),
  KEY `asset_grid_columns_carrier_id` (`carrier_id`),
  CONSTRAINT `asset_grid_columns_carrier_id` FOREIGN KEY (`carrier_id`) REFERENCES `trs_tbl_carriers` (`carrier_id`)
) ENGINE=InnoDB AUTO_INCREMENT=31 DEFAULT CHARSET=latin1;
/*!40101 SET character_set_client = @saved_cs_client */;

--
-- Dumping data for table `trs_tbl_asset_grid_columns`
--

LOCK TABLES `trs_tbl_asset_grid_columns` WRITE;
/*!40000 ALTER TABLE `trs_tbl_asset_grid_columns` DISABLE KEYS */;
INSERT INTO `trs_tbl_asset_grid_columns` VALUES (1,2,'11111111111111',1,'2020-10-17 08:14:20',1,'2020-10-17 08:14:20'),(2,3,'11111010110111',1,'2020-10-22 19:01:48',1,'2021-10-05 06:43:21'),(4,5,'11111111111111',1,'2020-11-25 14:53:49',1,'2020-11-25 14:53:49'),(5,6,'11111111111111',1,'2020-11-27 21:19:02',1,'2020-11-27 21:19:02'),(6,7,'11111111111111',1,'2020-11-30 19:53:06',1,'2020-11-30 19:53:06'),(7,8,'11111111111111',1,'2020-11-30 20:29:09',1,'2020-11-30 20:29:09'),(8,9,'11111111111111',1,'2020-11-30 23:17:46',1,'2020-11-30 23:17:46'),(9,10,'11111111111111',1,'2020-12-03 18:31:27',1,'2020-12-03 18:31:27'),(10,11,'11111111111111',1,'2020-12-16 14:17:26',1,'2020-12-16 14:17:26'),(11,12,'11111111111111',1,'2020-12-21 19:56:56',1,'2020-12-21 19:56:56'),(12,13,'11111111111111',1,'2021-03-10 22:00:35',1,'2021-03-10 22:00:35'),(13,14,'11111111111111',1,'2021-06-24 00:04:49',1,'2021-06-24 00:04:49'),(14,15,'10111100000101',1,'2021-07-09 15:19:56',1,'2021-07-09 18:31:23'),(15,16,'11111111111111',1,'2021-07-10 12:25:17',1,'2021-07-10 12:25:17'),(16,17,'11111111111111',1,'2021-07-10 12:27:02',1,'2021-07-10 12:27:02'),(17,18,'11111111111111',1,'2021-07-13 16:07:38',1,'2021-07-13 16:07:38'),(18,19,'11111111111111',1,'2021-07-28 15:58:23',1,'2021-07-28 15:58:23'),(19,20,'11111110101111',1,'2021-08-16 18:01:53',1,'2021-08-23 18:37:23'),(21,22,'11111111111111',1,'2021-08-16 18:09:31',1,'2021-08-16 18:09:31'),(22,23,'11111111111111',1,'2021-08-16 18:11:47',1,'2021-08-16 18:11:47'),(23,24,'11111110101111',1,'2021-08-16 18:14:29',1,'2021-08-23 19:35:49'),(24,25,'11111111111111',1,'2021-08-20 14:47:52',1,'2021-08-20 14:47:52'),(25,26,'11111111111111',1,'2021-08-25 14:30:01',1,'2021-08-25 14:30:01'),(28,29,'11111111111111',1,'2021-09-09 15:02:34',1,'2021-09-09 15:02:34'),(29,30,'11111111111111',1,'2021-09-24 15:35:43',1,'2021-09-24 15:35:43'),(30,31,'11111111111111',1,'2021-09-30 19:51:28',1,'2021-09-30 19:51:28');
/*!40000 ALTER TABLE `trs_tbl_asset_grid_columns` ENABLE KEYS */;
UNLOCK TABLES;

--
-- Table structure for table `trs_tbl_asset_make`
--

DROP TABLE IF EXISTS `trs_tbl_asset_make`;
/*!40101 SET @saved_cs_client     = @@character_set_client */;
/*!50503 SET character_set_client = utf8mb4 */;
CREATE TABLE `trs_tbl_asset_make` (
  `asset_make_id` bigint NOT NULL AUTO_INCREMENT,
  `asset_make_name` varchar(50) NOT NULL,
  `asset_type` tinyint(1) NOT NULL,
  `is_active` tinyint(1) NOT NULL DEFAULT '1',
  `is_deleted` tinyint(1) NOT NULL DEFAULT '0',
  `created_by` bigint NOT NULL,
  `created_date` datetime NOT NULL DEFAULT CURRENT_TIMESTAMP,
  `modified_by` bigint NOT NULL,
  `modified_date` datetime NOT NULL DEFAULT CURRENT_TIMESTAMP ON UPDATE CURRENT_TIMESTAMP,
  PRIMARY KEY (`asset_make_id`)
) ENGINE=InnoDB AUTO_INCREMENT=52 DEFAULT CHARSET=latin1;
/*!40101 SET character_set_client = @saved_cs_client */;

--
-- Dumping data for table `trs_tbl_asset_make`
--

LOCK TABLES `trs_tbl_asset_make` WRITE;
/*!40000 ALTER TABLE `trs_tbl_asset_make` DISABLE KEYS */;
INSERT INTO `trs_tbl_asset_make` VALUES (1,'Fontaine',2,1,0,1,'2020-02-01 13:34:37',1,'2020-02-03 07:05:11'),(2,'Fruehauf',2,1,0,1,'2020-02-01 13:34:37',1,'2020-02-01 13:34:37'),(3,'Hyundai',2,1,0,1,'2020-02-01 13:36:03',1,'2020-02-01 13:36:03'),(4,'Great Dane',2,1,0,1,'2020-02-01 13:36:03',1,'2020-02-01 13:36:03'),(5,'Lode King',2,1,0,1,'2020-02-01 13:37:05',1,'2020-02-01 13:37:05'),(6,'Kentucky',2,1,0,1,'2020-02-01 13:37:05',1,'2020-02-01 13:37:05'),(7,'Manac',2,1,0,1,'2020-02-01 13:37:27',1,'2020-02-01 13:37:27'),(8,'Stoughton',2,1,0,1,'2020-02-01 13:37:27',1,'2020-02-01 13:37:27'),(9,'Strick',2,1,0,1,'2020-02-01 13:37:50',1,'2020-02-01 13:37:50'),(10,'Trail King',2,1,0,1,'2020-02-01 13:37:50',1,'2020-02-01 13:37:50'),(11,'Utility',2,1,0,1,'2020-02-01 13:38:10',1,'2020-02-01 13:38:10'),(12,'Vanguard',2,1,0,1,'2020-02-01 13:38:10',1,'2020-02-01 13:38:10'),(13,'Wabash',2,1,0,1,'2020-02-01 13:38:24',1,'2020-02-01 13:38:24'),(14,'Arrow',1,1,0,1,'2020-02-01 13:40:06',1,'2020-02-01 13:40:06'),(15,'Austin',1,1,0,1,'2020-02-01 13:46:25',1,'2020-02-01 13:46:25'),(16,'Autocar',1,1,0,1,'2020-02-01 13:46:25',1,'2020-02-01 13:46:25'),(17,'Brockway',1,1,0,1,'2020-02-01 13:46:25',1,'2020-02-01 13:46:25'),(18,'Caterpillar',1,1,0,1,'2020-02-01 13:46:25',1,'2020-02-01 13:46:25'),(19,'Chevrolet',1,1,0,1,'2020-02-01 13:46:25',1,'2020-02-01 13:46:25'),(20,'Clark',1,1,0,1,'2020-02-01 13:46:25',1,'2020-02-01 13:46:25'),(21,'Diamond Rio (Reo)',1,1,0,1,'2020-02-01 13:46:25',1,'2020-02-01 13:46:25'),(22,'Diamond T',1,1,0,1,'2020-02-01 13:46:25',1,'2020-02-01 13:46:25'),(23,'Dodge',1,1,0,1,'2020-02-01 13:46:25',1,'2020-02-01 13:46:25'),(24,'Fargo',1,1,0,1,'2020-02-01 13:46:25',1,'2020-02-01 13:46:25'),(25,'Ford',1,1,0,1,'2020-02-01 13:46:25',1,'2020-02-01 13:46:25'),(26,'Freightliner',1,1,0,1,'2020-02-01 13:46:25',1,'2020-02-01 13:46:25'),(27,'FWD',1,1,0,1,'2020-02-01 13:46:25',1,'2020-02-01 13:46:25'),(28,'GMC',1,1,0,1,'2020-02-01 13:46:25',1,'2020-02-01 13:46:25'),(29,'Hayes',1,1,0,1,'2020-02-01 13:46:25',1,'2020-02-01 13:46:25'),(30,'Hendrickson',1,1,0,1,'2020-02-01 13:46:25',1,'2020-02-01 13:46:25'),(31,'Hino',1,1,0,1,'2020-02-01 13:46:25',1,'2020-02-01 13:46:25'),(32,'Int*l Havester',1,1,0,1,'2020-02-01 13:46:25',1,'2020-02-01 13:46:25'),(33,'International',1,1,0,1,'2020-02-01 13:46:25',1,'2020-02-01 13:46:25'),(34,'Kenworth',1,1,0,1,'2020-02-01 13:46:25',1,'2020-02-01 13:46:25'),(35,'Mack',1,1,0,1,'2020-02-01 13:46:25',1,'2020-02-01 13:46:25'),(36,'Marmon/Harrington',1,1,0,1,'2020-02-01 13:46:25',1,'2020-02-01 13:46:25'),(37,'Mercedes/Benz',1,1,0,1,'2020-02-01 13:46:25',1,'2020-02-01 13:46:25'),(38,'Mitsubishi',1,1,0,1,'2020-02-01 13:46:25',1,'2020-02-01 13:46:25'),(39,'Peterbilt',1,1,0,1,'2020-02-01 13:46:25',1,'2020-02-01 13:46:25'),(40,'REO',1,1,0,1,'2020-02-01 13:46:25',1,'2020-02-01 13:46:25'),(41,'Sterling',1,1,0,1,'2020-02-01 13:46:25',1,'2020-02-01 13:46:25'),(42,'Stewart',1,1,0,1,'2020-02-01 13:46:25',1,'2020-02-01 13:46:25'),(43,'Volvo',1,1,0,1,'2020-02-01 13:46:25',1,'2020-02-01 13:46:25'),(44,'Western Star',1,1,0,1,'2020-02-01 13:46:25',1,'2020-02-01 13:46:25'),(45,'White',1,1,0,1,'2020-02-01 13:46:25',1,'2020-02-01 13:46:25'),(46,'Other',1,1,0,1,'2020-02-01 13:46:25',1,'2020-02-01 13:46:25'),(47,'Wilson',2,1,0,1,'2020-11-05 16:08:53',1,'2020-11-05 16:08:53'),(48,'Prevost',1,1,0,1,'2020-11-13 12:09:18',1,'2020-11-13 12:09:18'),(49,'New Flyer',1,1,0,1,'2020-11-13 12:11:44',1,'2020-11-13 12:11:44'),(50,'Isuzu',1,1,0,1,'2021-08-23 19:06:35',1,'2021-08-23 19:22:14'),(51,'Mooney',1,1,0,11,'2021-09-28 17:57:11',11,'2021-09-28 17:57:11');
/*!40000 ALTER TABLE `trs_tbl_asset_make` ENABLE KEYS */;
UNLOCK TABLES;

--
-- Table structure for table `trs_tbl_asset_type`
--

DROP TABLE IF EXISTS `trs_tbl_asset_type`;
/*!40101 SET @saved_cs_client     = @@character_set_client */;
/*!50503 SET character_set_client = utf8mb4 */;
CREATE TABLE `trs_tbl_asset_type` (
  `asset_type_id` bigint NOT NULL AUTO_INCREMENT,
  `asset_type` tinyint(1) NOT NULL COMMENT '1-->Normal 2-->Trailer',
  `asset_name` varchar(50) NOT NULL,
  `is_active` tinyint(1) NOT NULL DEFAULT '1',
  `is_deleted` tinyint(1) NOT NULL DEFAULT '0',
  `created_by` bigint NOT NULL,
  `created_date` datetime NOT NULL DEFAULT CURRENT_TIMESTAMP,
  `modified_by` bigint NOT NULL,
  `modified_date` datetime NOT NULL DEFAULT CURRENT_TIMESTAMP ON UPDATE CURRENT_TIMESTAMP,
  PRIMARY KEY (`asset_type_id`)
) ENGINE=InnoDB AUTO_INCREMENT=13 DEFAULT CHARSET=latin1;
/*!40101 SET character_set_client = @saved_cs_client */;

--
-- Dumping data for table `trs_tbl_asset_type`
--

LOCK TABLES `trs_tbl_asset_type` WRITE;
/*!40000 ALTER TABLE `trs_tbl_asset_type` DISABLE KEYS */;
INSERT INTO `trs_tbl_asset_type` VALUES (1,1,'Tractor',1,1,1,'2020-02-01 11:10:10',1,'2022-03-26 04:55:08'),(2,1,'Truck',1,0,1,'2020-02-01 11:10:10',1,'2020-02-01 11:40:30'),(3,1,'Pickup',1,0,1,'2020-02-01 11:11:08',1,'2020-02-01 11:40:32'),(4,1,'Vehicle-Others',1,0,1,'2020-02-01 11:11:08',1,'2020-03-31 22:23:22'),(5,2,'Dry Van',1,0,1,'2020-02-01 11:11:50',1,'2020-02-03 11:59:12'),(6,2,'Flat Bed',1,0,1,'2020-02-01 11:11:50',1,'2020-02-03 11:59:18'),(7,2,'Reefer',1,0,1,'2020-02-01 11:12:21',1,'2020-02-03 11:59:26'),(8,2,'Tank',1,0,1,'2020-02-01 11:12:21',1,'2020-02-03 11:59:30'),(9,2,'Drop Deck',1,0,1,'2020-02-01 11:12:40',1,'2020-02-03 11:59:36'),(10,2,'Trailer-Others',1,0,1,'2020-02-01 11:12:40',1,'2020-03-31 22:24:11'),(11,1,'Coach',1,0,1,'2020-11-13 12:02:49',1,'2020-11-13 12:02:49'),(12,1,'Aircraft',1,0,11,'2021-09-28 17:55:52',11,'2021-09-28 17:55:52');
/*!40000 ALTER TABLE `trs_tbl_asset_type` ENABLE KEYS */;
UNLOCK TABLES;

--
-- Table structure for table `trs_tbl_assets`
--

DROP TABLE IF EXISTS `trs_tbl_assets`;
/*!40101 SET @saved_cs_client     = @@character_set_client */;
/*!50503 SET character_set_client = utf8mb4 */;
CREATE TABLE `trs_tbl_assets` (
  `asset_id` bigint NOT NULL AUTO_INCREMENT,
  `fleet_id` bigint NOT NULL,
  `carrier_id` bigint DEFAULT NULL,
  `asset_number_id` varchar(25) NOT NULL,
  `asset_type_id` bigint NOT NULL,
  `year` int NOT NULL,
  `asset_make_id` bigint NOT NULL,
  `model` varchar(255) NOT NULL,
  `plate` varchar(10) NOT NULL,
  `state_id` bigint NOT NULL,
  `vin_number` varchar(50) NOT NULL,
  `country_id` bigint NOT NULL,
  `registered_weight` int NOT NULL,
  `units` tinyint(1) NOT NULL COMMENT '1-->kgs 2-->lbs',
  `number_of_axels` tinyint NOT NULL,
  `start_date` date NOT NULL,
  `inactive_date` date DEFAULT NULL,
  `comments` varchar(255) DEFAULT NULL,
  `is_active` tinyint(1) NOT NULL DEFAULT '1',
  `is_deleted` tinyint(1) NOT NULL DEFAULT '0',
  `created_by` bigint NOT NULL,
  `created_date` datetime NOT NULL DEFAULT CURRENT_TIMESTAMP,
  `modified_by` bigint NOT NULL,
  `modified_date` datetime NOT NULL DEFAULT CURRENT_TIMESTAMP ON UPDATE CURRENT_TIMESTAMP,
  PRIMARY KEY (`asset_id`),
  KEY `asset_type_id_assets_constraint` (`asset_type_id`),
  KEY `asset_make_id_asset_constraint` (`asset_make_id`),
  KEY `asset_country_id_constraint` (`country_id`),
  KEY `fleet_asset_id_constraint` (`fleet_id`),
  KEY `asset_carrier_id_constraint` (`carrier_id`),
  KEY `asset_plate_state_id_constraint` (`state_id`),
  CONSTRAINT `asset_carrier_id_constraint` FOREIGN KEY (`carrier_id`) REFERENCES `trs_tbl_carriers` (`carrier_id`),
  CONSTRAINT `asset_country_id_constraint` FOREIGN KEY (`country_id`) REFERENCES `trs_tbl_countries` (`country_id`),
  CONSTRAINT `asset_make_id_asset_constraint` FOREIGN KEY (`asset_make_id`) REFERENCES `trs_tbl_asset_make` (`asset_make_id`),
  CONSTRAINT `asset_plate_state_id_constraint` FOREIGN KEY (`state_id`) REFERENCES `trs_tbl_states` (`state_id`),
  CONSTRAINT `asset_type_id_assets_constraint` FOREIGN KEY (`asset_type_id`) REFERENCES `trs_tbl_asset_type` (`asset_type_id`),
  CONSTRAINT `fleet_asset_id_constraint` FOREIGN KEY (`fleet_id`) REFERENCES `trs_tbl_fleets` (`fleet_id`)
) ENGINE=InnoDB AUTO_INCREMENT=334 DEFAULT CHARSET=latin1;
/*!40101 SET character_set_client = @saved_cs_client */;

--
-- Dumping data for table `trs_tbl_assets`
--

LOCK TABLES `trs_tbl_assets` WRITE;
/*!40000 ALTER TABLE `trs_tbl_assets` DISABLE KEYS */;
INSERT INTO `trs_tbl_assets` VALUES (1,1,3,'6802A',1,3,43,'CON','ABC 123',3945,'4V4NC9EJ5KN212695',231,80000,2,3,'2020-01-01',NULL,'',1,0,4,'2020-10-24 12:26:18',4,'2020-12-05 13:46:29'),(2,1,3,'6802D',1,3,43,'CON','ABC 234',3945,'4V4NC9EJ5KN212696',231,80000,2,3,'2020-01-01',NULL,NULL,1,0,1,'2020-10-24 12:35:15',1,'2020-11-05 01:34:14'),(3,5,2,'ABC12',1,1,14,'New Model','AP29AP29',668,'New ',38,55000,1,5,'2020-11-10',NULL,'',1,0,2,'2020-11-02 05:37:21',2,'2020-11-02 05:37:21'),(4,5,2,'BCD123',2,3,14,'Old Model','TS29TS',668,'New VIN',38,55000,1,6,'2020-11-25',NULL,'',1,0,2,'2020-11-02 05:39:37',2,'2020-11-02 05:39:37'),(5,1,3,'6802B',1,3,43,'CON','ABC 234',3945,'4V4NC9EJ5KN212699',231,80000,2,3,'2020-01-01',NULL,NULL,1,0,1,'2020-11-02 11:14:17',1,'2021-10-05 14:55:42'),(6,14,3,'6802C',1,3,39,'CON','ABC 665',3933,'12345678998765432',231,80000,2,3,'2020-11-01',NULL,'',1,0,4,'2020-11-02 14:14:53',4,'2020-12-03 18:35:12'),(7,14,3,'5000',1,24,19,'CON','456545',671,'78545785457854500',38,18000,1,3,'2020-10-01',NULL,NULL,1,0,1,'2020-11-02 14:35:45',1,'2020-12-03 18:34:57'),(8,1,3,'122',1,5,43,'Con','ABC 123',3935,'4V4NC9EJ1GN943566',231,80000,2,3,'2020-01-02',NULL,NULL,1,0,1,'2020-11-05 01:32:42',1,'2021-10-04 09:37:12'),(9,1,3,'123',1,5,43,'Con','ABC 123',3935,'4V4NC9EJ3FN188631',231,80000,2,3,'2020-01-01',NULL,NULL,1,0,1,'2020-11-05 01:32:42',1,'2020-11-05 21:03:51'),(10,1,3,'124',1,5,43,'Con','ABC 123',3935,'4V4NC9EJ8GN943564',231,80000,2,3,'2020-01-01',NULL,NULL,1,0,1,'2020-11-05 01:32:42',1,'2020-11-05 21:04:39'),(11,1,3,'125',1,5,43,'Con','ABC 123',3935,'4V4NC9EJ0GN929318',231,80000,2,3,'2020-01-01',NULL,NULL,1,0,1,'2020-11-05 01:32:42',1,'2020-11-05 21:04:48'),(12,1,3,'126',1,5,43,'Con','ABC 123',3935,'4V4NC9EJ9GN929317',231,80000,2,3,'2020-01-01',NULL,NULL,1,0,1,'2020-11-05 01:32:42',1,'2020-11-05 21:04:58'),(13,1,3,'127',1,5,43,'Con','ABC 123',3935,'4V4NC9EJ5KN212695',231,80000,2,3,'2020-01-01',NULL,NULL,1,0,1,'2020-11-05 01:32:42',1,'2020-11-05 21:05:08'),(14,1,3,'128',1,5,43,'Con','ABC 123',3935,'4V4NC9EJ7JN998739',231,80000,2,3,'2020-01-01',NULL,NULL,1,0,1,'2020-11-05 01:32:42',1,'2020-11-05 21:05:52'),(15,1,3,'129',1,5,43,'Con','ABC 123',3935,'4V4NC9EJ7LN229418',231,80000,2,3,'2020-01-01',NULL,NULL,1,0,1,'2020-11-05 01:32:42',1,'2020-11-05 21:06:00'),(16,1,3,'130',1,5,43,'Con','ABC 123',3935,'4V4NC9EJ6LN212691',231,80000,2,3,'2020-01-01',NULL,NULL,1,0,1,'2020-11-05 01:32:42',1,'2020-11-05 21:06:09'),(17,1,3,'131',1,5,43,'Con','ABC 123',3930,'4V4NC9EJ5JN998741',231,80000,2,3,'2020-01-01',NULL,NULL,1,0,1,'2020-11-05 01:32:42',1,'2020-11-05 21:06:22'),(18,1,3,'132',1,5,43,'Con','ABC 123',3930,'4V4NC9EJ3JN998740',231,80000,2,3,'2020-01-01',NULL,NULL,1,0,1,'2020-11-05 01:32:42',1,'2020-11-05 21:06:29'),(19,1,3,'133',1,5,43,'Con','ABC 123',3930,'4V4NC9EJ1KN212693',231,80000,2,3,'2020-01-01',NULL,NULL,1,0,1,'2020-11-05 01:32:42',1,'2020-11-05 21:06:38'),(20,1,3,'134',1,5,43,'Con','ABC 123',3930,'4V4NC9EJ7JN998742',231,80000,2,3,'2020-01-01',NULL,NULL,1,0,1,'2020-11-05 01:32:42',1,'2020-11-05 21:06:51'),(21,1,3,'135',1,5,43,'Con','ABC 123',3930,'4V4NC9EJ5LN229417',231,80000,2,3,'2020-01-01',NULL,NULL,1,0,1,'2020-11-05 01:32:42',1,'2020-11-05 21:07:00'),(22,1,3,'136',1,5,43,'Con','ABC 123',3930,'4V4NC9EJ3KN212694',231,80000,2,3,'2020-01-01',NULL,NULL,1,0,1,'2020-11-05 01:32:42',1,'2020-11-05 21:07:10'),(23,1,3,'137',1,5,43,'Con','ABC 123',3930,'4V4NC9EJ6KN212687',231,80000,2,3,'2020-01-01',NULL,NULL,1,0,1,'2020-11-05 01:32:42',1,'2020-11-05 21:07:22'),(24,1,3,'138',1,5,43,'Con','ABC 123',3930,'4V4NC9EJ8LN212692',231,80000,2,3,'2020-01-01',NULL,NULL,1,0,1,'2020-11-05 01:32:42',1,'2020-11-05 21:07:35'),(25,1,3,'139',1,5,43,'Con','ABC 123',671,'4V4NC9EJ6KN212690',38,80000,1,3,'2020-01-01',NULL,NULL,1,0,1,'2020-11-05 01:32:42',1,'2020-11-05 21:07:44'),(26,1,3,'140',1,5,43,'Con','ABC 123',671,'4V4NC9EJ8KN212688',38,80000,1,3,'2020-01-01',NULL,NULL,1,0,1,'2020-11-05 01:32:42',1,'2020-11-05 21:07:54'),(27,1,3,'141',1,5,43,'Con','ABC 123',671,'4V4NC9EJXKN212689',38,80000,1,3,'2020-01-01',NULL,NULL,1,0,1,'2020-11-05 01:32:42',1,'2020-11-05 21:08:08'),(28,1,3,'142',1,5,43,'Con','ABC 123',671,'4V4NC9EJ3LN229416',38,80000,1,3,'2020-01-01',NULL,NULL,1,0,1,'2020-11-05 01:32:42',1,'2020-11-05 21:08:15'),(29,1,3,'143',1,5,43,'Con','ABC 123',671,'4V4NC9EJ7KN212696',38,80000,1,3,'2020-01-01',NULL,NULL,1,0,1,'2020-11-05 01:32:42',1,'2020-11-05 21:08:23'),(30,6,3,'169526',5,11,13,'53\'','526A745',3930,'9856FG5641566',231,68000,2,2,'2020-10-01',NULL,'',1,0,3,'2020-11-05 15:55:55',3,'2020-11-05 15:55:55'),(31,6,3,'100',5,16,7,'Dry Van','XXX YYY',3924,'2M593161071112928',231,34000,2,2,'2017-01-02',NULL,NULL,1,0,1,'2020-11-05 16:13:53',1,'2020-11-05 16:13:53'),(32,6,3,'101',5,16,7,'Dry Van','XXX YYY',3924,'2M593161371114317',231,34000,2,2,'2017-01-02',NULL,NULL,1,0,1,'2020-11-05 16:13:53',1,'2020-11-05 16:13:53'),(33,6,3,'102',5,25,8,'Dry Van','XXX YYY',3924,'1DW1A5322WS163414',231,34000,2,2,'2017-01-02',NULL,NULL,1,0,1,'2020-11-05 16:13:53',1,'2020-11-05 16:13:53'),(34,6,3,'103',5,25,8,'Dry Van','XXX YYY',3924,'1DW1A5323WS194879',231,34000,2,2,'2017-01-02',NULL,NULL,1,0,1,'2020-11-05 16:13:53',1,'2020-11-05 16:13:53'),(35,6,3,'104',5,18,8,'Dry Van','XXX YYY',3924,'1DW1A53245B796480',231,34000,2,2,'2017-01-02',NULL,NULL,1,0,1,'2020-11-05 16:13:53',1,'2020-11-05 16:13:53'),(36,6,3,'105',5,18,8,'Dry Van','XXX YYY',3924,'1DW1A53265B796481',231,34000,2,2,'2017-01-02',NULL,NULL,1,0,1,'2020-11-05 16:13:53',1,'2020-11-05 16:13:53'),(37,6,3,'106',5,18,8,'Dry Van','XXX YYY',3924,'1DW1A53285B796482',231,34000,2,2,'2017-01-02',NULL,NULL,1,0,1,'2020-11-05 16:13:53',1,'2020-11-05 16:13:53'),(38,6,3,'107',5,18,8,'Dry Van','XXX YYY',3924,'1DW1A532X5B796483',231,34000,2,2,'2017-01-02',NULL,NULL,1,0,1,'2020-11-05 16:13:53',1,'2020-11-05 16:13:53'),(39,6,3,'108',5,18,8,'Dry Van','XXX YYY',3924,'1DW1A53215B796484',231,34000,2,2,'2017-01-02',NULL,NULL,1,0,1,'2020-11-05 16:13:53',1,'2020-11-05 16:13:53'),(40,6,3,'109',5,17,8,'Dry Van','XXX YYY',3924,'1DW1A53296B862006',231,34000,2,2,'2017-01-02',NULL,NULL,1,0,1,'2020-11-05 16:13:53',1,'2020-11-05 16:13:53'),(41,6,3,'110',5,17,8,'Dry Van','XXX YYY',3924,'1DW1A53206B862007',231,34000,2,2,'2017-01-02',NULL,NULL,1,0,1,'2020-11-05 16:13:53',1,'2020-11-05 16:13:53'),(42,6,3,'111',5,16,8,'Dry Van','XXX YYY',3924,'1DW1A53277S956161',231,34000,2,2,'2017-01-02',NULL,NULL,1,0,1,'2020-11-05 16:13:53',1,'2020-11-05 16:13:53'),(43,6,3,'112',5,16,8,'Dry Van','XXX YYY',3924,'1DW1A53297S956162',231,34000,2,2,'2017-01-02',NULL,NULL,1,0,1,'2020-11-05 16:13:53',1,'2020-11-05 16:13:53'),(44,6,3,'113',5,16,8,'Dry Van','XXX YYY',3924,'1DW1A53207S956163',231,34000,2,2,'2017-01-02',NULL,NULL,1,0,1,'2020-11-05 16:13:53',1,'2020-11-05 16:13:53'),(45,6,3,'114',5,16,8,'Dry Van','XXX YYY',3924,'1DW1A53227S956164',231,34000,2,2,'2017-01-02',NULL,NULL,1,0,1,'2020-11-05 16:13:53',1,'2020-11-05 16:13:53'),(46,6,3,'115',5,16,8,'Dry Van','XXX YYY',3924,'1DW1A53267S956165',231,34000,2,2,'2017-01-02',NULL,NULL,1,0,1,'2020-11-05 16:13:53',1,'2020-11-05 16:13:53'),(47,6,3,'116',5,16,8,'Dry Van','XXX YYY',3924,'1DW1A53287S956167',231,34000,2,2,'2017-01-02',NULL,NULL,1,0,1,'2020-11-05 16:13:53',1,'2020-11-05 16:13:53'),(48,6,3,'117',5,16,8,'Dry Van','XXX YYY',3924,'1DW1A532X7S956168',231,34000,2,2,'2017-01-02',NULL,NULL,1,0,1,'2020-11-05 16:13:53',1,'2020-11-05 16:13:53'),(49,6,3,'118',5,16,8,'Dry Van','XXX YYY',3924,'1DW1A53217S956169',231,34000,2,2,'2017-01-02',NULL,NULL,1,0,1,'2020-11-05 16:13:53',1,'2020-11-05 16:13:53'),(50,6,3,'119',5,16,8,'Dry Van','XXX YYY',3924,'1DW1A53287S956170',231,34000,2,2,'2017-01-02',NULL,NULL,1,0,1,'2020-11-05 16:13:53',1,'2020-11-05 16:13:53'),(51,6,3,'120',5,15,8,'Dry Van','XXX YYY',3924,'1DWIA53218S087509',231,34000,2,2,'2017-01-02',NULL,NULL,1,0,1,'2020-11-05 16:13:53',1,'2020-11-05 16:13:53'),(52,6,3,'121',5,15,8,'Dry Van','XXX YYY',3924,'1DW1A5328BS087510',231,34000,2,2,'2017-01-02',NULL,NULL,1,0,1,'2020-11-05 16:13:53',1,'2020-11-05 16:13:53'),(53,6,3,'122',5,15,8,'Dry Van','XXX YYY',3924,'1DW1A532XBS087511',231,34000,2,2,'2017-01-02',NULL,NULL,1,0,1,'2020-11-05 16:13:53',1,'2020-11-05 16:13:53'),(54,6,3,'123',5,15,8,'Dry Van','XXX YYY',3924,'1DW1A53218S087512',231,34000,2,2,'2017-01-02',NULL,NULL,1,0,1,'2020-11-05 16:13:53',1,'2020-11-05 16:13:53'),(55,6,3,'124',5,15,8,'Dry Van','XXX YYY',3924,'1DW1A53238S087513',231,34000,2,2,'2017-01-02',NULL,NULL,1,0,1,'2020-11-05 16:13:53',1,'2020-11-05 16:13:53'),(56,6,3,'125',5,15,47,'Dry Van','XXX YYY',3924,'1W1SCFYA28B248532',231,34000,2,2,'2017-01-02',NULL,NULL,1,0,1,'2020-11-05 16:13:53',1,'2020-11-05 16:13:53'),(57,6,3,'126',5,14,47,'Dry Van','XXX YYY',3924,'1W1MCFYA89B253003',231,34000,2,2,'2017-01-02',NULL,NULL,1,0,1,'2020-11-05 16:13:53',1,'2020-11-05 16:13:53'),(58,6,3,'127',5,12,13,'Dry Van','XXX YYY',3924,'1JJV532D2BL446300',231,34000,2,2,'2017-01-02',NULL,NULL,1,0,1,'2020-11-05 16:13:53',1,'2020-11-05 16:13:53'),(59,6,3,'128',5,10,13,'Dry Van','XXX YYY',3924,'1JJV532D9DL751120',231,34000,2,2,'2017-01-02',NULL,NULL,1,0,1,'2020-11-05 16:13:53',1,'2020-11-05 16:13:53'),(60,6,3,'129',5,10,13,'Dry Van','XXX YYY',3924,'1JJV532D9DL751121',231,34000,2,2,'2017-01-02',NULL,NULL,1,0,1,'2020-11-05 16:13:53',1,'2020-11-05 16:13:53'),(61,6,3,'130',5,10,13,'Dry Van','XXX YYY',3924,'1JJV532D1DL751127',231,34000,2,2,'2017-01-02',NULL,NULL,1,0,1,'2020-11-05 16:13:53',1,'2020-11-05 16:13:53'),(62,6,3,'131',5,10,13,'Dry Van','XXX YYY',3924,'1JJV532DXDL751126',231,34000,2,2,'2017-01-02',NULL,NULL,1,0,1,'2020-11-05 16:13:53',1,'2020-11-05 16:13:53'),(63,6,3,'132',7,10,11,'Reefer','XXX YYY',3924,'1UYVS2534DM728130',231,34000,2,2,'2017-01-02',NULL,NULL,1,0,1,'2020-11-05 16:13:53',1,'2020-11-05 16:13:53'),(64,6,3,'133',7,10,11,'Reefer','XXX YYY',3924,'1UYVS2536DM728131',231,34000,2,2,'2017-01-02',NULL,NULL,1,0,1,'2020-11-05 16:13:53',1,'2020-11-05 16:13:53'),(65,6,3,'134',7,10,11,'Reefer','XXX YYY',3963,'1UYVS2538DM728132',231,34000,2,2,'2017-01-02',NULL,NULL,1,0,1,'2020-11-05 16:13:53',1,'2020-11-05 16:13:53'),(66,6,3,'135',7,10,11,'Reefer','XXX YYY',3963,'1UYVS253XDM728133',231,34000,2,2,'2017-01-02',NULL,NULL,1,0,1,'2020-11-05 16:13:53',1,'2020-11-05 16:13:53'),(67,6,3,'136',7,10,8,'Reefer','XXX YYY',3963,'1DWIA5324DS3933825',231,34000,2,2,'2017-01-02',NULL,NULL,1,0,1,'2020-11-05 16:13:53',1,'2020-11-05 16:13:53'),(68,6,3,'137',7,10,8,'Reefer','XXX YYY',3963,'1DW1A5320DS411124',231,34000,2,2,'2017-01-02',NULL,NULL,1,0,1,'2020-11-05 16:13:53',1,'2020-11-05 16:13:53'),(69,6,3,'138',7,10,8,'Reefer','XXX YYY',3963,'1DW1A5322DS411125',231,34000,2,2,'2017-01-02',NULL,NULL,1,0,1,'2020-11-05 16:13:53',1,'2020-11-05 16:13:53'),(70,6,3,'139',7,10,8,'Reefer','XXX YYY',3963,'1DW1A5324DS411126',231,34000,2,2,'2017-01-02',NULL,NULL,1,0,1,'2020-11-05 16:13:53',1,'2020-11-05 16:13:53'),(71,6,3,'140',7,10,8,'Reefer','XXX YYY',3963,'1DW1A5326DS411127',231,34000,2,2,'2017-01-02',NULL,NULL,1,0,1,'2020-11-05 16:13:53',1,'2020-11-05 16:13:53'),(72,6,3,'141',7,10,13,'Reefer','XXX YYY',3963,'1JJV532D6EL791219',231,34000,2,2,'2017-01-02',NULL,NULL,1,0,1,'2020-11-05 16:13:53',1,'2020-11-05 16:13:53'),(73,6,3,'142',7,9,13,'Reefer','XXX YYY',3963,'1JJV532D1EL791225',231,34000,2,2,'2017-01-02',NULL,NULL,1,0,1,'2020-11-05 16:13:53',1,'2020-11-05 16:13:53'),(74,6,3,'143',7,8,13,'Reefer','XXX YYY',3963,'1JJV532D2FL864569',231,34000,2,2,'2017-01-02',NULL,NULL,1,0,1,'2020-11-05 16:13:53',1,'2020-11-05 16:13:53'),(75,6,3,'144',7,8,13,'Reefer','XXX YYY',3963,'1JJV532D2FL864572',231,34000,2,2,'2017-01-02',NULL,NULL,1,0,1,'2020-11-05 16:13:53',1,'2020-11-05 16:13:53'),(76,6,3,'145',7,7,8,'Reefer','XXX YYY',3963,'1DW1A5325GB616426',231,34000,2,2,'2017-01-02',NULL,NULL,1,0,1,'2020-11-05 16:13:53',1,'2020-11-05 16:13:53'),(77,6,3,'146',7,7,8,'Reefer','XXX YYY',3963,'1DW1A5320GB616429',231,34000,2,2,'2017-01-02',NULL,NULL,1,0,1,'2020-11-05 16:13:53',1,'2020-11-05 16:13:53'),(78,6,3,'147',7,7,8,'Reefer','XXX YYY',3963,'1DW1A5321GB616424',231,34000,2,2,'2017-01-02',NULL,NULL,1,0,1,'2020-11-05 16:13:53',1,'2020-11-05 16:13:53'),(79,6,3,'148',7,7,8,'Reefer','XXX YYY',3963,'1DW1A5323GB616425',231,34000,2,2,'2017-01-02',NULL,NULL,1,0,1,'2020-11-05 16:13:53',1,'2020-11-05 16:13:53'),(80,6,3,'149',7,7,8,'Reefer','XXX YYY',3963,'1DW1A5327GB616427',231,34000,2,2,'2017-01-02',NULL,NULL,1,0,1,'2020-11-05 16:13:53',1,'2020-11-05 16:13:53'),(81,6,3,'150',7,7,8,'Reefer','XXX YYY',3963,'1DW1A5329GB616428',231,34000,2,2,'2017-01-02',NULL,NULL,1,0,1,'2020-11-05 16:13:53',1,'2020-11-05 16:13:53'),(82,6,3,'151',7,7,8,'Reefer','XXX YYY',3963,'1DW1A5327GB616430',231,34000,2,2,'2017-01-02',NULL,NULL,1,0,1,'2020-11-05 16:13:53',1,'2020-11-05 16:13:53'),(83,6,3,'152',7,7,8,'Reefer','XXX YYY',3963,'1DW1A5329GB616431',231,34000,2,2,'2017-01-02',NULL,NULL,1,0,1,'2020-11-05 16:13:53',1,'2020-11-05 16:13:53'),(84,6,3,'153',7,7,8,'Reefer','XXX YYY',3963,'1DW1A5320GB616432',231,34000,2,2,'2017-01-02',NULL,NULL,1,0,1,'2020-11-05 16:13:53',1,'2020-11-05 16:13:53'),(85,6,3,'154',7,7,8,'Reefer','XXX YYY',3963,'1DW1A5322GB616433',231,34000,2,2,'2017-01-02',NULL,NULL,1,0,1,'2020-11-05 16:13:53',1,'2020-11-05 16:13:53'),(86,6,3,'155',7,12,13,'Reefer','XXX YYY',3963,'1JJV532DXBL446304',231,34000,2,2,'2017-01-02',NULL,NULL,1,0,1,'2020-11-05 16:13:53',1,'2020-11-05 16:13:53'),(87,1,3,'77',2,4,33,'CON','ABC 789',671,'1XP7D43981V777584',38,20865,1,3,'2019-11-13',NULL,'',1,0,4,'2020-11-09 12:33:28',4,'2020-11-09 12:33:28'),(88,8,6,'160',1,8,43,'Con','8685PP',671,'4V4NC9EH6FN188958',38,42000,1,3,'2020-01-01',NULL,'',1,1,9,'2020-11-28 19:30:30',9,'2020-11-28 19:31:46'),(89,8,6,'164',1,7,26,'Con','7277PR',671,'1FUJGLD59GLGT7108',38,42000,1,3,'2020-01-01',NULL,NULL,1,1,1,'2020-11-28 19:30:42',1,'2020-11-28 19:31:48'),(90,8,6,'167',1,7,26,'Con','7304PR',671,'1FUJGLD59GLGT7111',38,42000,1,3,'2020-01-01',NULL,NULL,1,0,1,'2020-11-28 19:30:42',1,'2020-11-28 19:30:42'),(91,8,6,'172',1,6,44,'Con','4125PS',671,'5KJJBHDR9HLHW7979',38,42000,1,3,'2020-01-01',NULL,NULL,1,1,1,'2020-11-28 19:30:42',1,'2020-11-28 19:31:52'),(92,8,6,'180',1,16,39,'Con','7284PV',671,'1XP7DU9X07D667260',38,42000,1,3,'2020-01-01',NULL,NULL,1,1,1,'2020-11-28 19:30:42',1,'2020-11-28 19:31:55'),(93,8,6,'181',1,5,44,'Con','PA27738',671,'5KJJBHDR3JLJK5633',38,42000,1,3,'2020-01-01',NULL,NULL,1,1,1,'2020-11-28 19:30:42',1,'2020-11-28 19:32:05'),(94,8,6,'182',1,5,44,'Con','4936PW',671,'5KJJBHDR5JLJK5634',38,42000,1,3,'2020-01-01',NULL,NULL,1,1,1,'2020-11-28 19:30:42',1,'2020-11-28 19:32:08'),(95,8,6,'187',1,4,44,'Con','8304PY',671,'5KJJBHDR5KLKN9920',38,42000,1,3,'2020-01-01',NULL,NULL,1,1,1,'2020-11-28 19:30:42',1,'2020-11-28 19:32:10'),(96,8,6,'188',1,4,44,'Con','8305PY',671,'5KJJBHDR7KLKN9921',38,42000,1,3,'2020-01-01',NULL,NULL,1,1,1,'2020-11-28 19:30:42',1,'2020-11-28 19:32:38'),(97,8,6,'189',1,4,44,'Con','8306PY',671,'5KJJBHDR9KLKN9922',38,42000,1,3,'2020-01-01',NULL,NULL,1,1,1,'2020-11-28 19:30:42',1,'2020-11-28 19:32:12'),(98,8,6,'190',1,4,44,'Con','8307PY',671,'5KJJBHDR0KLKN9923',38,42000,1,3,'2020-01-01',NULL,NULL,1,1,1,'2020-11-28 19:30:42',1,'2020-11-28 19:32:15'),(99,8,6,'191',1,3,44,'Con','PA11478',671,'5KJJBHDR4LLKV1809',38,42000,1,3,'2020-01-01',NULL,NULL,1,1,1,'2020-11-28 19:30:42',1,'2020-11-28 19:32:18'),(100,8,6,'194',1,3,44,'Con','PA31501',671,'5KJJBHDR4LLKV1812',38,42000,1,3,'2020-01-01',NULL,NULL,1,1,1,'2020-11-28 19:30:42',1,'2020-11-28 19:32:35'),(101,8,6,'198',1,8,34,'Con','PA25899',671,'1XKYD49X2FJ973953',38,42000,1,3,'2020-01-01',NULL,NULL,1,1,1,'2020-11-28 19:30:42',1,'2020-11-28 19:32:20'),(102,8,6,'200',1,2,44,'Con','PA31415',671,'5KJJBHDR3MLMN5521',38,42000,1,3,'2020-01-01',NULL,NULL,1,1,1,'2020-11-28 19:30:42',1,'2020-11-28 19:32:23'),(103,8,6,'201',1,2,44,'Con','5588PT',671,'5KJJBHDR5MLMN5522',38,42000,1,3,'2020-01-01',NULL,NULL,1,1,1,'2020-11-28 19:30:42',1,'2020-11-28 19:32:26'),(104,8,6,'202',1,2,44,'Con','5552PT',671,'5KJJBHDR7MLMN5523',38,42000,1,3,'2020-01-01',NULL,NULL,1,1,1,'2020-11-28 19:30:42',1,'2020-11-28 19:32:28'),(105,8,6,'203',1,2,44,'Con','5587PT',671,'5KJJBHDR9MLMN5524',38,42000,1,3,'2020-01-01',NULL,NULL,1,1,1,'2020-11-28 19:30:42',1,'2020-11-28 19:32:31'),(106,8,6,'205',1,2,44,'Con','PA31416',671,'5KJJBHDR2MLMN5526',38,42000,1,3,'2020-01-01',NULL,NULL,1,1,1,'2020-11-28 19:30:42',1,'2020-11-28 19:32:33'),(107,9,6,'1149',1,10,35,'Con','3847PV',671,'1M1AW07Y3DM026315',38,42000,1,3,'2020-01-01',NULL,NULL,1,0,1,'2020-11-28 19:32:52',1,'2020-11-28 19:32:52'),(108,9,6,'159',1,8,43,'Con','PA21789',671,'4V4NC9EH1FN188950',38,42000,1,3,'2020-01-01','2021-03-09',NULL,0,0,1,'2020-11-28 19:32:52',1,'2021-09-09 16:08:25'),(109,8,6,'160',1,8,43,'Con','8685PP',671,'4V4NC9EH6FN188958',38,42000,1,3,'2020-01-01',NULL,NULL,1,0,1,'2020-11-28 19:32:52',1,'2020-11-28 19:32:52'),(110,8,6,'164',1,7,26,'Con','7277PR',671,'1FUJGLD59GLGT7108',38,42000,1,3,'2020-01-01','2021-08-20',NULL,0,0,1,'2020-11-28 19:32:52',1,'2021-09-09 15:27:00'),(111,9,6,'165',1,7,26,'Con','7294PR',671,'1FUJGLD50GLGT7109',38,42000,1,3,'2020-01-01',NULL,NULL,1,0,1,'2020-11-28 19:32:52',1,'2020-11-28 19:32:52'),(112,9,6,'168',1,7,26,'Con','4124PS',671,'1FUJGLD50GLGT7112',38,42000,1,3,'2020-01-01',NULL,NULL,1,0,1,'2020-11-28 19:32:52',1,'2020-11-28 19:32:52'),(113,8,6,'172',1,6,44,'Con','4125PS',671,'5KJJBHDR9HLHW7979',38,42000,1,3,'2020-01-01','2021-08-20',NULL,0,0,1,'2020-11-28 19:32:52',1,'2021-09-09 15:28:09'),(114,9,6,'173',1,6,44,'Con','3900PT',671,'5KJJBHDR5HLHW7980',38,42000,1,3,'2020-01-01',NULL,NULL,1,0,1,'2020-11-28 19:32:52',1,'2020-11-28 19:32:52'),(115,9,6,'174',1,6,44,'Con','5551PT',671,'5KJJBHDR7HLHW7981',38,42000,1,3,'2020-01-01',NULL,NULL,1,0,1,'2020-11-28 19:32:52',1,'2020-11-28 19:32:52'),(116,9,6,'175',1,6,44,'Con','6805PW',671,'5KJJBHDR9HLHW7982',38,42000,1,3,'2020-01-01',NULL,NULL,1,0,1,'2020-11-28 19:32:52',1,'2020-11-28 19:32:52'),(117,9,6,'178',1,6,44,'Con','9954PT',671,'5KJJBHDR8HLHW7987',38,42000,1,3,'2020-01-01',NULL,NULL,1,0,1,'2020-11-28 19:32:52',1,'2020-11-28 19:32:52'),(118,9,6,'179',1,6,44,'Con','9955PT',671,'5KJJBHDRXHLHW7988',38,42000,1,3,'2020-01-01','2020-10-29',NULL,0,0,1,'2020-11-28 19:32:52',1,'2021-09-09 20:49:00'),(119,8,6,'180',1,16,39,'Con','7284PV',671,'1XP7DU9X07D667260',38,42000,1,3,'2020-01-01',NULL,NULL,1,0,1,'2020-11-28 19:32:52',1,'2020-11-28 19:32:52'),(120,8,6,'181',1,5,44,'Con','PA27738',671,'5KJJBHDR3JLJK5633',38,42000,1,3,'2020-01-01','2021-08-20',NULL,0,0,1,'2020-11-28 19:32:52',1,'2021-09-09 15:29:17'),(121,8,6,'182',1,5,44,'Con','4936PW',671,'5KJJBHDR5JLJK5634',38,42000,1,3,'2020-01-01',NULL,NULL,1,0,1,'2020-11-28 19:32:52',1,'2021-09-09 20:39:08'),(122,9,6,'183',1,5,44,'Con','4938PW',671,'5KJJBHDR7JLJK5635',38,42000,1,3,'2020-01-01',NULL,NULL,1,0,1,'2020-11-28 19:32:52',1,'2020-11-28 19:32:52'),(123,9,6,'184',1,5,44,'Con','4937PW',671,'5KJJBHDR9JLJK5636',38,42000,1,3,'2020-01-01',NULL,NULL,1,0,1,'2020-11-28 19:32:52',1,'2020-11-28 19:32:52'),(124,9,6,'185',1,5,44,'Con','6803PW',671,'5KJJBHDR0JLJK5637',38,42000,1,3,'2020-01-01',NULL,NULL,1,0,1,'2020-11-28 19:32:52',1,'2020-11-28 19:32:52'),(125,9,6,'186',1,5,44,'Con','6804PW',671,'5KJJBHDR2JLJK5638',38,42000,1,3,'2020-01-01',NULL,NULL,1,0,1,'2020-11-28 19:32:52',1,'2020-11-28 19:32:52'),(126,8,6,'187',1,4,44,'Con','8304PY',671,'5KJJBHDR5KLKN9920',38,42000,1,3,'2020-01-01',NULL,NULL,1,0,1,'2020-11-28 19:32:52',1,'2020-11-28 19:32:52'),(127,8,6,'188',1,4,44,'Con','8305PY',671,'5KJJBHDR7KLKN9921',38,42000,1,3,'2020-01-01',NULL,NULL,1,0,1,'2020-11-28 19:32:52',1,'2020-11-28 19:32:52'),(128,8,6,'189',1,4,44,'Con','8306PY',671,'5KJJBHDR9KLKN9922',38,42000,1,3,'2020-01-01',NULL,NULL,1,0,1,'2020-11-28 19:32:52',1,'2020-11-28 19:32:52'),(129,8,6,'190',1,4,44,'Con','8307PY',671,'5KJJBHDR0KLKN9923',38,42000,1,3,'2020-01-01',NULL,NULL,1,0,1,'2020-11-28 19:32:52',1,'2020-11-28 19:32:52'),(130,8,6,'191',1,3,44,'Con','PA11478',671,'5KJJBHDR4LLKV1809',38,42000,1,3,'2020-01-01',NULL,NULL,1,0,1,'2020-11-28 19:32:52',1,'2020-11-28 19:32:52'),(131,9,6,'192',1,3,44,'Con','PA13591',671,'5KJJBHDR0LLKV1810',38,42000,1,3,'2020-01-01',NULL,NULL,1,0,1,'2020-11-28 19:32:52',1,'2020-11-28 19:32:52'),(132,9,6,'193',1,3,44,'Con','PA14787',671,'5KJJBHDR2LLKV1811',38,42000,1,3,'2020-01-01',NULL,NULL,1,0,1,'2020-11-28 19:32:52',1,'2020-11-28 19:32:52'),(133,8,6,'194',1,3,44,'Con','PA31501',671,'5KJJBHDR4LLKV1812',38,42000,1,3,'2020-01-01',NULL,NULL,1,0,1,'2020-11-28 19:32:52',1,'2020-11-28 19:32:52'),(134,9,6,'195',1,3,44,'Con','PA17921',671,'5KJJBHDR6LLKV1813',38,42000,1,3,'2020-01-01',NULL,NULL,1,0,1,'2020-11-28 19:32:52',1,'2020-11-28 19:32:52'),(135,9,6,'196',1,3,44,'Con','PA19490',671,'5KJJBHDR8LLKV1814',38,42000,1,3,'2020-01-01',NULL,NULL,1,0,1,'2020-11-28 19:32:52',1,'2020-11-28 19:32:52'),(136,9,6,'197',1,3,44,'Con','PA19468',671,'5KJJBHDRXLLKV1815',38,42000,1,3,'2020-01-01',NULL,NULL,1,0,1,'2020-11-28 19:32:52',1,'2020-11-28 19:32:52'),(137,8,6,'198',1,8,34,'Con','PA25899',671,'1XKYD49X2FJ973953',38,42000,1,3,'2020-01-01',NULL,NULL,1,0,1,'2020-11-28 19:32:52',1,'2020-11-28 19:32:52'),(138,9,6,'199',1,2,44,'Con','PA31413',671,'5KJJBHDR1MLMN5520',38,42000,1,3,'2020-01-01',NULL,NULL,1,0,1,'2020-11-28 19:32:52',1,'2020-11-28 19:32:52'),(139,8,6,'200',1,2,44,'Con','PA31415',671,'5KJJBHDR3MLMN5521',38,42000,1,3,'2020-01-01',NULL,NULL,1,0,1,'2020-11-28 19:32:52',1,'2020-11-28 19:32:52'),(140,8,6,'201',1,2,44,'Con','5588PT',671,'5KJJBHDR5MLMN5522',38,42000,1,3,'2020-01-01',NULL,NULL,1,0,1,'2020-11-28 19:32:52',1,'2020-12-21 18:31:31'),(141,8,6,'202',1,2,44,'Con','5552PT',671,'5KJJBHDR7MLMN5523',38,42000,1,3,'2020-01-01',NULL,NULL,1,0,1,'2020-11-28 19:32:52',1,'2020-12-21 18:31:56'),(142,8,6,'203',1,2,44,'Con','5587PT',671,'5KJJBHDR9MLMN5524',38,42000,1,3,'2020-01-01',NULL,NULL,1,0,1,'2020-11-28 19:32:52',1,'2020-12-21 18:32:21'),(143,9,6,'204',1,2,44,'Con','PA31414',671,'5KJJBHDR0MLMN5525',38,42000,1,3,'2020-01-01',NULL,NULL,1,0,1,'2020-11-28 19:32:52',1,'2020-11-28 19:32:52'),(144,8,6,'205',1,2,44,'Con','PA31416',671,'5KJJBHDR2MLMN5526',38,42000,1,3,'2020-01-01',NULL,NULL,1,0,1,'2020-11-28 19:32:52',1,'2020-11-28 19:32:52'),(145,9,6,'2737',1,16,43,'Con','8974PS',671,'4V4NC9GG97N477323',38,42000,1,3,'2020-01-01',NULL,NULL,1,0,1,'2020-11-28 19:32:52',1,'2020-11-28 19:32:52'),(146,9,6,'2748',1,4,44,'Con','PA31417',671,'5KJJAVDV8KLKU8912',38,42000,1,3,'2020-01-01',NULL,NULL,1,0,1,'2020-11-28 19:32:52',1,'2020-11-28 19:32:52'),(147,20,2,'130527',1,8,43,'VVN','XXXXXX',671,'98765432112365400',38,80000,2,3,'2020-01-01',NULL,NULL,1,0,1,'2020-12-04 02:10:36',1,'2020-12-04 02:10:36'),(148,21,2,'3013',1,6,43,'VVN','1220PV',671,'4V4NC9EH9HN979519',38,80000,2,3,'2016-10-16',NULL,NULL,1,0,1,'2020-12-04 02:10:36',1,'2020-12-04 02:10:36'),(149,21,2,'3014',1,6,43,'VVN','PA28289',671,'4V4NC9EH5HN979520',38,80000,2,3,'2016-10-18',NULL,NULL,1,0,1,'2020-12-04 02:10:36',1,'2020-12-04 02:10:36'),(150,20,2,'3127',1,8,43,'VVN','XXXXXX',671,'98765432112365400',38,80000,2,3,'2020-01-01',NULL,NULL,1,0,1,'2020-12-04 02:10:36',1,'2020-12-04 02:10:36'),(151,20,2,'3128',1,8,43,'VVN','XXXXXX',671,'98765432112365400',38,80000,2,3,'2020-01-01',NULL,NULL,1,0,1,'2020-12-04 02:10:36',1,'2020-12-04 02:10:36'),(152,20,2,'3129',1,8,43,'VVN','XXXXXX',671,'98765432112365400',38,80000,2,3,'2020-01-01',NULL,NULL,1,0,1,'2020-12-04 02:10:36',1,'2020-12-04 02:10:36'),(153,20,2,'3302',1,8,43,'VVN','XXXXXX',671,'98765432112365400',38,80000,2,3,'2020-01-01',NULL,NULL,1,0,1,'2020-12-04 02:10:36',1,'2020-12-04 02:10:36'),(154,21,2,'3307A',1,8,39,'CON','6588PP',671,'1XPBDP9XXFD282816',38,80000,2,3,'2016-07-01',NULL,NULL,1,0,1,'2020-12-04 02:10:36',1,'2020-12-04 02:10:36'),(155,21,2,'3308A',1,8,39,'CON','6589PP',671,'1XPBDP9X1FD282817',38,80000,2,3,'2016-07-01',NULL,NULL,1,0,1,'2020-12-04 02:10:36',1,'2020-12-04 02:10:36'),(156,21,2,'3309A',1,8,39,'CON','6590PP',671,'1XPBDP9X3FD282818',38,80000,2,3,'2016-07-01',NULL,NULL,1,0,1,'2020-12-04 02:10:36',1,'2020-12-04 02:10:36'),(157,20,2,'3356',1,8,43,'VVN','XXXXXX',671,'98765432112365400',38,80000,2,3,'2020-01-01',NULL,NULL,1,0,1,'2020-12-04 02:10:36',1,'2020-12-04 02:10:36'),(158,20,2,'3449',1,8,43,'VVN','XXXXXX',671,'98765432112365400',38,80000,2,3,'2020-01-01',NULL,NULL,1,0,1,'2020-12-04 02:10:36',1,'2020-12-04 02:10:36'),(159,20,2,'645207A',1,8,43,'VVN','XXXXXX',671,'98765432112365400',38,80000,2,3,'2020-01-01',NULL,NULL,1,0,1,'2020-12-04 02:10:36',1,'2020-12-04 02:10:36'),(160,20,2,'646266',1,8,43,'VVN','XXXXXX',671,'98765432112365400',38,80000,2,3,'2020-01-01',NULL,NULL,1,0,1,'2020-12-04 02:10:36',1,'2020-12-04 02:10:36'),(161,20,2,'646267',1,8,43,'VVN','XXXXXX',671,'98765432112365400',38,80000,2,3,'2020-01-01',NULL,NULL,1,0,1,'2020-12-04 02:10:36',1,'2020-12-04 02:10:36'),(162,20,2,'646270',1,8,43,'VVN','XXXXXX',671,'98765432112365400',38,80000,2,3,'2020-01-01',NULL,NULL,1,0,1,'2020-12-04 02:10:36',1,'2020-12-04 02:10:36'),(163,20,2,'646276',1,8,43,'VVN','XXXXXX',671,'98765432112365400',38,80000,2,3,'2020-01-01',NULL,NULL,1,0,1,'2020-12-04 02:10:36',1,'2020-12-04 02:10:36'),(164,22,2,'809051',1,4,43,'VVN','AW91701',671,'4V4WC9EHXKN200267',38,80000,2,3,'2020-01-01',NULL,NULL,1,0,1,'2020-12-04 02:10:36',1,'2020-12-04 02:10:36'),(165,22,2,'809052',1,4,43,'VVN','AW91702',671,'4V4WC9EH1KN200268',38,80000,2,3,'2020-01-01',NULL,NULL,1,0,1,'2020-12-04 02:10:36',1,'2020-12-04 02:10:36'),(166,20,2,'836578',1,8,43,'VVN','XXXXXX',671,'98765432112365400',38,80000,2,3,'2020-01-01',NULL,NULL,1,0,1,'2020-12-04 02:10:36',1,'2020-12-04 02:10:36'),(167,22,2,'880877',1,3,43,'VVN','XXXXXX',671,'98765432112365400',38,80000,2,3,'2020-01-01',NULL,NULL,1,0,1,'2020-12-04 02:10:36',1,'2020-12-04 02:10:36'),(168,22,2,'880878',1,3,43,'VVN','XXXXXX',671,'98765432112365400',38,80000,2,3,'2020-01-01',NULL,NULL,1,0,1,'2020-12-04 02:10:36',1,'2020-12-04 02:10:36'),(169,21,2,'880879',1,3,43,'VVN','PA12366',671,'4V4WC9EH3LN249361',38,80000,2,3,'2019-05-07',NULL,NULL,1,0,1,'2020-12-04 02:10:36',1,'2020-12-04 02:10:36'),(170,21,2,'880880',1,3,43,'VVN','PA13593',671,'4V4WC9EH5LN249362',38,80000,2,3,'2019-05-22',NULL,NULL,1,0,1,'2020-12-04 02:10:36',1,'2020-12-04 02:10:36'),(171,21,2,'880881',1,3,43,'VVN','PA12367',671,'4V4WC9EH7LN249363',38,80000,2,3,'2019-05-07',NULL,NULL,1,0,1,'2020-12-04 02:10:36',1,'2020-12-04 02:10:36'),(172,17,10,'130527',1,8,43,'VVN','XXXXXX',671,'98765432112365400',38,80000,2,3,'2020-01-01',NULL,NULL,1,1,1,'2020-12-04 03:02:04',1,'2020-12-04 14:13:56'),(173,15,10,'3013',1,6,43,'VVN','1220PV',671,'4V4NC9EH9HN979519',38,40000,1,3,'2016-10-16',NULL,NULL,1,0,1,'2020-12-04 03:02:04',1,'2020-12-04 15:44:05'),(174,15,10,'3014',1,6,43,'VVN','PA28289',671,'4V4NC9EH5HN979520',38,40000,1,3,'2016-10-18',NULL,NULL,1,0,1,'2020-12-04 03:02:04',1,'2020-12-04 15:11:20'),(175,17,10,'3127',1,8,43,'VVN','XXXXXX',671,'98765432112365400',38,80000,2,3,'2020-01-01',NULL,NULL,1,1,1,'2020-12-04 03:02:04',1,'2020-12-04 14:15:16'),(176,17,10,'3128',1,8,43,'VVN','XXXXXX',671,'98765432112365400',38,80000,2,3,'2020-01-01',NULL,NULL,1,1,1,'2020-12-04 03:02:04',1,'2020-12-04 14:15:33'),(177,17,10,'3129',1,8,43,'VVN','XXXXXX',671,'98765432112365400',38,80000,2,3,'2020-01-01',NULL,NULL,1,1,1,'2020-12-04 03:02:04',1,'2020-12-04 14:15:56'),(178,17,10,'3302',1,8,43,'VVN','XXXXXX',671,'98765432112365400',38,80000,2,3,'2020-01-01',NULL,NULL,1,1,1,'2020-12-04 03:02:04',1,'2020-12-04 14:16:08'),(179,15,10,'3307',1,8,39,'CON','6588PP',671,'1XPBDP9XXFD282816',38,40000,1,3,'2016-07-01',NULL,NULL,1,0,1,'2020-12-04 03:02:04',1,'2020-12-04 15:11:31'),(180,15,10,'3308',1,8,39,'CON','6589PP',671,'1XPBDP9X1FD282817',38,40000,1,3,'2016-07-01',NULL,NULL,1,0,1,'2020-12-04 03:02:04',1,'2020-12-04 15:11:44'),(181,15,10,'3309',1,8,39,'CON','6590PP',671,'1XPBDP9X3FD282818',38,40000,1,3,'2016-07-01',NULL,NULL,1,0,1,'2020-12-04 03:02:04',1,'2020-12-04 15:11:56'),(182,17,10,'3356',1,8,43,'VVN','XXXXXX',671,'98765432112365400',38,80000,2,3,'2020-01-01',NULL,NULL,1,1,1,'2020-12-04 03:02:04',1,'2020-12-04 14:14:04'),(183,17,10,'3449',1,8,43,'VVN','XXXXXX',671,'98765432112365400',38,80000,2,3,'2020-01-01',NULL,NULL,1,1,1,'2020-12-04 03:02:04',1,'2020-12-04 14:14:10'),(184,17,10,'645207A',1,8,43,'VVN','XXXXXX',671,'98765432112365400',38,80000,2,3,'2020-01-01',NULL,NULL,1,1,1,'2020-12-04 03:02:04',1,'2020-12-04 14:14:43'),(185,17,10,'646266',1,8,43,'VVN','XXXXXX',671,'98765432112365400',38,80000,2,3,'2020-01-01',NULL,NULL,1,1,1,'2020-12-04 03:02:04',1,'2020-12-04 14:14:47'),(186,17,10,'646267',1,8,43,'VVN','XXXXXX',671,'98765432112365400',38,80000,2,3,'2020-01-01',NULL,NULL,1,1,1,'2020-12-04 03:02:04',1,'2020-12-04 14:14:54'),(187,17,10,'646270',1,8,43,'VVN','XXXXXX',671,'98765432112365400',38,80000,2,3,'2020-01-01',NULL,NULL,1,1,1,'2020-12-04 03:02:04',1,'2020-12-04 14:14:58'),(188,17,10,'646276',1,8,43,'VVN','XXXXXX',671,'98765432112365400',38,80000,2,3,'2020-01-01',NULL,NULL,1,1,1,'2020-12-04 03:02:04',1,'2020-12-04 14:15:01'),(189,18,10,'809051',1,4,43,'VVN','AW91701',671,'4V4WC9EHXKN200267',38,36200,1,3,'2020-01-01',NULL,NULL,1,0,1,'2020-12-04 03:02:04',1,'2020-12-04 15:29:47'),(190,18,10,'809052',1,4,43,'VVN','AW91702',671,'4V4WC9EH1KN200268',38,36200,1,3,'2020-01-01',NULL,NULL,1,0,1,'2020-12-04 03:02:04',1,'2020-12-04 15:29:55'),(191,17,10,'836578',1,8,43,'VVN','XXXXXX',671,'98765432112365400',38,80000,2,3,'2020-01-01',NULL,NULL,1,1,1,'2020-12-04 03:02:04',1,'2020-12-04 14:16:02'),(192,18,10,'880877',1,3,43,'VVN','XXXXXX',671,'98765432112365400',38,36200,1,3,'2020-01-01',NULL,NULL,1,0,1,'2020-12-04 03:02:04',1,'2020-12-04 15:30:04'),(193,18,10,'880878',1,3,43,'VVN','XXXXXX',671,'98765432112365400',38,36200,1,3,'2020-01-01',NULL,NULL,1,0,1,'2020-12-04 03:02:04',1,'2020-12-04 15:30:24'),(194,15,10,'880879',1,3,43,'VVN','PA12366',671,'4V4WC9EH3LN249361',38,40000,1,3,'2019-05-07',NULL,NULL,1,0,1,'2020-12-04 03:02:04',1,'2020-12-04 15:12:24'),(195,15,10,'880880',1,3,43,'VVN','PA13593',671,'4V4WC9EH5LN249362',38,40000,1,3,'2019-05-22',NULL,NULL,1,0,1,'2020-12-04 03:02:04',1,'2020-12-04 15:12:41'),(196,15,10,'880881',1,3,43,'VVN','PA12367',671,'4V4WC9EH7LN249363',38,40000,1,3,'2019-05-07',NULL,NULL,1,0,1,'2020-12-04 03:02:04',1,'2020-12-04 15:12:50'),(197,18,10,'2015ST',2,8,31,'ST','AJ61321',671,'2AYNF8JV8F3S12619',38,24250,1,2,'2014-11-18',NULL,'',1,0,13,'2020-12-04 14:37:52',13,'2020-12-04 14:37:52'),(198,24,8,'1000',1,4,35,'Con','4773PZ',671,'1M1AN4GY8KM004320',38,63500,1,3,'2019-01-21',NULL,NULL,1,0,1,'2020-12-04 18:42:33',1,'2020-12-04 19:42:05'),(199,26,8,'190',1,10,35,'Con','AV62046',671,'1M1AW09Y4DM028653',38,80000,2,3,'2018-01-25',NULL,NULL,1,0,1,'2020-12-04 18:42:33',1,'2020-12-04 18:42:33'),(200,26,8,'300',1,10,35,'Con','AE32265',671,'1M1AW07Y0DM026451',38,80000,2,3,'2013-07-12',NULL,NULL,1,0,1,'2020-12-04 18:42:33',1,'2020-12-04 18:42:33'),(201,26,8,'335',1,8,35,'Con','AB13589',671,'1M1AW07Y6FM044066',38,80000,2,3,'2015-08-27',NULL,NULL,1,0,1,'2020-12-04 18:42:33',1,'2020-12-04 18:42:33'),(202,24,8,'340',1,8,35,'Con','4268PN',671,'1M1AW07Y4FM044065',38,36287,1,3,'2015-01-28',NULL,NULL,1,0,1,'2020-12-04 18:42:33',1,'2020-12-04 19:05:16'),(203,24,8,'350',1,8,39,'Con','5648PM',671,'1XPBDP9X9FD276957',38,63500,1,3,'2014-07-30',NULL,NULL,1,0,1,'2020-12-04 18:42:33',1,'2020-12-04 19:46:14'),(204,24,8,'370',1,8,39,'Con','5677PV',671,'1XPBDP9XXFD267135',38,63500,1,3,'2017-02-03',NULL,NULL,1,0,1,'2020-12-04 18:42:33',1,'2020-12-04 19:08:16'),(205,25,8,'375',1,8,39,'Con','9449PP',671,'1NPXDP9X4FD266689',38,63500,1,3,'2015-01-28',NULL,NULL,1,0,1,'2020-12-04 18:42:33',1,'2020-12-04 19:06:24'),(206,24,8,'380',1,7,39,'Con','8870PM',671,'1XPBDP9X8GD326278',38,63500,1,3,'2015-08-10',NULL,NULL,1,0,1,'2020-12-04 18:42:33',1,'2020-12-04 19:08:31'),(207,26,8,'400',1,6,26,'Con','AP78527',671,'1FUJGEDR2HLHM1066',38,80000,2,3,'2016-10-07',NULL,NULL,1,0,1,'2020-12-04 18:42:33',1,'2020-12-04 18:42:33'),(208,25,8,'405',1,6,26,'Con','1197PV',671,'1FUJGLDR6HLHU3522',38,63500,1,3,'2016-10-11',NULL,NULL,1,0,1,'2020-12-04 18:42:33',1,'2020-12-04 19:06:35'),(209,25,8,'430',1,15,26,'Con','6697PW',671,'1FUJBBCK38LZ05312',38,63500,1,3,'2017-07-20',NULL,NULL,1,0,1,'2020-12-04 18:42:33',1,'2020-12-04 19:06:45'),(210,24,8,'450',1,33,34,'Con','PA26175',671,'1XKED29X4LJ812555',38,63500,1,3,'2018-04-18',NULL,NULL,1,0,1,'2020-12-04 18:42:33',1,'2020-12-04 19:47:04'),(211,26,8,'500',1,4,35,'Con','AW71747',671,'1M1AW09Y5KM089717',38,80000,2,3,'2018-06-11',NULL,NULL,1,0,1,'2020-12-04 18:42:33',1,'2020-12-04 18:42:33'),(212,26,8,'570',1,7,26,'Con','BA67716',671,'1FUJGLD55GLGR0694',38,139992,1,3,'2019-09-10','2021-10-04',NULL,0,0,1,'2020-12-04 18:42:33',1,'2021-10-04 18:45:00'),(213,26,8,'580',1,8,26,'Con','BE65520',671,'1FUJGLD57FLGP2552',38,139992,2,3,'2019-09-17',NULL,NULL,1,0,1,'2020-12-04 18:42:33',1,'2020-12-04 18:42:33'),(214,26,8,'590',1,15,43,'Con','BD77425',671,'4V4NC9GH98N481432',38,80000,2,3,'2020-09-09',NULL,NULL,1,0,1,'2020-12-04 18:42:33',1,'2020-12-04 18:42:33'),(215,28,8,'C45TopKick',3,16,28,'P/U','BA25352',671,'1GDE4E1977F420622',38,19841,2,2,'2019-09-18',NULL,NULL,1,0,1,'2020-12-04 18:42:33',1,'2020-12-04 18:42:33'),(216,29,9,'Unit 4 - Richard\'s Truck',1,7,26,'Cascadia','3008759',3935,'1FUJGLD53GLHK4194',231,80000,2,3,'2020-01-19',NULL,'',1,0,12,'2020-12-07 16:27:21',12,'2020-12-07 16:27:21'),(217,34,11,'30',2,25,33,'CON','9884LV',671,'1HTSDAAN6WH545212',38,14000,1,2,'2004-07-26',NULL,NULL,1,0,1,'2020-12-18 16:43:52',1,'2020-12-18 16:43:52'),(218,33,11,'31',1,22,33,'CON','7559N0',671,'1HTXHAETX1J010209',38,30000,1,3,'2004-11-15',NULL,NULL,1,1,1,'2020-12-18 16:43:52',1,'2020-12-18 19:46:44'),(219,34,11,'35',2,23,33,'CON','4518N0',671,'1HTSDAAN0YH226276',38,14000,1,2,'2005-02-10',NULL,NULL,1,1,1,'2020-12-18 16:43:52',1,'2020-12-18 19:47:01'),(220,33,11,'36',1,19,44,'CON','9803NZ',671,'5KKHALAN34PL76389',38,27500,1,3,'2005-04-01',NULL,NULL,1,0,1,'2020-12-18 16:43:52',1,'2020-12-18 16:43:52'),(221,33,11,'84',1,8,39,'CON','9808LY',671,'1NPTLP0XXFD256571',38,29000,1,3,'2014-12-01',NULL,NULL,1,1,1,'2020-12-18 16:43:52',1,'2020-12-18 19:47:31'),(222,33,11,'90',1,23,33,'CON','XXXXXX',671,'XXXXXXXXXXXXXXXXX',38,29000,1,3,'2015-04-01',NULL,NULL,1,1,1,'2020-12-18 16:43:52',1,'2020-12-18 19:47:35'),(223,33,11,'101',1,5,39,'CON','AS88645',671,'1NPTL40X3JD468171',38,29000,1,3,'2017-07-06',NULL,NULL,1,1,1,'2020-12-18 16:43:52',1,'2020-12-18 19:44:05'),(224,32,11,'18',1,23,33,'CON','9213PX',671,'2HSCNAER4YC042761',38,63500,1,3,'2000-09-29',NULL,NULL,1,0,1,'2020-12-18 16:43:52',1,'2020-12-18 19:02:30'),(225,32,11,'40',1,16,33,'CON','5039PX',671,'2HSCNAPR37C561148',38,63500,1,3,'2007-06-07',NULL,NULL,1,0,1,'2020-12-18 16:43:52',1,'2020-12-18 19:03:08'),(226,32,11,'57',1,18,33,'CON','5040PX',671,'2HSCNAPT25C145942',38,63500,1,3,'2011-07-13',NULL,NULL,1,0,1,'2020-12-18 16:43:52',1,'2020-12-18 19:03:46'),(227,32,11,'61',1,17,33,'CON','7846PJ',671,'2HSCHSCR66C311307',38,63500,1,3,'2011-11-07',NULL,'O/O COOK\n',1,0,1,'2020-12-18 16:43:52',1,'2020-12-18 19:04:29'),(228,32,11,'66',1,11,33,'CON','4750PZ',671,'3HSDJSJR2CN411345',38,63500,1,3,'2013-04-10',NULL,NULL,1,0,1,'2020-12-18 16:43:52',1,'2020-12-18 19:04:49'),(229,32,11,'99',1,16,33,'CON','5585PV',671,'2HSCHSBR87C392135',38,63500,1,3,'2017-01-09',NULL,NULL,1,0,1,'2020-12-18 16:43:52',1,'2020-12-18 16:43:52'),(230,32,11,'132',1,18,34,'CON','7100PV',671,'1XKWDB0X15R982989',38,63500,1,3,'2019-08-15',NULL,'O/O MACVICAR\n',1,0,1,'2020-12-18 16:43:52',1,'2020-12-18 18:54:47'),(231,32,11,'137',1,4,35,'CON','PA23430',671,'1M1PN4GY0KM001485',38,63500,1,3,'2020-01-08',NULL,NULL,1,0,1,'2020-12-18 16:43:52',1,'2020-12-18 16:43:52'),(232,32,11,'139',1,25,33,'CON','PA23400',671,'2HSFHAMR7WC071254',38,63500,1,3,'2020-01-06',NULL,'O/O COOK\n',1,0,1,'2020-12-18 16:43:52',1,'2020-12-18 18:55:05'),(233,32,11,'A119',1,5,35,'CON','5041PX',671,'1M1AW07Y5JM087225',38,63500,1,3,'2018-03-13',NULL,NULL,1,0,1,'2020-12-18 16:43:52',1,'2020-12-18 16:43:52'),(234,32,11,'A122',1,6,35,'CON','9218PX',671,'1M1AW07Y4HM080874',38,63500,1,3,'2018-06-21',NULL,NULL,1,0,1,'2020-12-18 16:43:52',1,'2020-12-18 16:43:52'),(235,32,11,'A130',1,3,35,'CON','PA11465',671,'1M1AN4GY4LM011069',38,63500,1,3,'2019-04-24',NULL,NULL,1,1,1,'2020-12-18 16:43:52',1,'2020-12-18 19:47:52'),(236,34,11,'30',2,25,33,'CON','9884LV',671,'1HTSDAAN6WH545212',38,14000,1,2,'2004-07-26',NULL,NULL,1,1,1,'2020-12-18 16:43:52',1,'2020-12-18 19:46:40'),(237,33,11,'31',1,22,33,'CON','7559N0',671,'1HTXHAETX1J010209',38,30000,1,3,'2004-11-15',NULL,NULL,1,0,1,'2020-12-18 16:43:52',1,'2020-12-18 16:43:52'),(238,34,11,'35',2,23,33,'CON','4518N0',671,'1HTSDAAN0YH226276',38,14000,1,2,'2005-02-10',NULL,NULL,1,0,1,'2020-12-18 16:43:52',1,'2020-12-18 16:43:52'),(239,33,11,'36',1,19,44,'CON','9803NZ',671,'5KKHALAN34PL76389',38,27500,1,3,'2005-04-01',NULL,NULL,1,1,1,'2020-12-18 16:43:52',1,'2020-12-18 19:47:05'),(240,33,11,'84',1,8,39,'CON','9808LY',671,'1NPTLP0XXFD256571',38,29000,1,3,'2014-12-01',NULL,NULL,1,0,1,'2020-12-18 16:43:52',1,'2020-12-18 16:43:52'),(241,33,11,'90',1,23,33,'CON','XXXXXX',671,'XXXXXXXXXXXXXXXXX',38,29000,1,3,'2015-04-01',NULL,NULL,1,0,1,'2020-12-18 16:43:52',1,'2020-12-18 16:43:52'),(242,33,11,'101',1,5,39,'CON','AS88645',671,'1NPTL40X3JD468171',38,29000,1,3,'2017-07-06',NULL,NULL,1,0,1,'2020-12-18 16:43:52',1,'2020-12-18 16:43:52'),(243,32,11,'18',1,23,33,'CON','9213PX',671,'2HSCNAER4YC042761',38,63500,1,3,'2000-09-29',NULL,NULL,1,1,1,'2020-12-18 16:43:52',1,'2020-12-18 19:46:34'),(244,32,11,'40',1,16,33,'CON','5039PX',671,'2HSCNAPR37C561148',38,63500,1,3,'2007-06-07',NULL,NULL,1,1,1,'2020-12-18 16:43:52',1,'2020-12-18 19:47:09'),(245,32,11,'57',1,18,33,'CON','5040PX',671,'2HSCNAPT25C145942',38,63500,1,3,'2011-07-13',NULL,NULL,1,1,1,'2020-12-18 16:43:52',1,'2020-12-18 19:47:14'),(246,32,11,'61',1,17,33,'CON','7846PJ',671,'2HSCHSCR66C311307',38,63500,1,3,'2011-11-07',NULL,NULL,1,1,1,'2020-12-18 16:43:52',1,'2020-12-18 19:47:19'),(247,32,11,'66',1,11,33,'CON','4750PZ',671,'3HSDJSJR2CN411345',38,63500,1,3,'2013-04-10',NULL,NULL,1,1,1,'2020-12-18 16:43:52',1,'2020-12-18 19:47:24'),(248,32,11,'99',1,16,33,'CON','5585PV',671,'2HSCHSBR87C392135',38,63500,1,3,'2017-01-09',NULL,NULL,1,1,1,'2020-12-18 16:43:52',1,'2020-12-18 19:47:39'),(249,32,11,'132',1,18,34,'CON','7100PV',671,'1XKWDB0X15R982989',38,63500,1,3,'2019-08-15',NULL,NULL,1,1,1,'2020-12-18 16:43:52',1,'2020-12-18 19:46:16'),(250,32,11,'137',1,4,35,'CON','PA23430',671,'1M1PN4GY0KM001485',38,63500,1,3,'2020-01-08',NULL,NULL,1,1,1,'2020-12-18 16:43:52',1,'2020-12-18 19:46:23'),(251,32,11,'139',1,25,33,'CON','PA23400',671,'2HSFHAMR7WC071254',38,63500,1,3,'2020-01-06',NULL,NULL,1,1,1,'2020-12-18 16:43:52',1,'2020-12-18 19:46:29'),(252,32,11,'A119',1,5,35,'CON','5041PX',671,'1M1AW07Y5JM087225',38,63500,1,3,'2018-03-13',NULL,NULL,1,1,1,'2020-12-18 16:43:52',1,'2020-12-18 19:47:43'),(253,32,11,'A122',1,6,35,'CON','9218PX',671,'1M1AW07Y4HM080874',38,63500,1,3,'2018-06-21',NULL,NULL,1,1,1,'2020-12-18 16:43:52',1,'2020-12-18 19:47:47'),(254,32,11,'A130',1,3,35,'CON','PA11465',671,'1M1AN4GY4LM011069',38,63500,1,3,'2019-04-24',NULL,NULL,1,0,1,'2020-12-18 16:43:52',1,'2020-12-18 20:27:32'),(255,32,11,'A93',1,7,39,'CON','3986PS',671,'1XPTDP0X4GD352796',38,63500,1,3,'2015-09-03',NULL,NULL,1,0,1,'2020-12-18 16:43:52',1,'2020-12-18 16:43:52'),(256,32,11,'A94',1,7,39,'CON','3985PS',671,'1XPTDP0X6GD352797',38,63500,1,3,'2015-09-03',NULL,NULL,1,0,1,'2020-12-18 16:43:52',1,'2020-12-18 16:43:52'),(257,35,12,'4080',1,16,26,'N/A','RB89676',3945,'1FUJA6CK57LU85612',38,12000,1,3,'2020-01-01',NULL,'',1,0,16,'2021-01-01 15:52:20',16,'2021-01-19 15:32:05'),(258,35,12,'4081',1,16,43,'Volvo','Temp',3945,'4V4NC9TJ07N442722',38,80000,1,3,'2021-01-19',NULL,'',1,0,16,'2021-01-19 15:45:02',16,'2021-01-19 15:45:02'),(259,35,12,'4082',1,16,43,'Volvo','RB41984',3945,'RB41984',38,80000,1,3,'2021-01-19',NULL,'',1,0,16,'2021-01-19 16:33:20',16,'2021-01-19 16:38:00'),(260,36,15,'RAM2500',3,3,23,'RAM2500','PBP1709',3970,'3C6UR5HL3LG276201',231,10000,2,2,'2021-07-07','2022-07-07','',1,0,20,'2021-07-09 18:36:02',20,'2021-07-09 18:36:02'),(261,37,22,'9501',1,28,33,'CON','7886PA',671,'2HSFBAMR7SC023281',38,36287,1,3,'2011-01-01',NULL,'',1,0,29,'2021-08-19 19:02:40',29,'2021-08-23 18:10:27'),(262,39,20,'12',1,20,35,'Con','PT1200',671,'1M1AE07Y93W013705',38,36287,1,3,'2003-01-13',NULL,NULL,1,0,1,'2021-08-23 18:27:56',1,'2021-08-23 18:34:54'),(263,39,20,'20A',1,16,35,'Con','XXXXXX',671,'1XPFDB0XX7N696692',38,36287,1,3,'2017-08-01',NULL,NULL,1,0,1,'2021-08-23 18:27:56',1,'2021-08-23 18:35:02'),(264,38,20,'21',1,12,35,'Con','8483PY',671,'1M1AW07Y3BM017014',38,57999,1,3,'2011-06-21',NULL,NULL,1,0,1,'2021-08-23 18:27:56',1,'2021-08-23 18:35:24'),(265,39,20,'22',1,23,26,'Con','XXXXXX',671,'00000000000000000',38,36287,1,3,'2014-05-01',NULL,NULL,1,0,1,'2021-08-23 18:27:56',1,'2021-08-23 18:36:16'),(266,38,20,'23',1,9,33,'Con','1446PP',671,'3HSDJAPR7EN757184',38,57999,1,3,'2014-06-10',NULL,NULL,1,0,1,'2021-08-23 18:27:56',1,'2021-08-23 18:35:42'),(267,39,20,'24',1,23,34,'Con','XXXXXX',671,'00000000000000000',38,36287,1,3,'2014-07-01',NULL,NULL,1,0,1,'2021-08-23 18:27:56',1,'2021-08-23 18:36:24'),(268,38,20,'25',1,8,33,'Con','8665PP',671,'3HSDJAPR0FN715943',38,36287,1,3,'2014-11-18',NULL,NULL,1,0,1,'2021-08-23 18:27:56',1,'2021-08-23 18:36:32'),(269,39,20,'26',1,12,26,'Con','AM65857',671,'1FUJGEDV1BLBC2359',38,57999,1,3,'2015-12-23',NULL,NULL,1,0,1,'2021-08-23 18:27:56',1,'2021-08-23 18:36:00'),(270,39,20,'27',1,23,35,'Con','XXXXXX',671,'00000000000000000',38,36287,1,3,'2018-07-17',NULL,NULL,1,0,1,'2021-08-23 18:27:56',1,'2021-08-23 18:36:39'),(271,39,20,'28',1,3,44,'Con','BC60649',671,'5KJJAED13LPLX2576',38,36287,1,3,'2020-06-03',NULL,NULL,1,0,1,'2021-08-23 18:27:56',1,'2021-08-23 18:36:46'),(272,43,24,'107-18',1,5,31,'Con','BK62298',671,'2AYNE8JR1J3S12167',38,24250,1,3,'2017-12-21',NULL,NULL,1,0,1,'2021-08-23 19:28:59',1,'2021-08-23 19:30:17'),(273,43,24,'108-18',1,5,31,'Con','BK33561',671,'2AYNE8JP6J3S13989',38,24250,1,3,'2018-09-13',NULL,NULL,1,0,1,'2021-08-23 19:28:59',1,'2021-08-23 19:30:44'),(274,43,24,'109-20',1,3,50,'Con','BC64663',671,'JALE5W165L7300513',38,19489,1,3,'2020-05-20',NULL,NULL,1,0,1,'2021-08-23 19:28:59',1,'2021-08-23 19:31:13'),(275,40,24,'307-13',1,10,33,'Con','9979PK',671,'3HSDJSJR9DN153875',38,36287,1,3,'2012-05-28',NULL,NULL,1,0,1,'2021-08-23 19:28:59',1,'2021-08-23 19:31:31'),(276,40,24,'309-14',1,9,34,'Con','8773PM',671,'1XKYDP9X7EJ967551',38,36287,1,3,'2013-09-04',NULL,NULL,1,0,1,'2021-08-23 19:28:59',1,'2021-08-23 19:31:55'),(277,40,24,'311-20',1,3,39,'Con','PA15460',671,'1XPBDP9X4LD669860',38,36287,1,3,'2019-06-20',NULL,NULL,1,0,1,'2021-08-23 19:28:59',1,'2021-08-23 19:32:33'),(278,40,24,'312-20',1,3,26,'Con','PA20505',671,'3AKJHHDR6LSKX0077',38,36287,1,3,'2019-10-21',NULL,NULL,1,0,1,'2021-08-23 19:28:59',1,'2021-08-23 19:32:50'),(279,40,24,'314-19',1,4,34,'Con','PA24882',671,'1XKYDP9X7KJ956061',38,36287,1,3,'2020-01-14',NULL,NULL,1,0,1,'2021-08-23 19:28:59',1,'2021-08-23 19:33:01'),(280,42,24,'PENSKE 1',1,2,26,'Con','XXXXXX',671,'1XKYDP9X7KJXXXXXX',38,36287,1,3,'2021-04-10','2021-04-30',NULL,0,0,1,'2021-08-23 19:28:59',1,'2021-08-24 15:44:08'),(281,3,3,'111-11',1,5,31,'Con','BK62298',671,'2AYNE8JR1J3S12167',38,24250,1,3,'2021-01-03',NULL,NULL,1,0,1,'2021-08-24 13:16:12',1,'2021-10-04 09:34:44'),(282,46,25,'102A',1,15,23,'Con','2715PF',671,'3D7MX46A18G139541',38,11000,1,2,'2017-04-13',NULL,NULL,1,1,1,'2021-08-24 18:32:00',1,'2021-08-27 19:53:19'),(283,46,25,'103B',1,8,26,'Con','8207PY',671,'3ALACXDU4FDGD0477',38,14499,1,2,'2018-10-19',NULL,NULL,1,0,1,'2021-08-24 18:32:00',1,'2021-08-24 18:37:03'),(284,46,25,'203A',1,15,43,'VVN','5978PF',671,'4V4NC9TH98N489729',38,36287,1,3,'2017-04-03',NULL,NULL,1,0,1,'2021-08-24 18:32:00',1,'2021-08-24 18:37:16'),(285,46,25,'204A',1,8,43,'VVN','8789PS',671,'4V4NC9EG8FN184305',38,36287,1,3,'2017-04-03',NULL,NULL,1,0,1,'2021-08-24 18:32:00',1,'2021-08-24 18:38:06'),(286,46,25,'4816',1,9,43,'VVN','5552PM',671,'4V4NC9EJ4EN159346',38,36287,1,3,'2013-08-08',NULL,NULL,1,0,1,'2021-08-24 18:32:00',1,'2021-08-24 18:38:21'),(287,46,25,'5801',1,7,43,'VVN','4979PS',671,'4V4NC9EJ1GN943566',38,36287,1,3,'2015-10-20',NULL,NULL,1,0,1,'2021-08-24 18:32:00',1,'2021-08-24 18:38:50'),(288,46,25,'5802',1,8,43,'VVN','8715PP',671,'4V4NC9EJ3FN188631',38,36287,1,3,'2017-11-27',NULL,NULL,1,0,1,'2021-08-24 18:32:00',1,'2021-08-24 18:39:08'),(289,46,25,'5804',1,7,43,'VVN','3874PS',671,'4V4NC9EJ8GN943564',38,36287,1,3,'2015-08-26',NULL,NULL,1,0,1,'2021-08-24 18:32:00',1,'2021-08-24 18:39:25'),(290,46,25,'5808',1,7,43,'VVN','4239PR',671,'4V4NC9EJ0GN929318',38,36287,1,3,'2015-04-20',NULL,NULL,1,0,1,'2021-08-24 18:32:00',1,'2021-08-24 18:39:45'),(291,46,25,'5809',1,7,43,'VVN','6608PR',671,'4V4NC9EJ9GN929317',38,36287,1,3,'2015-04-28',NULL,NULL,1,0,1,'2021-08-24 18:32:00',1,'2021-08-24 18:40:04'),(292,46,25,'5810',1,7,43,'VVN','4240PR',671,'4V4NC9EJ9GN929320',38,36287,1,3,'2015-04-20',NULL,NULL,1,0,1,'2021-08-24 18:32:00',1,'2021-08-24 18:40:22'),(293,46,25,'6802',1,4,43,'VVN','7744PZ',671,'4V4NC9EJ5KN212695',38,36287,1,3,'2019-03-15',NULL,NULL,1,0,1,'2021-08-24 18:32:00',1,'2021-08-24 18:40:38'),(294,46,25,'6816',1,5,43,'VVN','6789PW',671,'4V4NC9EJ7JN998739',38,36287,1,3,'2017-08-09',NULL,NULL,1,0,1,'2021-08-24 18:32:00',1,'2021-08-24 18:41:10'),(295,46,25,'6818',1,3,43,'VVN','PA26191',671,'4V4NC9EJ7LN229418',38,36287,1,3,'2020-03-09',NULL,NULL,1,0,1,'2021-08-24 18:32:00',1,'2021-08-24 18:41:32'),(296,46,25,'6819',1,3,43,'VVN','PA17932',671,'4V4NC9EJ6LN212691',38,36287,1,3,'2019-08-02',NULL,NULL,1,0,1,'2021-08-24 18:32:00',1,'2021-08-24 18:41:46'),(297,46,25,'6820',1,5,43,'VVN','3126PX',671,'4V4NC9EJ5JN998741',38,36287,1,3,'2018-01-29',NULL,NULL,1,0,1,'2021-08-24 18:32:00',1,'2021-08-24 18:42:17'),(298,46,25,'6821',1,5,43,'VVN','3127PX',671,'4V4NC9EJ3JN998740',38,36287,1,3,'2018-01-29',NULL,NULL,1,0,1,'2021-08-24 18:32:00',1,'2021-08-24 18:42:43'),(299,46,25,'6822',1,4,43,'VVN','PA12368',671,'4V4NC9EJ1KN212693',38,36287,1,3,'2019-05-08',NULL,NULL,1,0,1,'2021-08-24 18:32:00',1,'2021-08-24 18:43:08'),(300,46,25,'6823',1,5,43,'VVN','3070PX',671,'4V4NC9EJ7JN998742',38,36287,1,3,'2018-01-12',NULL,NULL,1,0,1,'2021-08-24 18:32:00',1,'2021-08-24 18:43:31'),(301,46,25,'6824',1,3,43,'VVN','PA24867',671,'4V4NC9EJ5LN229417',38,36287,1,3,'2020-01-23',NULL,NULL,1,0,1,'2021-08-24 18:32:00',1,'2021-08-24 18:43:46'),(302,46,25,'6825',1,4,43,'VVN','PA15461',671,'4V4NC9EJ3KN212694',38,36287,1,3,'2019-06-21',NULL,NULL,1,0,1,'2021-08-24 18:32:00',1,'2021-08-24 18:44:15'),(303,46,25,'6826',1,4,43,'VVN','8211PY',671,'4V4NC9EJ6KN212687',38,36287,1,3,'2018-10-30',NULL,NULL,1,0,1,'2021-08-24 18:32:00',1,'2021-08-24 18:44:39'),(304,46,25,'6827',1,3,43,'VVN','PA21672',671,'4V4NC9EJ8LN212692',38,36287,1,3,'2019-11-08',NULL,NULL,1,0,1,'2021-08-24 18:32:00',1,'2021-08-24 18:45:02'),(305,46,25,'6828',1,4,43,'VVN','7745PZ',671,'4V4NC9EJ6KN212690',38,36287,1,3,'2019-03-15',NULL,NULL,1,0,1,'2021-08-24 18:32:00',1,'2021-08-24 18:45:25'),(306,46,25,'6830',1,4,43,'VVN','8242PY',671,'4V4NC9EJ8KN212688',38,36287,1,3,'2018-10-30',NULL,NULL,1,0,1,'2021-08-24 18:32:00',1,'2021-08-24 18:45:48'),(307,46,25,'6831',1,4,43,'VVN','8243PY',671,'4V4NC9EJXKN212689',38,36287,1,3,'2018-10-30',NULL,NULL,1,0,1,'2021-08-24 18:32:00',1,'2021-08-24 18:46:09'),(308,46,25,'6832',1,3,43,'VVN','PA21742',671,'4V4NC9EJ3LN229416',38,36287,1,3,'2019-11-15',NULL,NULL,1,0,1,'2021-08-24 18:32:00',1,'2021-08-24 18:46:26'),(309,46,25,'6833',1,4,43,'VVN','PA12369',671,'4V4NC9EJ7KN212696',38,36287,1,3,'2019-05-08',NULL,NULL,1,0,1,'2021-08-24 18:32:00',1,'2021-08-24 18:46:47'),(310,46,25,'102A',3,15,23,'RPC','2715PF',671,'3D7MX46A18G139541',38,11000,1,2,'2017-04-03',NULL,'Pickup truck plated under the IRP at carrier request',1,0,32,'2021-08-27 19:55:18',32,'2021-08-27 19:56:05'),(311,8,6,'211',1,1,44,'CNV','PA47322',671,'5KJJBHDR4NLNG4258',38,42000,1,3,'2021-08-19',NULL,'',1,0,8,'2021-09-09 15:32:09',8,'2021-09-09 15:33:18'),(312,8,6,'212',1,1,44,'CNV','PA27738',671,'5KJJBHDR6NLNG4259',38,42000,1,3,'2021-08-18',NULL,'',1,0,8,'2021-09-09 15:35:24',8,'2021-09-09 15:39:54'),(313,8,6,'213',1,1,44,'CNV','5553PT',671,'5KJJBHDR2NLNG4260',38,42000,1,3,'2021-08-18',NULL,'',1,0,8,'2021-09-09 15:41:41',8,'2021-09-09 15:42:21'),(314,8,6,'209',1,1,44,'WE1','PA44925',671,'5KJJBHDR0NLNG4256',38,42000,1,3,'2021-06-30',NULL,'',1,0,8,'2021-09-09 15:46:14',8,'2021-09-09 15:47:19'),(315,9,6,'208',1,1,44,'WE1','PA44926',671,'5KJJBHDR9NLNG4255',38,42000,1,3,'2021-06-30',NULL,'',1,0,8,'2021-09-09 15:54:28',8,'2021-09-09 15:55:10'),(316,9,6,'210',1,1,44,'WE1','PA44927',671,'5KJJBHDR2NLNG4257',38,42000,1,3,'2021-06-30',NULL,'',1,0,8,'2021-09-09 15:56:46',8,'2021-09-09 15:57:23'),(317,9,6,'2749',1,3,44,'WD1','PA37027',671,'5KJJAVDV1LLKV7002',38,42000,1,3,'2021-01-04',NULL,'',1,0,8,'2021-09-09 20:29:58',8,'2021-09-09 20:29:58'),(318,51,29,'6',1,13,39,'386','PA21811',671,'1XPHD49X7AD796253',38,35000,1,3,'2019-12-05',NULL,'',1,0,42,'2021-09-13 18:14:08',42,'2021-09-13 18:14:08'),(319,51,29,'8',1,8,39,'CON','PA39454',671,'1XPBD49X3FD236906',38,35000,1,3,'2021-01-18',NULL,'',1,0,42,'2021-09-13 18:20:57',42,'2021-09-13 18:20:57'),(320,52,29,'2',1,21,33,'920','9040PX',671,'2HSCEAXR92C041951',38,35000,1,3,'2018-05-15',NULL,'',1,0,42,'2021-09-13 18:29:43',42,'2021-09-13 18:29:43'),(321,53,8,'C-GPKE',12,43,51,'M20J','C-GPKE',671,'24-0071',38,1242,1,2,'2019-12-23',NULL,'',1,0,1,'2021-09-28 18:05:54',1,'2021-09-28 18:05:54'),(322,54,30,'005',1,17,33,'Con','PZ6917',671,'2HSCHAPR36C287536',38,36287,1,3,'2006-04-01',NULL,NULL,1,0,1,'2021-09-30 15:14:32',1,'2021-09-30 15:28:48'),(323,54,30,'008',1,22,33,'Con','5186PS',671,'2HSCBAER41C009306',38,36287,1,3,'2009-02-20',NULL,NULL,1,0,1,'2021-09-30 15:14:32',1,'2021-09-30 15:28:37'),(324,54,30,'012',1,16,33,'Con','4198PN',671,'1HSHXAHR67J487224',38,36287,1,3,'2014-02-27',NULL,NULL,1,0,1,'2021-09-30 15:14:32',1,'2021-09-30 15:28:27'),(325,54,30,'015',1,8,43,'VVN','8234PY',671,'4V4NC9EHXFN910500',38,36287,1,3,'2018-10-26',NULL,NULL,1,0,1,'2021-09-30 15:14:32',1,'2021-09-30 15:28:13'),(326,54,30,'101',1,19,34,'Con','4110PR',671,'1XKWDB9X44J973994',38,36287,1,3,'2015-04-02',NULL,NULL,1,0,1,'2021-09-30 15:14:32',1,'2021-09-30 15:27:54'),(327,54,30,'105',1,6,33,'Con','PA33110',671,'3HSDJAPR8HN500832',38,36287,1,3,'2019-11-13',NULL,NULL,1,0,1,'2021-09-30 15:14:32',1,'2021-09-30 15:28:03'),(328,1,3,'11111',1,2,16,'CON','12245',666,'85465265458754654',38,80000,1,3,'2021-10-01',NULL,'',1,0,3,'2021-10-01 14:01:43',3,'2021-10-01 14:01:43'),(329,1,3,'5',1,17,33,'Con','PZ6917',671,'2HSCHAPR36C287536',38,36287,1,3,'2006-04-01',NULL,NULL,1,0,1,'2021-10-04 15:37:56',1,'2021-10-04 15:37:56'),(330,6,3,'1',5,13,43,'Dry Van','XXX YYY',3924,'2M593161071112929',231,34000,2,2,'2021-10-05','2021-10-07','NA',1,0,1,'2021-10-05 06:45:10',1,'2021-10-05 09:04:39'),(331,6,3,'1',5,13,43,'Dry Van','XXX YYY',3924,'2M593161071112929',231,34000,2,2,'2021-10-04',NULL,'NA',1,0,1,'2021-10-05 06:48:32',1,'2021-10-05 06:48:32'),(332,6,3,'1',5,13,43,'Dry Van','XXX YYY',3924,'2M593161071112929',231,34000,2,2,'2021-10-05',NULL,'NA',1,0,1,'2021-10-05 09:03:40',1,'2021-10-05 09:03:40'),(333,1,3,'007',1,2,16,'123','124222',665,'5421564225',38,80000,1,3,'2021-10-05',NULL,'',1,0,3,'2021-10-05 14:39:05',3,'2021-10-05 14:39:05');
/*!40000 ALTER TABLE `trs_tbl_assets` ENABLE KEYS */;
UNLOCK TABLES;

--
-- Table structure for table `trs_tbl_carriers`
--

DROP TABLE IF EXISTS `trs_tbl_carriers`;
/*!40101 SET @saved_cs_client     = @@character_set_client */;
/*!50503 SET character_set_client = utf8mb4 */;
CREATE TABLE `trs_tbl_carriers` (
  `carrier_id` bigint NOT NULL AUTO_INCREMENT,
  `carrier_name` varchar(255) NOT NULL,
  `company_name` text NOT NULL,
  `carrier_stripe_name` varchar(100) DEFAULT NULL,
  `carrier_email` varchar(200) NOT NULL,
  `carrier_address` text NOT NULL,
  `carrier_phone` varchar(15) NOT NULL,
  `zip` varchar(10) NOT NULL,
  `package_id` bigint NOT NULL,
  `request_from` tinyint(1) NOT NULL DEFAULT '0',
  `conversion_token` varchar(200) DEFAULT NULL,
  `invoice_number` varchar(50) NOT NULL,
  `stripe_subscription_id` varchar(100) NOT NULL,
  `start_date` date DEFAULT NULL,
  `end_date` date DEFAULT NULL,
  `subscription_end_date` date DEFAULT NULL,
  `terms_and_conditions_acceptance_date` datetime DEFAULT NULL,
  `city` varchar(50) NOT NULL,
  `state_id` bigint NOT NULL,
  `country_id` bigint NOT NULL,
  `is_active` tinyint(1) NOT NULL DEFAULT '1',
  `created_date` datetime NOT NULL DEFAULT CURRENT_TIMESTAMP,
  PRIMARY KEY (`carrier_id`),
  KEY `carrier_state_id_constraint` (`state_id`),
  KEY `carrier_country_id_constraint` (`country_id`),
  KEY `package_carrier_id_constraint` (`package_id`),
  CONSTRAINT `carrier_country_id_constraint` FOREIGN KEY (`country_id`) REFERENCES `trs_tbl_countries` (`country_id`),
  CONSTRAINT `carrier_state_id_constraint` FOREIGN KEY (`state_id`) REFERENCES `trs_tbl_states` (`state_id`),
  CONSTRAINT `package_carrier_id_constraint` FOREIGN KEY (`package_id`) REFERENCES `trs_tbl_packages` (`package_id`)
) ENGINE=InnoDB AUTO_INCREMENT=32 DEFAULT CHARSET=latin1;
/*!40101 SET character_set_client = @saved_cs_client */;

--
-- Dumping data for table `trs_tbl_carriers`
--

LOCK TABLES `trs_tbl_carriers` WRITE;
/*!40000 ALTER TABLE `trs_tbl_carriers` DISABLE KEYS */;
INSERT INTO `trs_tbl_carriers` VALUES (1,'Default','','Default','default@default.com','Default','Default','Default',1,0,NULL,'Default','Default','2022-01-31','2022-04-28',NULL,NULL,'Default',668,231,1,'2020-04-18 23:50:20'),(2,'Prasanth Chivukula','CBD Trucking Company',NULL,'prashanth997@gmail.com','Near White House','7981850807','500062',14,1,NULL,'Default','Default',NULL,NULL,NULL,NULL,'Washington City',3975,231,0,'2021-08-25 06:00:58'),(3,'Collin Carwardine','TransReport Services Inc. ',NULL,'collin@transreportservices.com','po box 31007','5198264888','N1H8K1',7,1,NULL,'Default','Default',NULL,NULL,NULL,NULL,'Guelph',671,38,1,'2020-11-05 16:02:16'),(5,'User1','ABC Trucking LLC',NULL,'sales@permishare.com','PO Box 31007','XXXXXXXXX','99999',1,0,NULL,'in_1JdcH2BoNjUyJwhUu4E9E8oi','sub_ISK1PAo4yPTu6V','2022-01-25','2022-10-25',NULL,'2022-01-25 10:53:49','Birmingham',3919,231,1,'2021-10-06 03:15:00'),(6,'Tony Gerber ','Ontario Limited',NULL,'tgerber@flashfreight.ca','5894 Eighth Line','519-821-8878','N0B 1B0',10,1,NULL,'Default','Default',NULL,NULL,NULL,'2022-01-27 18:28:39','Ariss',671,38,1,'2021-07-20 14:24:08'),(7,'TFX International Specialized Vehicle Transport','422692 Ontario Limited',NULL,'chri@tfxinternational.com','11 City View drive','(416) 243-8531','M9W 5A5',6,1,NULL,'Default','Default',NULL,NULL,NULL,NULL,'Etobicoke',671,38,0,'2021-08-20 14:41:55'),(8,'S & S Transport','1584412 Ontario Inc.',NULL,'chris@sstransport.ca','13521 Highway 7','416-433-7936','L7G 4S4',5,1,NULL,'Default','Default',NULL,NULL,NULL,'2020-12-04 11:09:32','Georgetown',671,38,1,'2021-07-20 14:24:26'),(9,'Sufian Shahid','Lux Transporting LLC',NULL,'lux20.invex@gmail.com','3855 Minuteman Cir','612-888-9829','46032',1,0,NULL,'in_1JfYVbBoNjUyJwhU0jjvdNVy','sub_IUKH2JjbCCIpms','2022-01-30','2022-10-30',NULL,'2020-11-30 19:17:46','Camel',3935,231,1,'2021-10-06 03:15:00'),(10,'Don Natch','Stones Transport Inc.',NULL,'don.n@stonestransport.com','134 Norfinch Drive, Suite 100','416-736-0444','M3N 1X7',5,1,NULL,'Default','Default',NULL,NULL,NULL,'2020-12-03 14:36:29','North York',671,38,1,'2021-07-20 14:24:22'),(11,'Pete Hennin','Environmental Services Inc.',NULL,'pete.hennin@usecology.ca','22153 King & Whittle Road RR #3','(519) 682-2903 ','N0P 2L0 ',5,1,NULL,'Default','Default',NULL,NULL,NULL,'2020-12-16 12:05:16','Tilbury',671,38,1,'2021-07-20 14:24:12'),(12,'Saif Algalham','Sabaa Enterprises LLC',NULL,'sabaaenterprises@gmail.com','2883 Amazon St','(313) 377-0769 ','48120',3,0,NULL,'in_1JcF8uBoNjUyJwhUIaZVA25x','sub_Ic8m2inStiq6IM','2022-09-21','2022-10-21',NULL,'2020-12-21 15:56:55','Dearborn',3945,231,1,'2021-10-06 03:15:00'),(13,'Mr chiv','Mr chiv trucking',NULL,'prasanth.chivukula@yahoo.com','G-1 SAI RESIDENCE, PLOT NO.109, VENKATESWARA NAGAR COLONY','7981850807','500062',5,0,NULL,'in_1ITa4yBoNjUyJwhU9mc2PI9l','sub_J5lcv3z95ChMT8','2021-03-10','2021-04-10','2021-04-10','2021-03-10 18:00:34','Adilabad',3919,231,0,'2021-04-10 00:00:00'),(14,'TruckinCentral','WHITE HORSE TRANSPORTATION INC ',NULL,'TruckinCentral@gmail.com','700 BRYDEN RD SUITE 131C','7344188860','43215',1,0,NULL,'in_1J5g3nBoNjUyJwhUjeZTJpFQ','sub_Jj8KUYT5FeasCN','2021-06-24','2021-07-24',NULL,'2021-06-23 20:04:48','COLUMBUS',3959,231,1,'2021-10-06 03:15:00'),(15,'Jacob Canchola','Pony Transport',NULL,'jacob@drivepony.com','13405 CR 1600, Suite 74','3614451375','79382',2,1,NULL,'Default','Default',NULL,NULL,NULL,'2021-07-09 14:22:36','Wolfforth',3970,231,1,'2021-07-09 18:22:36'),(16,'Christina Greer','ProFreight Dispatch Services LLC',NULL,'profreightdispatch2021@gmail.com','10322 Kentington Oak Dr','3464420570','77396',2,1,NULL,'Default','Default',NULL,NULL,NULL,NULL,'Humble',3970,231,0,'2021-08-13 17:57:09'),(17,'Brandon Culp','Once Transport LLC',NULL,'oncetransport@yahoo.com','14522 Grace Kellen Ave','2029096239','20613',1,1,NULL,'Default','Default',NULL,NULL,NULL,NULL,'Brandywine',3942,231,0,'2021-08-13 17:56:52'),(18,'Ahmed','White horse transportation',NULL,'ahmed@whitehorsetrans.com','700 BRYDEN RD SUITE 131C','7344188860','43215',1,0,NULL,'in_1JZHh6BoNjUyJwhU2pROr6jt','sub_JqV98RTiW7NbSf','2021-09-13','2021-10-13',NULL,'2021-07-13 12:07:38','COLUMBUS',3959,231,1,'2021-10-06 03:15:00'),(19,'Juan Herminio','Hielos Transportation',NULL,'btenorio05.bt@gmail.com','24171 Rothbury Dr','714-910-4825','92553',1,1,NULL,'Default','Default',NULL,NULL,NULL,NULL,'Moreno Valley',3924,231,1,'2021-07-28 15:58:22'),(20,'Teresa Holland','Fleming Fast Freight Inc. ',NULL,'teresa@flemingfastfreight.ca',' 545 Glengarry Crescent','(519) 843-5460','N1M 2W7',3,1,NULL,'Default','Default',NULL,NULL,NULL,'2021-08-17 07:29:50','Fergus',671,38,1,'2021-08-17 11:29:50'),(22,'Donna Durst','Great West Carriers Inc. ',NULL,'dmdurst@sympatico.ca','6808 Wellington Road','519-654-9699','N3C 2V4',1,1,NULL,'Default','Default',NULL,NULL,NULL,'2021-08-16 14:19:50','Cambridge',671,38,1,'2021-08-16 18:19:50'),(23,'Andrew Noade','Lakeside Produce Inc. ',NULL,'And@lakesideproduce.com','307 Hwy 77, RR # 2','519-322-1959 ','N8H 3V5',3,1,NULL,'Default','Default',NULL,NULL,NULL,NULL,'Leamington',671,38,1,'2021-08-16 18:11:47'),(24,'Brad Pickles','Verge Furniture Logistics Inc.',NULL,'brad@vergelogistics.com','36 Norbett Dr., Unit 2','905-305-8572','L4A 2G7',3,1,NULL,'Default','Default',NULL,NULL,NULL,'2021-08-20 10:32:21','Stouffville',671,38,1,'2021-08-20 14:32:21'),(25,'Ivadell Green','422692 Ontario Limited',NULL,'ivadell@tfxinternational.com','11 City View Drive','416-243-8531','M9W 5A5',6,1,NULL,'Default','Default',NULL,NULL,NULL,'2021-08-20 11:24:34','Etobicoke',671,38,1,'2021-08-20 15:24:34'),(26,'Germaine Square','Workhorse Hauling LLC',NULL,'workhorseh@gmail.com','2619 10TH ST','985 774 8320','70458',1,0,'9f9b699499b0a36209849a5deb0622faee8e4fac','Default','Default',NULL,NULL,NULL,NULL,'Slidell',3939,231,1,'2021-09-27 13:43:06'),(29,'Lori Gibbons ','Gary Gibbons',NULL,'gar-lor@hotmail.com','6932 Fairview Rd','519-521-2567','N5P 3S8',2,1,NULL,'Default','Default',NULL,NULL,NULL,'2021-09-09 11:23:59','St. Thomas',671,38,1,'2021-09-13 18:26:58'),(30,'Andrew Noade','Lakeside Produce Inc.',NULL,'AndrewN@lakesideproduce.com','307 Hwy 77, RR# 2','519-322-1959','N8H 3V5',3,1,NULL,'Default','Default',NULL,NULL,NULL,'2021-09-28 14:53:00','Leamington',671,38,1,'2021-09-28 18:53:00'),(31,'Paton Racing','Barry Paton',NULL,'toddpaton@toddpaton.com','544 Paris Rd.','(423) 967-6863','N3L 3E1',1,1,NULL,'Default','Default',NULL,NULL,NULL,'2021-09-30 16:02:17','Paris',671,38,1,'2021-09-30 20:02:17');
/*!40000 ALTER TABLE `trs_tbl_carriers` ENABLE KEYS */;
UNLOCK TABLES;

--
-- Table structure for table `trs_tbl_corporate_info_documents`
--

DROP TABLE IF EXISTS `trs_tbl_corporate_info_documents`;
/*!40101 SET @saved_cs_client     = @@character_set_client */;
/*!50503 SET character_set_client = utf8mb4 */;
CREATE TABLE `trs_tbl_corporate_info_documents` (
  `document_id` bigint NOT NULL AUTO_INCREMENT,
  `corporate_information_id` bigint NOT NULL,
  `document_name` varchar(50) DEFAULT NULL,
  `document_originalname` varchar(255) DEFAULT NULL,
  `document_s3_url` text NOT NULL,
  `app_access` tinyint(1) DEFAULT NULL COMMENT '1-->Yes 2-->No',
  `comments` text,
  `is_deleted` tinyint(1) NOT NULL DEFAULT '0',
  `is_removed_from_home` tinyint(1) NOT NULL DEFAULT '0',
  `document_type` varchar(255) NOT NULL,
  `issue_date` datetime DEFAULT NULL,
  `exp_date` date DEFAULT NULL,
  `created_by` bigint NOT NULL,
  `created_date` datetime NOT NULL DEFAULT CURRENT_TIMESTAMP,
  `modified_by` bigint NOT NULL,
  `modified_date` datetime NOT NULL DEFAULT CURRENT_TIMESTAMP ON UPDATE CURRENT_TIMESTAMP,
  PRIMARY KEY (`document_id`),
  KEY `corporate_information_id_constraint` (`corporate_information_id`),
  CONSTRAINT `corporate_information_id_constraint` FOREIGN KEY (`corporate_information_id`) REFERENCES `trs_tbl_corporate_information` (`corporate_information_id`)
) ENGINE=InnoDB AUTO_INCREMENT=195 DEFAULT CHARSET=latin1;
/*!40101 SET character_set_client = @saved_cs_client */;

--
-- Dumping data for table `trs_tbl_corporate_info_documents`
--

LOCK TABLES `trs_tbl_corporate_info_documents` WRITE;
/*!40000 ALTER TABLE `trs_tbl_corporate_info_documents` DISABLE KEYS */;
INSERT INTO `trs_tbl_corporate_info_documents` VALUES (1,2,'IFTA License','IFTA_License.pdf','https://permishare.s3.us-east-2.amazonaws.com/dev/corporate-information/IFTA_License.pdf',1,NULL,1,0,'Corporate','2020-01-01 10:30:00','2020-12-31',4,'2020-10-22 21:18:53',4,'2021-03-31 18:42:23'),(2,2,'Apportioned Cab Card','Apportioned_Cab_Card.pdf','https://permishare.s3.us-east-2.amazonaws.com/dev/corporate-information/Apportioned_Cab_Card.pdf',1,NULL,1,0,'Corporate','2020-07-01 09:30:00','2021-06-30',4,'2020-10-22 21:20:00',4,'2020-10-24 13:28:25'),(3,2,'FMCSA Authority','FMCSA_Authority_MCXXXXXXX.pdf','https://permishare.s3.us-east-2.amazonaws.com/dev/corporate-information/FMCSA_Authority_MCXXXXXXX.pdf',1,NULL,0,0,'Corporate','2016-01-01 10:30:00',NULL,4,'2020-10-22 21:20:38',4,'2020-10-22 21:20:38'),(4,2,'Apportioned Cab Card Flt 1 @ Renewal','Apportioned_Cab_Card.pdf','https://permishare.s3.us-east-2.amazonaws.com/dev/corporate-information/Apportioned_Cab_Card.pdf',1,NULL,1,0,'Corporate','2020-07-01 09:30:00','2021-06-30',4,'2020-10-24 13:28:20',4,'2020-10-31 12:08:24'),(5,2,'MTO Document','Ministry_of_Transportation.docx','https://permishare.s3.us-east-2.amazonaws.com/dev/corporate-information/Ministry_of_Transportation.docx',1,'.docx requires word compatible mobile app to view',1,0,'Corporate','2020-01-01 10:30:00','2020-12-31',4,'2020-10-28 00:29:02',4,'2020-11-03 21:26:47'),(6,2,'KYU License','KYU_License.pdf','https://permishare.s3.us-east-2.amazonaws.com/dev/corporate-information/KYU_License.pdf',1,NULL,1,0,'Corporate','2015-04-02 09:30:00',NULL,4,'2020-10-29 00:45:04',4,'2020-10-29 00:48:08'),(7,2,'KYU License','KYU_License.pdf','https://permishare.s3.us-east-2.amazonaws.com/dev/corporate-information/KYU_License.pdf',1,NULL,1,0,'Corporate','2015-04-02 09:30:00',NULL,4,'2020-10-29 00:49:12',4,'2021-09-26 12:55:34'),(8,2,'UCR Registration','2020_UCR_Registration.pdf','https://permishare.s3.us-east-2.amazonaws.com/dev/corporate-information/2020_UCR_Registration.pdf',1,NULL,1,0,'Corporate','2020-01-01 10:30:00','2020-12-31',4,'2020-10-29 01:34:54',4,'2021-09-09 19:34:36'),(9,2,'Oregon Motor Carrier Permit','OR_Motor_Carrier_Permit.pdf','https://permishare.s3.us-east-2.amazonaws.com/dev/corporate-information/OR_Motor_Carrier_Permit.pdf',1,NULL,0,0,'Corporate',NULL,NULL,4,'2020-10-29 01:42:27',4,'2020-10-29 01:42:27'),(10,2,'Driving Record Annual Inquiry','Annual_inquiry_and_review_of_driving_record.pdf','https://permishare.s3.us-east-2.amazonaws.com/dev/corporate-information/Annual_inquiry_and_review_of_driving_record.pdf',1,NULL,1,0,'Corporate','2020-10-01 09:30:00','2021-09-30',4,'2020-10-29 02:02:58',4,'2020-10-29 02:06:00'),(11,2,'IRP Fleet 1 Cab Cards @ Renewal','Apportioned_Cab_Card.pdf','https://permishare.s3.us-east-2.amazonaws.com/dev/corporate-information/Apportioned_Cab_Card.pdf',1,NULL,1,0,'Corporate','2020-07-01 09:30:00','2021-06-30',4,'2020-10-31 12:08:18',4,'2020-11-03 21:00:52'),(12,2,'Apportioned Cab Card','Apportioned_Cab_Card.pdf','https://permishare.s3.us-east-2.amazonaws.com/dev/corporate-information/Apportioned_Cab_Card.pdf',1,NULL,1,0,'Corporate',NULL,NULL,4,'2020-11-02 14:05:56',4,'2020-11-03 20:49:01'),(13,2,'Parking Policy','Parking_Policy.pdf','https://permishare.s3.us-east-2.amazonaws.com/dev/corporate-information/Parking_Policy.pdf',0,NULL,0,0,'Corporate','2016-05-06 09:30:00',NULL,4,'2020-11-03 20:36:41',4,'2021-10-05 14:42:50'),(14,2,'BOC-3 Process Agents','BOC-_3_Process_Agents.pdf','https://permishare.s3.us-east-2.amazonaws.com/dev/corporate-information/BOC-_3_Process_Agents.pdf',0,NULL,0,0,'Corporate','2019-08-22 09:30:00',NULL,4,'2020-11-03 20:48:27',4,'2021-10-05 14:43:06'),(15,2,'Apportioned Cab Card Flt 1','Apportioned_Cab_Card.pdf','https://permishare.s3.us-east-2.amazonaws.com/dev/corporate-information/Apportioned_Cab_Card.pdf',1,NULL,1,0,'Corporate','2020-04-01 09:30:00','2021-03-31',4,'2020-11-03 21:00:48',4,'2020-11-03 21:02:06'),(16,2,'Apportioned Cab Cards Flt 1 Renewal','Apportioned_Cab_Card.pdf','https://permishare.s3.us-east-2.amazonaws.com/dev/corporate-information/Apportioned_Cab_Card.pdf',1,NULL,1,0,'Corporate','2020-04-01 09:30:00','2021-03-31',4,'2020-11-03 21:02:02',4,'2021-03-31 18:49:20'),(17,2,'2290 Schedule 1 JUL 2020','2290_Schedule_1_JUL_2020.pdf','https://permishare.s3.us-east-2.amazonaws.com/dev/corporate-information/2290_Schedule_1_JUL_2020.pdf',1,NULL,0,0,'Corporate','2020-07-01 09:30:00','2021-06-30',4,'2020-11-03 21:06:26',4,'2021-09-29 13:49:13'),(18,2,'CBP Transponder Renewal Receipt','CBP_Transponder_Renewal_Receipt_Renewal.pdf','https://permishare.s3.us-east-2.amazonaws.com/dev/corporate-information/CBP_Transponder_Renewal_Receipt_Renewal.pdf',1,NULL,0,0,'Corporate','2020-01-01 10:30:00','2020-12-31',4,'2020-11-03 21:17:49',4,'2021-10-05 14:42:52'),(19,2,'HAZMAT Cert. of Registration','PHMSA_Hazardous_Material_Certificate_exp_06_30_2021.pdf','https://permishare.s3.us-east-2.amazonaws.com/dev/corporate-information/PHMSA_Hazardous_Material_Certificate_exp_06_30_2021.pdf',1,NULL,1,0,'Corporate','2018-07-01 09:30:00','2021-06-30',4,'2020-11-03 21:31:26',4,'2020-11-03 21:32:33'),(20,2,'HAZMAT Cert. of Registration','PHMSA_Hazardous_Material_Certificate_exp_06_30_2021.pdf','https://permishare.s3.us-east-2.amazonaws.com/dev/corporate-information/PHMSA_Hazardous_Material_Certificate_exp_06_30_2021.pdf',1,NULL,1,0,'Corporate','2018-07-01 09:30:00','2021-06-30',4,'2020-11-03 21:33:14',4,'2020-11-28 14:59:22'),(21,2,'ELD Enforcement Cab Card XRS','XRS_Cab_Card.pdf','https://permishare.s3.us-east-2.amazonaws.com/dev/corporate-information/XRS_Cab_Card.pdf',1,NULL,0,0,'Corporate','2018-01-01 10:30:00',NULL,4,'2020-11-03 21:44:23',4,'2020-11-03 21:44:23'),(22,2,'Form MCS-90','MCS-90_10-2-2020_508.pdf','https://permishare.s3.us-east-2.amazonaws.com/dev/corporate-information/MCS-90_10-2-2020_508.pdf',1,NULL,1,0,'Corporate',NULL,NULL,4,'2020-11-03 21:49:22',4,'2020-11-03 22:07:44'),(23,2,'COVID FMCSA Emergency Declaration','Extension_of_the_Modified_Expanded_Emergency_Declaration_No_2020-002_Under_49_C.pdf','https://permishare.s3.us-east-2.amazonaws.com/dev/corporate-information/Extension_of_the_Modified_Expanded_Emergency_Declaration_No_2020-002_Under_49_C.pdf',0,NULL,0,0,'Corporate','2020-09-11 09:30:00',NULL,4,'2020-11-03 21:55:37',4,'2021-10-05 14:43:04'),(24,2,'MCS-90','MCS-90_10-2-2020_508.pdf','https://permishare.s3.us-east-2.amazonaws.com/dev/corporate-information/MCS-90_10-2-2020_508.pdf',1,NULL,0,0,'Corporate',NULL,NULL,4,'2020-11-03 22:07:40',4,'2020-11-03 22:07:40'),(25,2,'Emergency Response Plan','Chemical_Emergency_Response_Plan.pdf','https://permishare.s3.us-east-2.amazonaws.com/dev/corporate-information/Chemical_Emergency_Response_Plan.pdf',1,NULL,0,0,'Corporate','2019-08-01 09:30:00',NULL,4,'2020-11-03 22:25:34',4,'2020-11-03 22:25:34'),(26,2,'BC Financial Responsibility','BC_Financial_Responsibility.pdf','https://permishare.s3.us-east-2.amazonaws.com/dev/corporate-information/BC_Financial_Responsibility.pdf',1,NULL,0,0,'Corporate','2010-01-21 10:30:00',NULL,4,'2020-11-04 12:29:50',4,'2020-11-04 12:29:50'),(27,2,'FMCSA Carrier Compliance Questionnaire','Carrier_Compliance_Questionnaire_508.pdf','https://permishare.s3.us-east-2.amazonaws.com/dev/corporate-information/Carrier_Compliance_Questionnaire_508.pdf',1,NULL,0,0,'Corporate',NULL,NULL,4,'2020-11-04 21:24:37',4,'2021-09-21 15:32:01'),(28,2,'Motor Coach Legal-Guidelines','Motor_Coach_Legal-Guidelines_508CLN.pdf','https://permishare.s3.us-east-2.amazonaws.com/dev/corporate-information/Motor_Coach_Legal-Guidelines_508CLN.pdf',1,NULL,0,0,'Corporate',NULL,NULL,4,'2020-11-04 21:31:39',4,'2020-11-04 21:31:39'),(29,2,'Marking of CMV\'s','Marking_of_CMVs.pdf','https://permishare.s3.us-east-2.amazonaws.com/dev/corporate-information/Marking_of_CMVs.pdf',1,NULL,0,0,'Corporate',NULL,NULL,4,'2020-11-04 21:37:07',4,'2020-11-04 21:37:07'),(30,2,'CVSA 2020 OOS Criteria','CVSA_2020_OOS_Criteria.pdf','https://permishare.s3.us-east-2.amazonaws.com/dev/corporate-information/CVSA_2020_OOS_Criteria.pdf',1,NULL,0,0,'Corporate','2020-04-01 09:30:00',NULL,4,'2020-11-04 21:59:25',4,'2020-11-05 15:47:42'),(31,2,'Accident Register','Accident_Register.pdf','https://permishare.s3.us-east-2.amazonaws.com/dev/corporate-information/Accident_Register.pdf',0,NULL,1,0,'Corporate','2020-01-01 10:30:00','2020-12-31',4,'2020-11-04 22:01:08',4,'2021-03-31 18:43:27'),(32,2,'Cargo Securement NSC','Cargo_Securement_NSC_Standard_10-_June_2013.pdf','https://permishare.s3.us-east-2.amazonaws.com/dev/corporate-information/Cargo_Securement_NSC_Standard_10-_June_2013.pdf',1,NULL,0,0,'Corporate','2013-06-03 09:30:00',NULL,4,'2020-11-05 15:47:32',4,'2021-09-29 06:15:56'),(33,2,'NYHUT-COR 23 Series Renewal','NY_HUT_COR_23rd_Series_Renewal.pdf','https://permishare.s3.us-east-2.amazonaws.com/dev/corporate-information/NY_HUT_COR_23rd_Series_Renewal.pdf',1,NULL,1,0,'Corporate',NULL,NULL,4,'2020-11-08 14:06:47',4,'2020-11-08 14:07:05'),(34,2,'NY-HUT COR 23 Series Renewal','NY_HUT_COR_23rd_Series_Renewal.pdf','https://permishare.s3.us-east-2.amazonaws.com/dev/corporate-information/NY_HUT_COR_23rd_Series_Renewal.pdf',1,NULL,0,0,'Corporate','2019-01-01 10:30:00','2021-12-31',4,'2020-11-08 14:07:49',4,'2020-11-08 14:07:49'),(35,2,'UCR Registration','2020_UCR_Registration.pdf','https://permishare.s3.amazonaws.com/dev/corporate-information/2020_UCR_Registration.pdf',NULL,NULL,1,0,'Corporate','2020-01-01 10:30:00','2020-12-31',3,'2020-11-16 20:45:31',3,'2020-11-16 20:45:35'),(36,2,'UCR Registration','2020_UCR_Registration.pdf','https://permishare.s3.us-east-2.amazonaws.com/dev/corporate-information/2020_UCR_Registration.pdf',1,NULL,1,0,'Corporate','2020-01-01 10:30:00','2020-12-31',3,'2020-11-16 20:49:22',3,'2020-11-28 15:05:17'),(37,3,'IFTA License','IFTA_License.pdf','https://permishare.s3.us-east-2.amazonaws.com/dev/corporate-information/IFTA_License.pdf',1,NULL,0,0,'Corporate','2020-01-01 10:30:00','2020-12-31',7,'2020-11-25 15:22:22',7,'2020-11-25 15:22:22'),(38,3,'FMCSA Authority','FMCSA_Authority_MCXXXXXXX.pdf','https://permishare.s3.us-east-2.amazonaws.com/dev/corporate-information/FMCSA_Authority_MCXXXXXXX.pdf',1,NULL,0,0,'Corporate','2016-01-01 10:30:00',NULL,7,'2020-11-25 15:23:08',7,'2020-11-25 15:23:08'),(39,3,'KYU License','KYU_License.pdf','https://permishare.s3.us-east-2.amazonaws.com/dev/corporate-information/KYU_License.pdf',1,NULL,0,0,'Corporate','2015-04-02 09:30:00',NULL,7,'2020-11-25 15:23:49',7,'2020-11-25 15:23:49'),(40,3,'UCR Registration','2020_UCR_Registration.pdf','https://permishare.s3.us-east-2.amazonaws.com/dev/corporate-information/2020_UCR_Registration.pdf',1,NULL,0,0,'Corporate','2020-01-01 10:30:00','2020-12-31',7,'2020-11-25 15:24:36',7,'2020-11-25 15:24:36'),(41,2,'USDOT Tire Advisory','USDOT_1168_1097_TireAdvisory.pdf','https://permishare.s3.us-east-2.amazonaws.com/dev/corporate-information/USDOT_1168_1097_TireAdvisory.pdf',1,NULL,0,0,'Corporate','2020-11-25 10:30:00',NULL,4,'2020-11-28 14:48:34',4,'2020-11-28 14:48:34'),(42,2,'USDOT HAZMAT CERTIFICATE OF REGISTRATION','PHMSA_Hazardous_Material_Certificate_exp_06_30_2021.pdf','https://permishare.s3.us-east-2.amazonaws.com/dev/corporate-information/PHMSA_Hazardous_Material_Certificate_exp_06_30_2021.pdf',1,NULL,1,0,'Corporate','2020-07-01 09:30:00','2023-06-30',4,'2020-11-28 14:58:37',4,'2020-11-28 15:00:47'),(43,2,'USDOT Hazmat Certificate of Registration','PHMSA_Hazardous_Material_Certificate_exp_06_30_2021.pdf','https://permishare.s3.us-east-2.amazonaws.com/dev/corporate-information/PHMSA_Hazardous_Material_Certificate_exp_06_30_2021.pdf',1,NULL,0,0,'Corporate','2020-07-01 09:30:00','2023-06-30',4,'2020-11-28 15:00:40',4,'2020-11-28 15:00:40'),(44,4,'Certificate of Insurance','Insurance_3-01-2020_to_3-1-2021.pdf','https://permishare.s3.us-east-2.amazonaws.com/dev/corporate-information/Insurance_3-01-2020_to_3-1-2021.pdf',1,NULL,0,0,'Corporate','2020-03-01 10:30:00','2021-03-01',8,'2020-11-28 16:25:05',8,'2020-11-29 15:14:40'),(45,4,NULL,'Cab_Cards_at_Renewal.pdf','https://permishare.s3.us-east-2.amazonaws.com/dev/corporate-information/Cab_Cards_at_Renewal.pdf',NULL,NULL,1,0,'Corporate',NULL,NULL,8,'2020-11-28 19:43:39',8,'2020-11-28 19:43:47'),(46,4,'FMCSA Operating Authority','fhwa_authority.pdf','https://permishare.s3.us-east-2.amazonaws.com/dev/corporate-information/fhwa_authority.pdf',1,NULL,0,0,'Corporate','1998-08-17 09:30:00',NULL,8,'2020-11-28 19:49:13',8,'2020-11-29 15:14:41'),(47,4,'Articles of Incorporation','Articles.pdf','https://permishare.s3.us-east-2.amazonaws.com/dev/corporate-information/Articles.pdf',NULL,NULL,0,0,'Corporate','1996-12-04 10:30:00',NULL,8,'2020-11-28 20:03:23',8,'2020-11-28 20:03:23'),(48,2,'Apportioned Cab Cards @ Renewal FLT 1','Cab_Cards_at_Renewal.pdf','https://permishare.s3.us-east-2.amazonaws.com/dev/corporate-information/Cab_Cards_at_Renewal.pdf',1,NULL,1,0,'Corporate','2020-11-01 09:30:00','2021-10-31',4,'2020-11-28 20:19:56',4,'2020-11-28 20:20:08'),(49,2,'98yt','Where_Can_Electronic_Credentials_Be_Displayed_Legally_v1.pdf','https://permishare.s3.us-east-2.amazonaws.com/dev/corporate-information/Where_Can_Electronic_Credentials_Be_Displayed_Legally_v1.pdf',1,NULL,1,0,'Corporate',NULL,NULL,3,'2020-11-28 21:15:43',3,'2020-11-28 21:15:49'),(50,4,'23456','Where_Can_Electronic_Credentials_Be_Displayed_Legally_v1.pdf','https://permishare.s3.amazonaws.com/dev/corporate-information/Where_Can_Electronic_Credentials_Be_Displayed_Legally_v1.pdf',1,NULL,1,0,'Corporate',NULL,NULL,8,'2020-11-29 15:11:24',8,'2020-11-29 15:11:27'),(51,4,'UCR Unified Carrier Registration','2020_UCR.pdf','https://permishare.s3.us-east-2.amazonaws.com/dev/corporate-information/2020_UCR.pdf',1,NULL,0,0,'Corporate','2020-01-01 10:30:00','2020-12-31',8,'2020-11-29 15:18:26',8,'2020-11-29 15:18:26'),(52,4,'IRP FLT 1 Cab Cards at Renewal','Cab_Cards_at_Renewal.pdf','https://permishare.s3.us-east-2.amazonaws.com/dev/corporate-information/Cab_Cards_at_Renewal.pdf',1,NULL,0,0,'Corporate','2020-11-01 09:30:00','2021-10-31',8,'2020-11-29 15:19:26',8,'2020-11-29 15:19:26'),(53,4,'IRP FLT 2 Cab Cards at Renewal','Cab_Cards_At_Renewal.pdf','https://permishare.s3.us-east-2.amazonaws.com/dev/corporate-information/Cab_Cards_At_Renewal.pdf',1,NULL,1,0,'Corporate','2020-05-01 09:30:00','2021-05-31',8,'2020-11-29 15:20:21',8,'2020-11-29 15:21:25'),(54,4,'IRP FLT 2 Cab Cards at Renewal','Cab_Cards_At_Renewal.pdf','https://permishare.s3.us-east-2.amazonaws.com/dev/corporate-information/Cab_Cards_At_Renewal.pdf',1,NULL,1,0,'Corporate','2020-05-01 09:30:00','2021-04-30',8,'2020-11-29 15:21:20',8,'2021-09-09 15:06:07'),(55,4,'New Jersey Annual Report 2020','NJ_CertificateOfAnnualReport.pdf','https://permishare.s3.us-east-2.amazonaws.com/dev/corporate-information/NJ_CertificateOfAnnualReport.pdf',NULL,NULL,0,0,'Corporate','2020-06-05 09:30:00','2021-07-31',8,'2020-11-29 15:27:46',8,'2020-11-29 15:27:46'),(56,4,'Parking Policy','Parking_Policy.pdf','https://permishare.s3.us-east-2.amazonaws.com/dev/corporate-information/Parking_Policy.pdf',1,NULL,0,0,'Corporate','2020-11-01 09:30:00',NULL,8,'2020-11-29 15:39:55',8,'2020-11-29 15:39:55'),(57,4,'Cargo Securement NSC','Cargo_Securement_NSC_Standard_10-_June_2013.pdf','https://permishare.s3.us-east-2.amazonaws.com/dev/corporate-information/Cargo_Securement_NSC_Standard_10-_June_2013.pdf',1,NULL,0,0,'Corporate','2013-06-01 09:30:00',NULL,8,'2020-11-29 15:41:50',8,'2020-11-29 15:41:50'),(58,4,'US CBP Transponder Renewal 2020','CBP_DTOPS_2020_Renewal_Receipt.pdf','https://permishare.s3.us-east-2.amazonaws.com/dev/corporate-information/CBP_DTOPS_2020_Renewal_Receipt.pdf',1,NULL,1,0,'Corporate','2020-01-01 10:30:00','2020-12-31',8,'2020-11-29 15:51:35',8,'2020-11-29 15:54:08'),(59,4,'CBP 2020 Transponder Renewal Receipt','CBP_DTOPS_2020_Renewal_Receipt.pdf','https://permishare.s3.us-east-2.amazonaws.com/dev/corporate-information/CBP_DTOPS_2020_Renewal_Receipt.pdf',1,NULL,0,0,'Corporate','2020-01-01 10:30:00','2020-12-31',8,'2020-11-29 15:54:02',8,'2020-11-29 15:54:02'),(60,4,'NM 2021 Weight Distance Permit Renewal','NM_2021_State_of_New_Mexico.pdf','https://permishare.s3.us-east-2.amazonaws.com/dev/corporate-information/NM_2021_State_of_New_Mexico.pdf',1,NULL,0,0,'Corporate','2020-11-19 10:30:00','2021-12-31',8,'2020-11-30 19:31:42',8,'2020-11-30 19:31:42'),(61,4,'CBP 2021 Transponder Renewal Receipt','CBP_DTOPS_2021_Renewal_Receipt.pdf','https://permishare.s3.us-east-2.amazonaws.com/dev/corporate-information/CBP_DTOPS_2021_Renewal_Receipt.pdf',1,NULL,0,0,'Corporate','2020-11-19 10:30:00','2021-12-31',8,'2020-11-30 19:34:52',8,'2020-11-30 19:34:52'),(62,5,'DOT Certificate','DOT_Certificate.pdf','https://permishare.s3.us-east-2.amazonaws.com/dev/corporate-information/DOT_Certificate.pdf',NULL,NULL,0,0,'Corporate','2018-04-27 09:30:00',NULL,12,'2020-12-01 21:07:42',12,'2020-12-01 21:07:42'),(63,5,'W-9','W9_2019.pdf','https://permishare.s3.us-east-2.amazonaws.com/dev/corporate-information/W9_2019.pdf',NULL,NULL,0,0,'Corporate','2019-01-07 10:30:00',NULL,12,'2020-12-01 21:07:42',12,'2020-12-01 21:07:42'),(64,5,NULL,'Insurance_Certificate.pdf','https://permishare.s3.us-east-2.amazonaws.com/dev/corporate-information/Insurance_Certificate.pdf',NULL,NULL,1,0,'Corporate',NULL,NULL,12,'2020-12-01 21:34:05',12,'2020-12-01 21:34:13'),(65,5,'Insurance Certificate','Insurance_Certificate.pdf','https://permishare.s3.us-east-2.amazonaws.com/dev/corporate-information/Insurance_Certificate.pdf',NULL,NULL,0,0,'Corporate','2020-05-13 09:30:00',NULL,12,'2020-12-01 21:34:45',12,'2020-12-01 21:34:45'),(66,6,'BOC-3 Process Agents','BOC-3.pdf','https://permishare.s3.us-east-2.amazonaws.com/dev/corporate-information/BOC-3.pdf',NULL,NULL,0,0,'Corporate','2014-04-16 09:30:00',NULL,13,'2020-12-03 20:42:27',13,'2020-12-03 20:42:27'),(67,6,'IFTA License 2020','2020_IFTA_Licence.pdf','https://permishare.s3.us-east-2.amazonaws.com/dev/corporate-information/2020_IFTA_Licence.pdf',1,NULL,1,0,'Corporate','2019-11-18 10:30:00','2020-12-31',13,'2020-12-03 20:43:51',13,'2021-08-24 18:38:42'),(68,6,'2290 Schedule 1 JUL2020','2290_Form_Received_JUL_2020.pdf','https://permishare.s3.us-east-2.amazonaws.com/dev/corporate-information/2290_Form_Received_JUL_2020.pdf',1,NULL,1,0,'Corporate','2020-07-01 09:30:00','2021-06-30',13,'2020-12-03 20:46:07',13,'2021-08-24 18:38:55'),(69,6,'IRP FLT 1 Cab Cards at Renewal ','cab_cards_at_renewal.pdf','https://permishare.s3.us-east-2.amazonaws.com/dev/corporate-information/cab_cards_at_renewal.pdf',1,NULL,0,0,'Corporate','2020-07-01 09:30:00','2021-06-30',13,'2020-12-03 21:52:51',13,'2020-12-03 21:52:51'),(70,6,'NJ Certificate of Authority','Certificate_of_Authority.pdf','https://permishare.s3.us-east-2.amazonaws.com/dev/corporate-information/Certificate_of_Authority.pdf',1,NULL,0,0,'Corporate','2003-06-19 09:30:00',NULL,13,'2020-12-03 22:02:54',13,'2020-12-03 22:02:54'),(71,6,'Unified Carrier Registration 2021','2021_UCR.pdf','https://permishare.s3.us-east-2.amazonaws.com/dev/corporate-information/2021_UCR.pdf',1,NULL,0,0,'Corporate','2020-11-10 10:30:00','2021-12-31',13,'2020-12-03 22:03:53',13,'2020-12-03 22:03:53'),(72,6,'IFTA License 2021','2021_IFTA_License.pdf','https://permishare.s3.us-east-2.amazonaws.com/dev/corporate-information/2021_IFTA_License.pdf',1,NULL,0,0,'Corporate','2020-11-10 10:30:00','2021-12-31',13,'2020-12-03 22:04:57',13,'2020-12-03 22:04:57'),(73,6,'Articles of Incorporation','Articles_of_Incorporation.pdf','https://permishare.s3.us-east-2.amazonaws.com/dev/corporate-information/Articles_of_Incorporation.pdf',NULL,NULL,0,0,'Corporate','1995-10-16 09:30:00',NULL,13,'2020-12-03 22:06:31',13,'2020-12-03 22:06:31'),(74,7,'IFTA Licence 2020','2020_IFTA_Licence.pdf','https://permishare.s3.us-east-2.amazonaws.com/dev/corporate-information/2020_IFTA_Licence.pdf',0,NULL,1,0,'Corporate','2020-01-01 10:30:00','2020-12-31',11,'2020-12-04 18:44:42',11,'2021-07-22 20:10:37'),(75,7,'IRP FLT 2 Cab Cards at Renewal','cab_cards_at_renewal.pdf','https://permishare.s3.us-east-2.amazonaws.com/dev/corporate-information/cab_cards_at_renewal.pdf',1,NULL,0,0,'Corporate','2020-02-01 10:30:00','2021-01-31',11,'2020-12-04 18:50:39',11,'2020-12-04 18:50:39'),(76,7,'Unified Carrier Registration 2021','UCR_2021.pdf','https://permishare.s3.us-east-2.amazonaws.com/dev/corporate-information/UCR_2021.pdf',1,NULL,0,0,'Corporate','2020-12-04 10:30:00','2021-12-31',11,'2020-12-04 18:51:46',11,'2020-12-04 18:51:46'),(77,7,'2290 Schedule 1 JULY 2020','2290_Form_Received.pdf','https://permishare.s3.us-east-2.amazonaws.com/dev/corporate-information/2290_Form_Received.pdf',1,NULL,0,0,'Corporate','2020-07-01 09:30:00','2021-06-30',11,'2020-12-04 18:52:34',11,'2020-12-04 18:52:34'),(78,7,'Articles of Incorporation','Articles.pdf','https://permishare.s3.us-east-2.amazonaws.com/dev/corporate-information/Articles.pdf',NULL,NULL,0,0,'Corporate','2003-10-23 09:30:00',NULL,11,'2020-12-04 19:31:11',11,'2020-12-04 19:31:11'),(79,7,'BOC-3 Process Agents','BOC-3_add_DBA.pdf','https://permishare.s3.us-east-2.amazonaws.com/dev/corporate-information/BOC-3_add_DBA.pdf',NULL,NULL,0,0,'Corporate','2017-01-11 10:30:00',NULL,11,'2020-12-04 19:33:33',11,'2020-12-04 19:33:33'),(80,7,'CVOR','CVOR.pdf','https://permishare.s3.us-east-2.amazonaws.com/dev/corporate-information/CVOR.pdf',1,NULL,0,0,'Corporate','2005-05-26 09:30:00',NULL,11,'2020-12-04 19:34:17',11,'2020-12-04 19:34:17'),(81,2,'Title / Ownership','reg_375.pdf','https://permishare.s3.us-east-2.amazonaws.com/dev/corporate-information/reg_375.pdf',1,NULL,1,0,'Corporate',NULL,NULL,4,'2020-12-05 13:54:53',4,'2020-12-20 15:52:44'),(82,2,'2290 Schedule 1','2290_Schedule_1.pdf','https://permishare.s3.us-east-2.amazonaws.com/dev/corporate-information/2290_Schedule_1.pdf',1,NULL,1,0,'Corporate','2020-07-01 09:30:00','2021-06-30',4,'2020-12-16 15:22:09',4,'2020-12-16 15:23:03'),(83,8,'Certificate of Insurance','Insurance.pdf','https://permishare.s3.amazonaws.com/dev/corporate-information/Insurance.pdf',NULL,NULL,0,0,'Corporate','2020-08-01 09:30:00','2021-08-01',15,'2020-12-18 14:42:09',15,'2020-12-18 14:42:09'),(84,8,'2290 Schedule 1 JUL2020','2290_Schedule_1_JUL2020.pdf','https://permishare.s3.us-east-2.amazonaws.com/dev/corporate-information/2290_Schedule_1_JUL2020.pdf',1,NULL,0,0,'Corporate','2020-07-01 09:30:00','2021-06-30',15,'2020-12-18 14:43:55',15,'2020-12-18 14:43:55'),(85,8,'NY HUT 23rd Series COR Renewal','HUT-COR_Renewal.pdf','https://permishare.s3.us-east-2.amazonaws.com/dev/corporate-information/HUT-COR_Renewal.pdf',1,NULL,0,0,'Corporate','2019-01-01 10:30:00','2021-12-31',15,'2020-12-18 14:52:14',15,'2020-12-18 14:52:14'),(86,8,'Accident Register - Sample','Accident_Register.pdf','https://permishare.s3.us-east-2.amazonaws.com/dev/corporate-information/Accident_Register.pdf',NULL,NULL,0,0,'Corporate','2020-01-01 10:30:00','2020-12-31',15,'2020-12-18 14:54:00',15,'2020-12-18 14:54:00'),(87,8,'Hazardous Materials Certificate of Registration 20','PHMSA_Hazardous_Material_Certificate_exp_06_30_2021_-_20181231142235593.pdf','https://permishare.s3.us-east-2.amazonaws.com/dev/corporate-information/PHMSA_Hazardous_Material_Certificate_exp_06_30_2021_-_20181231142235593.pdf',1,NULL,0,0,'Corporate','2018-07-01 09:30:00','2021-06-30',15,'2020-12-18 16:39:04',15,'2020-12-18 16:39:04'),(88,8,'IFTA License 2021','IFTA_License_2021.pdf','https://permishare.s3.us-east-2.amazonaws.com/dev/corporate-information/IFTA_License_2021.pdf',1,NULL,1,0,'Corporate','2020-01-01 10:30:00','2021-12-31',15,'2020-12-18 16:50:38',15,'2021-07-29 19:10:16'),(89,2,'Title / Ownership','Regs_12202020.pdf','https://permishare.s3.us-east-2.amazonaws.com/dev/corporate-information/Regs_12202020.pdf',0,NULL,1,0,'Corporate',NULL,NULL,4,'2020-12-20 15:43:25',4,'2020-12-20 15:51:40'),(90,2,'TDG Shipping Documents','TDG_Shipping_Documents.pdf','https://permishare.s3.us-east-2.amazonaws.com/dev/corporate-information/TDG_Shipping_Documents.pdf',1,NULL,0,0,'Corporate','2020-12-21 10:30:00','2021-01-26',3,'2020-12-21 21:17:28',3,'2020-12-21 21:17:28'),(91,4,'COVID-19 Temporary Validity Extension (MTO)','mto-temporary-validity-extension-letter-covid-19-en-2020-11-13.pdf','https://permishare.s3.us-east-2.amazonaws.com/dev/corporate-information/mto-temporary-validity-extension-letter-covid-19-en-2020-11-13.pdf',1,NULL,0,0,'Corporate','2020-11-13 10:30:00','2021-01-31',8,'2020-12-22 14:37:22',8,'2020-12-22 14:37:22'),(92,6,'COVID-19 Temporary Validity Extension (MTO)','mto-temporary-validity-extension-letter-covid-19-en-2020-11-13.pdf','https://permishare.s3.us-east-2.amazonaws.com/dev/corporate-information/mto-temporary-validity-extension-letter-covid-19-en-2020-11-13.pdf',1,NULL,1,0,'Corporate','2020-11-13 10:30:00','2021-01-31',13,'2020-12-22 14:41:26',13,'2021-08-24 18:40:35'),(93,1,'Test document','sg_tbl_qaleads.sql','https://permishare.s3.us-east-2.amazonaws.com/dev/corporate-information/sg_tbl_qaleads.sql',1,NULL,1,1,'Corporate','2021-03-11 00:00:00','2021-03-15',2,'2021-03-12 13:57:37',2,'2021-05-31 06:56:00'),(94,2,'IFTA License','IFTA_License.pdf','https://permishare.s3.amazonaws.com/dev/corporate-information/IFTA_License.pdf',1,NULL,0,0,'Corporate','2021-01-01 10:30:00','2021-12-31',4,'2021-03-31 18:42:55',4,'2021-03-31 18:42:55'),(95,2,'Accident Register','Accident_Register.pdf','https://permishare.s3.us-east-2.amazonaws.com/dev/corporate-information/Accident_Register.pdf',1,NULL,0,0,'Corporate','2020-01-01 10:30:00',NULL,4,'2021-03-31 18:43:46',4,'2021-09-24 14:41:00'),(96,10,'INSURANCE','PTS_-_Certificate_of_INSURANCE_2021.pdf','https://permishare.s3.us-east-2.amazonaws.com/dev/corporate-information/PTS_-_Certificate_of_INSURANCE_2021.pdf',1,NULL,0,0,'Corporate','2020-07-09 10:30:00','2021-07-16',20,'2021-07-09 18:29:50',20,'2021-07-09 18:29:50'),(97,7,'IFTA License 2021','IFTA_License_2021.pdf','https://permishare.s3.us-east-2.amazonaws.com/dev/corporate-information/IFTA_License_2021.pdf',1,NULL,0,0,'Corporate','2021-01-01 10:30:00','2021-12-31',11,'2021-07-22 19:45:33',11,'2021-07-22 19:45:33'),(98,7,'CBP 2021 Transponder Renewal Receipt','CBP_2021_Transponder_Renewal_Receipt.pdf','https://permishare.s3.us-east-2.amazonaws.com/dev/corporate-information/CBP_2021_Transponder_Renewal_Receipt.pdf',1,NULL,0,0,'Corporate','2020-11-26 10:30:00','2021-12-31',11,'2021-07-22 19:48:37',11,'2021-07-22 19:48:37'),(99,8,'IFTA Licence 2021','IFTA_License_2021.pdf','https://permishare.s3.us-east-2.amazonaws.com/dev/corporate-information/IFTA_License_2021.pdf',1,NULL,1,0,'Corporate','2021-01-01 10:30:00','2021-12-31',15,'2021-07-29 19:10:59',15,'2021-07-29 19:11:57'),(100,8,'IFTA Licence 2021','IFTA_License_2021.pdf','https://permishare.s3.us-east-2.amazonaws.com/dev/corporate-information/IFTA_License_2021.pdf',1,NULL,1,0,'Corporate','2021-01-01 10:30:00','2021-12-31',15,'2021-07-29 19:13:26',15,'2021-07-29 19:14:27'),(101,8,NULL,'IFTA_License_2021.pdf','https://permishare.s3.us-east-2.amazonaws.com/dev/corporate-information/IFTA_License_2021.pdf',NULL,NULL,1,0,'Corporate',NULL,NULL,15,'2021-07-29 19:14:45',15,'2021-07-29 19:15:19'),(102,8,NULL,'IFTA_License_2021.pdf','https://permishare.s3.us-east-2.amazonaws.com/dev/corporate-information/IFTA_License_2021.pdf',NULL,NULL,1,0,'Corporate',NULL,NULL,15,'2021-07-29 19:15:44',15,'2021-07-29 19:15:57'),(103,8,NULL,'IFTA_License_2021.pdf','https://permishare.s3.us-east-2.amazonaws.com/dev/corporate-information/IFTA_License_2021.pdf',NULL,NULL,1,0,'Corporate',NULL,NULL,15,'2021-07-29 19:16:39',15,'2021-09-29 11:06:21'),(104,11,'USDOT PIN','USDOT_PIN.pdf','https://permishare.s3.us-east-2.amazonaws.com/dev/corporate-information/USDOT_PIN.pdf',NULL,NULL,0,0,'Corporate','2010-04-01 09:30:00',NULL,29,'2021-08-23 18:21:38',29,'2021-08-23 18:21:38'),(105,11,'IFTA License 2021','2021_IFTA_License.pdf','https://permishare.s3.us-east-2.amazonaws.com/dev/corporate-information/2021_IFTA_License.pdf',1,NULL,0,0,'Corporate','2020-11-10 10:30:00','2021-12-31',29,'2021-08-23 18:23:10',29,'2021-08-23 18:23:10'),(106,11,'Unified Carrier Registration YYYY','2021_UCR.pdf','https://permishare.s3.us-east-2.amazonaws.com/dev/corporate-information/2021_UCR.pdf',1,NULL,1,0,'Corporate','2020-11-11 10:30:00','2021-12-31',29,'2021-08-23 18:24:13',29,'2021-08-23 18:58:00'),(107,11,'Articles of Incorporation','Articles_of_Incorporation.pdf','https://permishare.s3.us-east-2.amazonaws.com/dev/corporate-information/Articles_of_Incorporation.pdf',NULL,NULL,0,0,'Corporate','1991-02-06 10:30:00',NULL,29,'2021-08-23 18:29:51',29,'2021-08-23 18:29:51'),(108,11,'BOC-3 Process Agents','BOC-3_Updated.pdf','https://permishare.s3.us-east-2.amazonaws.com/dev/corporate-information/BOC-3_Updated.pdf',NULL,NULL,0,0,'Corporate','2019-08-22 09:30:00',NULL,29,'2021-08-23 18:35:14',29,'2021-08-23 18:35:14'),(109,11,'IFTA \\ WDT Q1 2021','Great_West_Carriers_1st_Qtr_2021.pdf','https://permishare.s3.us-east-2.amazonaws.com/dev/corporate-information/Great_West_Carriers_1st_Qtr_2021.pdf',NULL,NULL,0,0,'Corporate','2021-04-13 09:30:00',NULL,29,'2021-08-23 18:37:59',29,'2021-08-23 18:37:59'),(110,11,'IFTA \\ WDT Q2 2021','Great_West_Carriers_2nd_Qtr_2021.pdf','https://permishare.s3.us-east-2.amazonaws.com/dev/corporate-information/Great_West_Carriers_2nd_Qtr_2021.pdf',NULL,NULL,0,0,'Corporate','2021-07-13 09:30:00',NULL,29,'2021-08-23 18:38:56',29,'2021-08-23 18:38:56'),(111,11,'Service Bureau Engagement & Reporting Agreement','Engagement_&_Reporting_Agreement_-_signed.pdf','https://permishare.s3.us-east-2.amazonaws.com/dev/corporate-information/Engagement_%26_Reporting_Agreement_-_signed.pdf',NULL,NULL,0,0,'Corporate','2019-06-10 09:30:00',NULL,29,'2021-08-23 18:57:43',29,'2021-08-23 18:57:43'),(112,11,'Unified Carrier Registration 2021','2021_UCR.pdf','https://permishare.s3.us-east-2.amazonaws.com/dev/corporate-information/2021_UCR.pdf',1,NULL,0,0,'Corporate','2020-11-11 10:30:00','2021-12-31',29,'2021-08-23 18:58:48',29,'2021-08-23 18:58:48'),(113,12,'IFTA License 2021','2021_IFTA_Licence.pdf','https://permishare.s3.us-east-2.amazonaws.com/dev/corporate-information/2021_IFTA_Licence.pdf',1,NULL,0,0,'Corporate','2020-11-19 10:30:00','2021-12-31',27,'2021-08-23 19:22:35',27,'2021-08-23 19:22:35'),(114,12,'Service Bureau Engagement & Reporting Agreement','Engagement_&_Reporting_Agreement_-_signed.pdf','https://permishare.s3.us-east-2.amazonaws.com/dev/corporate-information/Engagement_%26_Reporting_Agreement_-_signed.pdf',NULL,NULL,0,0,'Corporate','2019-07-03 09:30:00',NULL,27,'2021-08-23 19:23:58',27,'2021-08-23 19:23:58'),(115,12,'IFTA \\ WDT Q1 2021','Fleming_1st_Qtr_2021.pdf','https://permishare.s3.us-east-2.amazonaws.com/dev/corporate-information/Fleming_1st_Qtr_2021.pdf',NULL,NULL,0,0,'Corporate','2021-04-21 09:30:00',NULL,27,'2021-08-23 19:25:08',27,'2021-08-23 19:25:08'),(116,12,'IFTA \\ WDT Q2 2021','Fleming_2nd_Qtr_2021.pdf','https://permishare.s3.us-east-2.amazonaws.com/dev/corporate-information/Fleming_2nd_Qtr_2021.pdf',NULL,NULL,0,0,'Corporate','2021-07-12 09:30:00',NULL,27,'2021-08-23 19:26:47',27,'2021-08-23 19:26:47'),(117,12,'Certificate of Insurance - Expires 04112021','Fleming_Insurance.pdf','https://permishare.s3.us-east-2.amazonaws.com/dev/corporate-information/Fleming_Insurance.pdf',NULL,NULL,1,0,'Corporate','2020-11-04 10:30:00','2021-11-04',27,'2021-08-23 19:41:52',27,'2021-08-23 19:42:01'),(118,12,'Certificate of Insurance','Fleming_Insurance.pdf','https://permishare.s3.us-east-2.amazonaws.com/dev/corporate-information/Fleming_Insurance.pdf',NULL,NULL,0,0,'Corporate','2020-11-04 10:30:00','2021-11-04',27,'2021-08-23 19:42:45',27,'2021-08-23 19:42:45'),(119,13,'Certificate of Insurance','COI-009.pdf','https://permishare.s3.us-east-2.amazonaws.com/dev/corporate-information/COI-009.pdf',NULL,NULL,0,0,'Corporate','2020-12-21 10:30:00','2021-12-31',31,'2021-08-24 13:56:08',31,'2021-08-24 13:56:08'),(120,13,'Service Bureau Engagement & Reporting Agreement','Engagement_&_Reporting_Agreement_-_signed.pdf','https://permishare.s3.us-east-2.amazonaws.com/dev/corporate-information/Engagement_%26_Reporting_Agreement_-_signed.pdf',NULL,NULL,0,0,'Corporate','2019-06-20 09:30:00',NULL,31,'2021-08-24 14:28:37',31,'2021-08-24 14:28:37'),(121,13,'Articles of Incorporation','Articles_Of_Incorporation.pdf','https://permishare.s3.us-east-2.amazonaws.com/dev/corporate-information/Articles_Of_Incorporation.pdf',NULL,NULL,0,0,'Corporate','2004-07-09 09:30:00',NULL,31,'2021-08-24 14:29:57',31,'2021-08-24 14:29:57'),(122,13,'BOC-3 Process Agents','BOC-3_Process_Agents.pdf','https://permishare.s3.us-east-2.amazonaws.com/dev/corporate-information/BOC-3_Process_Agents.pdf',NULL,NULL,0,0,'Corporate','2020-09-03 09:30:00',NULL,31,'2021-08-24 14:35:06',31,'2021-08-24 14:35:06'),(123,13,'FMCSA MCS-90 Insurance','MCS-90.pdf','https://permishare.s3.us-east-2.amazonaws.com/dev/corporate-information/MCS-90.pdf',NULL,NULL,0,0,'Corporate','2018-12-30 10:30:00',NULL,31,'2021-08-24 14:42:46',31,'2021-08-24 14:42:46'),(124,13,'USDOT PIN','DOT_PIN.pdf','https://permishare.s3.us-east-2.amazonaws.com/dev/corporate-information/DOT_PIN.pdf',0,NULL,0,0,'Corporate','2019-07-05 09:30:00',NULL,31,'2021-08-24 14:44:00',31,'2021-08-24 14:44:00'),(125,13,'IFTA License','IFTA_License_2021.pdf','https://permishare.s3.us-east-2.amazonaws.com/dev/corporate-information/IFTA_License_2021.pdf',1,NULL,0,0,'Corporate','2020-11-26 10:30:00','2021-12-31',31,'2021-08-24 14:45:22',31,'2021-08-24 14:45:22'),(126,13,'Unified Carrier Registration','UCR_2021.pdf','https://permishare.s3.us-east-2.amazonaws.com/dev/corporate-information/UCR_2021.pdf',1,NULL,0,0,'Corporate','2020-12-10 10:30:00','2021-12-31',31,'2021-08-24 14:46:36',31,'2021-08-24 14:46:36'),(127,13,'IRS Form 2290 Schedule 1','IRS_Form_2290_Schedule_1_JUL2021.pdf','https://permishare.s3.us-east-2.amazonaws.com/dev/corporate-information/IRS_Form_2290_Schedule_1_JUL2021.pdf',1,NULL,0,0,'Corporate','2021-07-01 09:30:00','2022-06-30',31,'2021-08-24 14:52:45',31,'2021-08-24 15:03:18'),(128,13,'Kentucky Use Tax License (KYU)','KYU.pdf','https://permishare.s3.us-east-2.amazonaws.com/dev/corporate-information/KYU.pdf',1,NULL,0,0,'Corporate','2005-06-28 09:30:00',NULL,31,'2021-08-24 15:05:28',31,'2021-08-24 15:05:28'),(129,13,'NJ Certificate of Authority','NJ_Certificate_Of_Authority.pdf','https://permishare.s3.us-east-2.amazonaws.com/dev/corporate-information/NJ_Certificate_Of_Authority.pdf',1,NULL,0,0,'Corporate','2009-07-02 09:30:00',NULL,31,'2021-08-24 15:07:37',31,'2021-08-24 15:07:37'),(130,13,'Oregon Motor Carrier Permit','Oregon_Motor_Carrier_Permit.pdf','https://permishare.s3.us-east-2.amazonaws.com/dev/corporate-information/Oregon_Motor_Carrier_Permit.pdf',1,NULL,0,0,'Corporate','2007-02-21 10:30:00',NULL,31,'2021-08-24 15:50:53',31,'2021-08-24 15:50:53'),(131,13,'IFTA \\ WDT Q1 2021','Verge_Furniture_Logistics_Inc._1st_Qtr_2021.pdf','https://permishare.s3.us-east-2.amazonaws.com/dev/corporate-information/Verge_Furniture_Logistics_Inc._1st_Qtr_2021.pdf',NULL,NULL,0,0,'Corporate','2021-04-23 09:30:00',NULL,31,'2021-08-24 16:01:55',31,'2021-08-24 16:01:55'),(132,13,'IFTA \\ WDT Q2 2021','Verge_Furniture_Logistics_Inc._2nd_Qtr_2021.pdf','https://permishare.s3.us-east-2.amazonaws.com/dev/corporate-information/Verge_Furniture_Logistics_Inc._2nd_Qtr_2021.pdf',NULL,NULL,0,0,'Corporate','2021-07-13 09:30:00',NULL,31,'2021-08-24 16:02:19',31,'2021-08-24 16:02:19'),(133,6,'PermiShare User Guide v1.1','PermiShare_User_Guide_v1.1.pdf','https://permishare.s3.us-east-2.amazonaws.com/dev/corporate-information/PermiShare_User_Guide_v1.1.pdf',NULL,NULL,0,0,'Corporate',NULL,NULL,13,'2021-08-24 18:36:15',13,'2021-08-24 18:36:15'),(134,6,'IRS Form 2290 Schedule 1 JUL2021','IRS_Form_2290_Schedule_1_JUL2021.pdf','https://permishare.s3.us-east-2.amazonaws.com/dev/corporate-information/IRS_Form_2290_Schedule_1_JUL2021.pdf',1,NULL,0,0,'Corporate','2021-07-01 09:30:00','2022-06-30',13,'2021-08-24 18:40:07',13,'2021-08-24 18:40:07'),(135,6,'IFTA \\ WDT Q1 2021','Stones_Transport_1st_Qtr_2021.pdf','https://permishare.s3.us-east-2.amazonaws.com/dev/corporate-information/Stones_Transport_1st_Qtr_2021.pdf',NULL,NULL,0,0,'Corporate','2021-04-16 09:30:00',NULL,13,'2021-08-24 18:54:49',13,'2021-08-24 18:54:49'),(136,6,'IFTA \\ WDT Q2 2021','Stones_Transport_2nd_Qtr_2021.pdf','https://permishare.s3.us-east-2.amazonaws.com/dev/corporate-information/Stones_Transport_2nd_Qtr_2021.pdf',NULL,NULL,0,0,'Corporate','2021-07-13 09:30:00',NULL,13,'2021-08-24 18:57:01',13,'2021-08-24 18:57:01'),(137,14,'PermiShare User Guide v1.1','PermiShare_User_Guide_v1.1.pdf','https://permishare.s3.us-east-2.amazonaws.com/dev/corporate-information/PermiShare_User_Guide_v1.1.pdf',NULL,NULL,0,0,'Corporate',NULL,NULL,32,'2021-08-24 19:22:51',32,'2021-08-24 19:22:51'),(138,6,'PermiShare User Guide v1.1','PermiShare_User_Guide_v1.1.pdf','https://permishare.s3.us-east-2.amazonaws.com/dev/corporate-information/PermiShare_User_Guide_v1.1.pdf',NULL,NULL,1,0,'Corporate',NULL,NULL,13,'2021-08-24 19:23:23',13,'2021-08-24 19:23:27'),(139,14,'FMCSA Operating Authority','FHA_Authority.pdf','https://permishare.s3.us-east-2.amazonaws.com/dev/corporate-information/FHA_Authority.pdf',1,NULL,0,0,'Corporate','1998-12-10 10:30:00',NULL,32,'2021-08-24 19:28:27',32,'2021-08-24 19:28:27'),(140,14,'IFTA License','IFTA_License_2021.pdf','https://permishare.s3.us-east-2.amazonaws.com/dev/corporate-information/IFTA_License_2021.pdf',1,NULL,0,0,'Corporate','2021-01-05 10:30:00','2021-12-31',32,'2021-08-24 19:31:13',32,'2021-08-24 19:31:13'),(141,14,'Unified Carrier Registration','UCR_2021.pdf','https://permishare.s3.us-east-2.amazonaws.com/dev/corporate-information/UCR_2021.pdf',1,NULL,0,0,'Corporate','2020-11-10 10:30:00','2021-12-31',32,'2021-08-24 19:32:19',32,'2021-08-24 19:32:19'),(142,14,'IRS Form 2290 Schedule 1 JUL2021','IRS_Form_2290_Schedule_1_JUL2021.pdf','https://permishare.s3.us-east-2.amazonaws.com/dev/corporate-information/IRS_Form_2290_Schedule_1_JUL2021.pdf',1,NULL,0,0,'Corporate','2021-07-01 09:30:00','2022-06-30',32,'2021-08-24 19:43:19',32,'2021-08-24 19:43:19'),(143,14,'CBP 2021 Transponder Renewal Receipt','CBP_Renewal_Receipt_2021.pdf','https://permishare.s3.us-east-2.amazonaws.com/dev/corporate-information/CBP_Renewal_Receipt_2021.pdf',1,NULL,0,0,'Corporate','2020-11-10 10:30:00','2021-12-31',32,'2021-08-24 19:45:48',32,'2021-08-24 19:45:48'),(144,14,'Form MCS-90 Endorsement for MC Policies of Insuran','MCS-90.pdf','https://permishare.s3.us-east-2.amazonaws.com/dev/corporate-information/MCS-90.pdf',NULL,NULL,0,0,'Corporate','2020-11-15 10:30:00',NULL,32,'2021-08-26 15:09:45',32,'2021-08-26 15:09:45'),(145,14,'IFTA \\ WDT Q1 2021','TFX_International_1st_Qtr_2021.pdf','https://permishare.s3.us-east-2.amazonaws.com/dev/corporate-information/TFX_International_1st_Qtr_2021.pdf',NULL,NULL,0,0,'Corporate','2021-04-16 09:30:00',NULL,32,'2021-08-26 15:18:50',32,'2021-08-26 15:18:50'),(146,14,'IFTA \\ WDT Q2 2021','TFX_International_2nd_Qtr_2021.pdf','https://permishare.s3.us-east-2.amazonaws.com/dev/corporate-information/TFX_International_2nd_Qtr_2021.pdf',NULL,NULL,0,0,'Corporate','2021-07-13 09:30:00',NULL,32,'2021-08-26 15:23:33',32,'2021-08-26 15:23:33'),(147,14,'Apportioned Cab Card Fleet 1','Cab_Cards_at_Renewal.pdf','https://permishare.s3.us-east-2.amazonaws.com/dev/corporate-information/Cab_Cards_at_Renewal.pdf',NULL,NULL,0,0,'Corporate','2021-04-01 09:30:00','2022-03-31',32,'2021-08-27 19:06:43',32,'2021-08-27 19:06:43'),(148,14,'NM Weight Distance Permit','NM_2021_Renewal.pdf','https://permishare.s3.us-east-2.amazonaws.com/dev/corporate-information/NM_2021_Renewal.pdf',1,NULL,0,0,'Corporate','2020-12-15 10:30:00','2021-12-31',32,'2021-08-27 19:38:48',32,'2021-08-27 19:38:48'),(149,4,'IRP FLT 2 Cab Cards at Renewal','cab_cards_at_renewal.pdf','https://permishare.s3.us-east-2.amazonaws.com/dev/corporate-information/cab_cards_at_renewal.pdf',1,NULL,0,0,'Corporate','2021-04-26 09:30:00','2022-04-30',8,'2021-09-09 15:06:59',8,'2021-09-09 15:06:59'),(150,4,'New Jersey Annual Report 2021','NJ_CertificateOfAnnualReport.pdf','https://permishare.s3.us-east-2.amazonaws.com/dev/corporate-information/NJ_CertificateOfAnnualReport.pdf',NULL,NULL,0,0,'Corporate','2021-07-09 09:30:00','2022-07-31',8,'2021-09-09 15:08:34',8,'2021-09-09 15:08:34'),(151,2,'UCR Registration','2020_UCR_Registration.pdf','https://permishare.s3.us-east-2.amazonaws.com/dev/corporate-information/2020_UCR_Registration.pdf',1,NULL,0,0,'Corporate','2020-01-01 10:30:00','2021-12-31',3,'2021-09-09 19:34:18',3,'2021-09-09 19:34:18'),(152,15,'FMCSA Operating Authority','FMCSA_Authority_-_MC906791.pdf','https://permishare.s3.us-east-2.amazonaws.com/dev/corporate-information/FMCSA_Authority_-_MC906791.pdf',1,NULL,0,0,'Corporate','2015-03-27 09:30:00',NULL,42,'2021-09-13 18:00:22',42,'2021-09-13 18:00:22'),(153,15,'Kentucky Use Tax License (KYU)','KYU_License.pdf','https://permishare.s3.us-east-2.amazonaws.com/dev/corporate-information/KYU_License.pdf',1,NULL,0,0,'Corporate','2015-04-02 09:30:00',NULL,42,'2021-09-13 18:01:28',42,'2021-09-13 18:01:28'),(154,15,'PermiShare User Guide v1.1','PermiShare_User_Guide_v1.1.pdf','https://permishare.s3.us-east-2.amazonaws.com/dev/corporate-information/PermiShare_User_Guide_v1.1.pdf',0,NULL,0,0,'Corporate','2021-01-01 10:30:00',NULL,42,'2021-09-13 18:31:28',42,'2021-09-13 18:31:28'),(155,15,'IFTA License','2021_IFTA_License.pdf','https://permishare.s3.us-east-2.amazonaws.com/dev/corporate-information/2021_IFTA_License.pdf',1,NULL,0,0,'Corporate','2020-11-19 10:30:00','2021-12-31',42,'2021-09-13 18:34:25',42,'2021-09-13 18:34:25'),(156,15,'Unified Carrier Registration 2021','2021_UCR.pdf','https://permishare.s3.us-east-2.amazonaws.com/dev/corporate-information/2021_UCR.pdf',1,NULL,0,0,'Corporate','2020-11-10 10:30:00','2021-12-31',42,'2021-09-13 18:36:29',42,'2021-09-13 18:36:29'),(157,15,'IFTA \\ WDT Q1 2021','Gary_Gibbons_1st_Qtr_2021.pdf','https://permishare.s3.us-east-2.amazonaws.com/dev/corporate-information/Gary_Gibbons_1st_Qtr_2021.pdf',NULL,NULL,0,0,'Corporate','2021-04-19 09:30:00',NULL,42,'2021-09-13 19:13:03',42,'2021-09-13 19:13:03'),(158,15,'IFTA \\ WDT Q2 2021','Gary_Gibbons_2nd_Qtr_2021.pdf','https://permishare.s3.us-east-2.amazonaws.com/dev/corporate-information/Gary_Gibbons_2nd_Qtr_2021.pdf',NULL,NULL,0,0,'Corporate','2021-07-20 09:30:00',NULL,42,'2021-09-13 19:13:31',42,'2021-09-13 19:13:31'),(159,15,'Service Bureau Engagement & Reporting Agreement','Engagement_&_Full_Service_Reporting_Agreement_Signed.pdf','https://permishare.s3.us-east-2.amazonaws.com/dev/corporate-information/Engagement_%26_Full_Service_Reporting_Agreement_Signed.pdf',NULL,NULL,0,0,'Corporate','2018-08-01 09:30:00',NULL,42,'2021-09-13 19:17:05',42,'2021-09-13 19:17:05'),(160,2,'Test ','Screen_Shot_2021-09-21_at_9.17.49_AM.png_(1).pdf','https://permishare.s3.us-east-2.amazonaws.com/dev/corporate-information/Screen_Shot_2021-09-21_at_9.17.49_AM.png_%281%29.pdf',1,NULL,1,0,'Corporate','2021-09-07 09:30:00','2021-09-30',3,'2021-09-21 15:32:26',3,'2021-09-21 15:39:41'),(161,2,'fghjk','Screen_Shot_2021-09-21_at_9.17.49_AM.png.pdf','https://permishare.s3.us-east-2.amazonaws.com/dev/corporate-information/Screen_Shot_2021-09-21_at_9.17.49_AM.png.pdf',1,NULL,1,0,'Corporate',NULL,NULL,3,'2021-09-21 15:39:22',3,'2021-09-21 15:39:39'),(162,2,'test','EFS_Statement_2021-09-21.pdf','https://permishare.s3.us-east-2.amazonaws.com/dev/corporate-information/EFS_Statement_2021-09-21.pdf',0,NULL,1,0,'Corporate','2021-09-14 09:30:00','2021-09-29',3,'2021-09-22 14:00:03',3,'2021-09-22 14:16:04'),(163,2,'Sample ','EFS_Statement_2021-09-21_(1).pdf','https://permishare.s3.us-east-2.amazonaws.com/dev/corporate-information/EFS_Statement_2021-09-21_%281%29.pdf',1,NULL,1,0,'Corporate','2021-09-02 09:30:00','2021-09-30',3,'2021-09-23 13:58:29',3,'2021-09-23 13:58:44'),(164,2,'fsdgfsadfg','876AA1EA-7DB8-4612-AE82-9195185E2048.jpeg','https://permishare.s3.us-east-2.amazonaws.com/dev/corporate-information/876AA1EA-7DB8-4612-AE82-9195185E2048.jpeg',0,NULL,1,0,'Corporate',NULL,NULL,3,'2021-09-24 14:48:03',3,'2021-09-30 18:38:35'),(165,8,'IFTA License','IFTA_License_2021.pdf','https://permishare.s3.us-east-2.amazonaws.com/dev/corporate-information/IFTA_License_2021.pdf',1,NULL,0,0,'Corporate','2020-11-23 10:30:00','2021-12-31',15,'2021-09-29 11:01:25',15,'2021-09-29 11:01:25'),(166,8,'IRP FLT 1 Cab Cards at Renewal 2022','cab_cards_at_renewal.pdf','https://permishare.s3.us-east-2.amazonaws.com/dev/corporate-information/cab_cards_at_renewal.pdf',1,NULL,0,0,'Corporate','2021-04-01 09:30:00','2022-03-31',15,'2021-09-29 11:05:58',15,'2021-09-29 11:05:58'),(167,8,'IRS Form 2290 Schedule 1 JUL2021','IRS_Form_2290_Schedule_1_JUL2021.pdf','https://permishare.s3.us-east-2.amazonaws.com/dev/corporate-information/IRS_Form_2290_Schedule_1_JUL2021.pdf',1,NULL,0,0,'Corporate','2021-07-26 09:30:00','2022-06-30',15,'2021-09-29 11:10:51',15,'2021-09-29 11:10:51'),(168,4,'PermiShare User Guide v1.1','PermiShare_User_Guide_v1.1.pdf','https://permishare.s3.amazonaws.com/dev/corporate-information/PermiShare_User_Guide_v1.1.pdf',NULL,NULL,0,0,'Corporate',NULL,NULL,8,'2021-09-30 14:08:52',8,'2021-09-30 14:08:52'),(169,7,'PermiShare User Guide v1.1','PermiShare_User_Guide_v1.1.pdf','https://permishare.s3.us-east-2.amazonaws.com/dev/corporate-information/PermiShare_User_Guide_v1.1.pdf',NULL,NULL,0,0,'Corporate',NULL,NULL,11,'2021-09-30 14:16:59',11,'2021-09-30 14:16:59'),(170,8,'PermiShare User Guide v1.1','PermiShare_User_Guide_v1.1.pdf','https://permishare.s3.us-east-2.amazonaws.com/dev/corporate-information/PermiShare_User_Guide_v1.1.pdf',NULL,NULL,0,0,'Corporate',NULL,NULL,15,'2021-09-30 14:17:35',15,'2021-09-30 14:17:35'),(171,12,'PermiShare User Guide v1.1','PermiShare_User_Guide_v1.1.pdf','https://permishare.s3.us-east-2.amazonaws.com/dev/corporate-information/PermiShare_User_Guide_v1.1.pdf',NULL,NULL,0,0,'Corporate',NULL,NULL,27,'2021-09-30 14:17:55',27,'2021-09-30 14:17:55'),(172,11,'PermiShare User Guide v1.1','PermiShare_User_Guide_v1.1.pdf','https://permishare.s3.us-east-2.amazonaws.com/dev/corporate-information/PermiShare_User_Guide_v1.1.pdf',NULL,NULL,0,0,'Corporate',NULL,NULL,29,'2021-09-30 14:18:28',29,'2021-09-30 14:18:28'),(173,16,'PermiShare User Guide v1.1','PermiShare_User_Guide_v1.1.pdf','https://permishare.s3.us-east-2.amazonaws.com/dev/corporate-information/PermiShare_User_Guide_v1.1.pdf',NULL,NULL,0,0,'Corporate',NULL,NULL,43,'2021-09-30 14:22:06',43,'2021-09-30 14:22:06'),(174,13,'PermiShare User Guide v1.1','PermiShare_User_Guide_v1.1.pdf','https://permishare.s3.us-east-2.amazonaws.com/dev/corporate-information/PermiShare_User_Guide_v1.1.pdf',NULL,NULL,0,0,'Corporate',NULL,NULL,31,'2021-09-30 14:28:04',31,'2021-09-30 14:28:04'),(175,16,'IRP Service Provider Authorization','IRP_Service_Provider_Authorization.pdf','https://permishare.s3.us-east-2.amazonaws.com/dev/corporate-information/IRP_Service_Provider_Authorization.pdf',NULL,NULL,0,0,'Corporate','2019-11-26 10:30:00',NULL,43,'2021-09-30 14:31:44',43,'2021-09-30 14:31:44'),(176,16,'Service Bureau Engagement & Reporting Agreement','Engagement_&_Reporting_Agreement_-_signed.pdf','https://permishare.s3.us-east-2.amazonaws.com/dev/corporate-information/Engagement_%26_Reporting_Agreement_-_signed.pdf',NULL,NULL,0,0,'Corporate','2019-06-24 09:30:00',NULL,43,'2021-09-30 14:33:22',43,'2021-09-30 14:33:22'),(177,16,'IFTA License','IFTA_License.pdf','https://permishare.s3.us-east-2.amazonaws.com/dev/corporate-information/IFTA_License.pdf',1,NULL,0,0,'Corporate','2020-11-27 10:30:00','2021-12-31',43,'2021-09-30 14:34:25',43,'2021-09-30 14:34:25'),(178,16,'FMCSA Operating Authority','FHA_Authority.pdf','https://permishare.s3.us-east-2.amazonaws.com/dev/corporate-information/FHA_Authority.pdf',1,NULL,0,0,'Corporate','1998-10-28 10:30:00',NULL,43,'2021-09-30 14:36:04',43,'2021-09-30 14:36:04'),(179,16,'FMCSA MCS-90 Insurance','Form_MCS-90.pdf','https://permishare.s3.us-east-2.amazonaws.com/dev/corporate-information/Form_MCS-90.pdf',1,NULL,0,0,'Corporate','2011-03-02 10:30:00',NULL,43,'2021-09-30 14:37:49',43,'2021-09-30 14:37:49'),(180,16,'IFTA \\ WDT Q1 2021','Lakeside_1st_Qtr_2021.pdf','https://permishare.s3.us-east-2.amazonaws.com/dev/corporate-information/Lakeside_1st_Qtr_2021.pdf',NULL,NULL,0,0,'Corporate','2021-04-21 09:30:00',NULL,43,'2021-09-30 14:39:39',43,'2021-09-30 14:39:39'),(181,16,'IFTA \\ WDT Q2 2021','Lakeside_2nd_Qtr_2021_(1).pdf','https://permishare.s3.us-east-2.amazonaws.com/dev/corporate-information/Lakeside_2nd_Qtr_2021_%281%29.pdf',NULL,NULL,0,0,'Corporate','2021-08-30 09:30:00',NULL,43,'2021-09-30 14:41:28',43,'2021-09-30 14:41:28'),(182,16,'Unified Carrier Registration YYYY','2020_UCR.pdf','https://permishare.s3.us-east-2.amazonaws.com/dev/corporate-information/2020_UCR.pdf',1,NULL,1,0,'Corporate','2020-11-11 10:30:00','2021-12-31',43,'2021-09-30 14:42:37',43,'2021-09-30 14:43:28'),(183,16,'Unified Carrier Registration 2021','2020_UCR.pdf','https://permishare.s3.us-east-2.amazonaws.com/dev/corporate-information/2020_UCR.pdf',1,NULL,0,0,'Corporate','2020-11-11 10:30:00','2021-12-31',43,'2021-09-30 14:43:24',43,'2021-09-30 14:43:24'),(184,16,'Markings & Permit Carry Requirements','Markings_&_Permit_Carry_Requirements.pdf','https://permishare.s3.us-east-2.amazonaws.com/dev/corporate-information/Markings_%26_Permit_Carry_Requirements.pdf',NULL,NULL,0,0,'Corporate','2020-01-01 10:30:00',NULL,43,'2021-09-30 15:02:02',43,'2021-09-30 15:02:02'),(185,16,'CRA Fuel Charge Account Confirmation','CRA_Road_Carrier_Endorsing_letter.pdf','https://permishare.s3.us-east-2.amazonaws.com/dev/corporate-information/CRA_Road_Carrier_Endorsing_letter.pdf',NULL,NULL,0,0,'Corporate','2019-03-28 09:30:00',NULL,43,'2021-09-30 15:05:44',43,'2021-09-30 15:05:44'),(186,16,'CBP YYYY Transponder Renewal Receipt','CBP_Renewal_Receipt.pdf','https://permishare.s3.us-east-2.amazonaws.com/dev/corporate-information/CBP_Renewal_Receipt.pdf',1,NULL,1,0,'Corporate','2020-11-11 10:30:00','2021-12-31',43,'2021-09-30 15:08:56',43,'2021-09-30 15:09:37'),(187,16,'CBP 2021 Transponder Renewal Receipt','CBP_Renewal_Receipt.pdf','https://permishare.s3.us-east-2.amazonaws.com/dev/corporate-information/CBP_Renewal_Receipt.pdf',1,NULL,0,0,'Corporate','2020-11-11 10:30:00','2021-12-31',43,'2021-09-30 15:09:30',43,'2021-09-30 15:09:30'),(188,16,'IRP FLT 1 Cab Cards at Renewal 2021','Cab_Cards_at_Renewal.pdf','https://permishare.s3.us-east-2.amazonaws.com/dev/corporate-information/Cab_Cards_at_Renewal.pdf',1,NULL,0,0,'Corporate','2021-01-01 10:30:00','2021-12-31',43,'2021-09-30 15:46:43',43,'2021-09-30 15:46:43'),(189,16,'Kentucky Use Tax License (KYU)','Kentucky_Use_Tax_License_(KYU).pdf','https://permishare.s3.us-east-2.amazonaws.com/dev/corporate-information/Kentucky_Use_Tax_License_%28KYU%29.pdf',1,NULL,0,0,'Corporate','2007-08-27 09:30:00',NULL,43,'2021-09-30 15:48:18',43,'2021-09-30 15:48:18'),(190,16,'NJ Certificate of Authority','NJ_Certificate_of_Authority.pdf','https://permishare.s3.us-east-2.amazonaws.com/dev/corporate-information/NJ_Certificate_of_Authority.pdf',1,NULL,0,0,'Corporate','2007-08-15 09:30:00',NULL,43,'2021-09-30 15:49:37',43,'2021-09-30 15:49:37'),(191,16,'NJ Business Registration Certificate','Business_Registration_Certificate.pdf','https://permishare.s3.us-east-2.amazonaws.com/dev/corporate-information/Business_Registration_Certificate.pdf',NULL,NULL,0,0,'Corporate','2007-08-15 09:30:00',NULL,43,'2021-09-30 15:51:13',43,'2021-09-30 15:51:13'),(192,17,'IFTA License','IFTA_License.pdf','https://permishare.s3.us-east-2.amazonaws.com/dev/corporate-information/IFTA_License.pdf',1,NULL,0,0,'Corporate','2020-12-14 10:30:00','2021-12-31',44,'2021-09-30 20:37:04',44,'2021-09-30 20:37:04'),(193,17,'Unified Carrier Registration 2021','Unified_Carrier_Registration_2021.pdf','https://permishare.s3.us-east-2.amazonaws.com/dev/corporate-information/Unified_Carrier_Registration_2021.pdf',1,NULL,0,0,'Corporate','2021-09-30 09:30:00','2021-12-31',44,'2021-09-30 20:37:55',44,'2021-09-30 20:37:55'),(194,17,'PermiShare User Guide v1.1','PermiShare_User_Guide_v1.1.pdf','https://permishare.s3.us-east-2.amazonaws.com/dev/corporate-information/PermiShare_User_Guide_v1.1.pdf',NULL,NULL,0,0,'Corporate',NULL,NULL,44,'2021-09-30 20:42:14',44,'2021-09-30 20:42:14');
/*!40000 ALTER TABLE `trs_tbl_corporate_info_documents` ENABLE KEYS */;
UNLOCK TABLES;

--
-- Table structure for table `trs_tbl_corporate_information`
--

DROP TABLE IF EXISTS `trs_tbl_corporate_information`;
/*!40101 SET @saved_cs_client     = @@character_set_client */;
/*!50503 SET character_set_client = utf8mb4 */;
CREATE TABLE `trs_tbl_corporate_information` (
  `corporate_information_id` bigint NOT NULL AUTO_INCREMENT,
  `carrier_id` bigint NOT NULL,
  `company_legal_name` varchar(255) NOT NULL,
  `company_dba` varchar(255) DEFAULT NULL,
  `country_id` bigint NOT NULL,
  `state_id` bigint NOT NULL,
  `city` varchar(20) NOT NULL,
  `address_1` text NOT NULL,
  `zip_code` varchar(8) NOT NULL,
  `telephone` varchar(20) NOT NULL,
  `fax` varchar(20) DEFAULT NULL,
  `carrier_type` tinyint(1) NOT NULL COMMENT '1-->us based us travel 2-->us based international travel 3-->canada based canada travel 4-->canada based international travel',
  `us_dot` varchar(15) DEFAULT NULL,
  `us_dot_pin` varchar(15) DEFAULT NULL,
  `mc_number` varchar(15) DEFAULT NULL,
  `mc_portal_user` varchar(15) DEFAULT NULL,
  `mc_pin` varchar(15) DEFAULT NULL,
  `employee_id_number` varchar(15) DEFAULT NULL,
  `ifta_account` varchar(15) DEFAULT NULL,
  `irp_account` varchar(15) DEFAULT NULL,
  `ins_policy` varchar(15) DEFAULT NULL,
  `ins_policy_exp` datetime DEFAULT NULL,
  `kyu` varchar(15) DEFAULT NULL,
  `nm_wdt` varchar(15) DEFAULT NULL,
  `ny_hut` varchar(15) DEFAULT NULL,
  `oregon_mc_permit` varchar(15) DEFAULT NULL,
  `scac_code` varchar(15) DEFAULT NULL,
  `quebec_neq` varchar(15) DEFAULT NULL,
  `ins_company` varchar(50) DEFAULT NULL,
  `us_cbp_dtops_acc` varchar(20) DEFAULT NULL,
  `national_safety_code` varchar(15) DEFAULT NULL,
  `federal_business` varchar(15) DEFAULT NULL,
  `created_by` bigint NOT NULL,
  `created_date` datetime NOT NULL DEFAULT CURRENT_TIMESTAMP,
  `modified_by` bigint NOT NULL,
  `modified_date` datetime NOT NULL DEFAULT CURRENT_TIMESTAMP ON UPDATE CURRENT_TIMESTAMP,
  PRIMARY KEY (`corporate_information_id`)
) ENGINE=InnoDB AUTO_INCREMENT=18 DEFAULT CHARSET=latin1;
/*!40101 SET character_set_client = @saved_cs_client */;

--
-- Dumping data for table `trs_tbl_corporate_information`
--

LOCK TABLES `trs_tbl_corporate_information` WRITE;
/*!40000 ALTER TABLE `trs_tbl_corporate_information` DISABLE KEYS */;
INSERT INTO `trs_tbl_corporate_information` VALUES (1,2,'Mr Chiv Trucking Company','',231,3975,'Washington City','Near White House','500062','7981850807','',1,NULL,NULL,NULL,NULL,NULL,NULL,NULL,NULL,NULL,NULL,NULL,NULL,NULL,NULL,NULL,NULL,NULL,NULL,NULL,NULL,2,'2020-10-17 08:37:29',2,'2020-10-17 08:37:29'),(2,3,'PermiShare Trucking Inc','',231,3934,'Jacksonville','123 Main Street','62703','2171234567','',2,'1273673','aX@1!800','1234567','ctsp','aX@1!800','98-1234567','IL1234567','ILXXXXXXX','TA73918285','2021-03-22 04:00:00','123456','98-1234567','98-1234567','996534','TSRT',NULL,'Hub International','PXXXXXXXX','151974555',NULL,4,'2020-10-22 20:49:48',4,'2021-09-09 15:54:52'),(3,5,'Marvel Trucking LLC','',38,671,'Toronto','123 Main Street','M4W 1K7','1234567890','',4,'1273673','aX@1!800','1234567','ctsp','aX@1!800','98-1234567','AL1234567','ALXXXXXXXXX','Y13456789','2020-12-31 05:00:00','123466','98-1234567','98-123467','996534','PSHR',NULL,'Your Insurance Co.','PXXXXXXXXX','987654321','987654321',7,'2020-11-25 15:22:21',7,'2022-03-26 16:03:53'),(4,6,'1210841 Ontario Limited','Flash Freight Systems',38,671,'Ariss','5896 8th Line','N0B 1B0','519-821-8878','',4,'758431','2F26RR0D','342097',NULL,NULL,'980210480','ON000051081','ON12146','T70007','2021-03-01 05:00:00','151335','07-054891-00-9','TF1377876','NA',NULL,'1160076395','Old republic Insurance Company of canada','100019574','124580442','882113095',8,'2020-11-28 15:04:51',8,'2020-11-29 15:51:35'),(5,9,'Lux Transporting LLC','',231,3935,'Carmel','3855 Minuteman Cir','46032',' 6128889829','',1,'3121098','','088014',NULL,NULL,'825019376',NULL,NULL,'AA1122000',NULL,NULL,NULL,NULL,NULL,NULL,NULL,'Lloyds',NULL,NULL,NULL,12,'2020-12-01 21:07:42',12,'2020-12-01 21:07:42'),(6,10,'Stones Transport Inc. ','',38,671,'North York ','134 Norfinch Drive, Suite 100','M3N 1X7','416-736-0444','',4,'789795','8E53DA6H','352717 ',NULL,NULL,'980200564','ON000006622','ON12205','TRVBSA1201','2020-12-16 05:00:00','187490','07-014023-00-5','980200564',NULL,NULL,'1164847114','Travelers Insurance Co.','S00014586','124319645','895807758',13,'2020-12-03 18:51:16',13,'2020-12-04 14:49:01'),(7,8,'1584412 Ontario Inc.','S & S Transport',38,671,'Georgetown','162 Guelph St. Unit 247','L7G 5X7','4167218396','2892011553',4,'1375703','3X62DN3H','524947',NULL,NULL,'980540288','ON000122599','ON15279',NULL,NULL,'622408','07-211183-00-6','680680510',NULL,'SSTP','1163597629',NULL,'100694237','151974995','871285607',11,'2020-12-04 16:36:59',11,'2020-12-04 16:39:28'),(8,11,'Environmental Services Inc.','',38,671,'Tilbury','22153 King & Whittle Road','N0P 2L0','5196822903','5196820503',4,'728142','0A80OX5O','335049',NULL,NULL,'980182036','ON006701994','ON12255','CA00004658AU20A','2021-08-01 04:00:00','252458','N/A','TF1345900','N/A',NULL,'1163422141','XL Specialty Insurance Company','E00008223','116904601','895842854',15,'2020-12-18 14:42:08',15,'2020-12-18 21:28:39'),(9,12,'Sabaa Enterprises INC','',231,3945,'Dearborn','2883 Amazon St','48120','3133770769','',1,'2952547',NULL,'2952547',NULL,NULL,NULL,NULL,NULL,NULL,NULL,NULL,NULL,NULL,NULL,NULL,NULL,NULL,NULL,NULL,NULL,16,'2020-12-22 16:33:25',16,'2020-12-22 16:33:25'),(10,15,'RHHC Carrier Company LLC','PONY TRANSPORT',231,3970,'Wolfforth','13405 CR 1600 STE 74','79382','8069557669','',1,'3433883',NULL,'1113357','ponytransport',NULL,'85-1226562',NULL,NULL,'140121190','2021-07-16 05:00:00',NULL,NULL,NULL,NULL,'PTPT',NULL,'THREE by BERKSHIRE HATHAWAY',NULL,NULL,NULL,20,'2021-07-09 18:29:50',20,'2021-07-09 18:38:04'),(11,22,'Great West Carriers Inc. ','',38,671,'Cambridge','6808 Wellington County Road 34','N3C 2R6','5198951875','',4,'571905','9N41SK0O','209753',NULL,NULL,'980136081','ON000013857','ON12348',NULL,NULL,'113903','N/A','980136081','N/A',NULL,'N/A',NULL,'G00005541','CVOR 105053857','133333369',29,'2021-08-19 18:56:00',29,'2021-08-23 18:19:30'),(12,20,'Fleming Fast Freight Inc. ','',38,671,'Fergus','545 Glengarry Crescent','N1M 2W7','5198435460','',3,NULL,NULL,NULL,NULL,NULL,NULL,'ON000082480',NULL,'64009271','2021-11-04 04:00:00',NULL,NULL,NULL,NULL,NULL,'1160266590','Economical Insurance Company ',NULL,'CVOR 128501249','872867999',27,'2021-08-23 18:00:53',27,'2021-08-23 19:21:44'),(13,24,'Verge Furniture Logistics Inc. ','',38,671,'Stouffville','36 Norbett Drive, Unit 2','L4A 2G7','9053058572','',4,'1268339','4R94LX7G','505034 COMMON',NULL,NULL,'980491811','ON000124160','ON14636','OLH21705162','2021-12-30 05:00:00','224065','07-034205-00-9','TF2222191','073078',NULL,'1163081483','Echelon Insurance Company ','V00036187','CVOR 149666531','855748679',31,'2021-08-23 18:47:01',31,'2021-08-23 18:58:48'),(14,25,'422692 Ontario Limited','TFX International Specialized Vehicle Transport ',38,671,'Etobicoke','11 City View Drive','M9W 5A5','4162438531','',4,'763766','6K47ST9Q','343736 COMMON',NULL,NULL,'980196728','ON00055580','ON12108','2027198','2021-11-03 04:00:00','154724','07-000526-00-5','TF1425597','251552',NULL,'1148411029','NORTHBRIDGE GENERAL INSURANCE COMPANY','400008098','CVOR 131307151','881885768',32,'2021-08-24 18:06:34',32,'2021-08-24 18:14:45'),(15,29,'Gary Gibbons','Fairview Flatbeds',38,671,'St. Thomas','6932 Fairview Rd.','N5P 3S8','5195212567','',4,'2586988','1O70IR8N','906791',NULL,NULL,'981229227','ON006900271','ON37011',NULL,NULL,'349516',NULL,'981229227',NULL,NULL,NULL,NULL,'G00744724','112-715-153','824328405',42,'2021-09-13 16:02:42',42,'2021-09-13 16:02:42'),(16,30,'Lakeside Produce Inc. ','',38,671,'Leamington ','307 Hwy 77, RR # 2','N8H 3V5','5193221959','',4,'758711','5W55QX3L','342662','','NA','980547584','ON000051093','ON12642','AF5174873','2021-11-05 04:00:00','253733','07-074570-00-6','980547584','NA',NULL,'1166017138','Intact Insurance Company','L00054245','CVOR 129-329-09','140510157',43,'2021-09-30 14:21:50',43,'2021-09-30 15:31:15'),(17,31,'Barry Paton','Paton Racing',38,671,'Paris','544 Paris Road','N3L 3E1','4239676817','',4,'1550615','3I13ET6G','NA','NA','NA','980197448','ON007400329','ON35763','52662A02','2022-09-26 04:00:00','338944',NULL,'980197448',NULL,NULL,NULL,'Kent and Essex Mutual Insurance Company',NULL,'CVOR 105-806-41','CRA 230586711',44,'2021-09-30 20:33:27',44,'2021-09-30 20:33:27');
/*!40000 ALTER TABLE `trs_tbl_corporate_information` ENABLE KEYS */;
UNLOCK TABLES;

--
-- Table structure for table `trs_tbl_countries`
--

DROP TABLE IF EXISTS `trs_tbl_countries`;
/*!40101 SET @saved_cs_client     = @@character_set_client */;
/*!50503 SET character_set_client = utf8mb4 */;
CREATE TABLE `trs_tbl_countries` (
  `country_id` bigint NOT NULL AUTO_INCREMENT,
  `country_short_code` varchar(5) NOT NULL,
  `country_phonecode` int NOT NULL,
  `country_name` varchar(255) NOT NULL,
  `is_active` tinyint NOT NULL DEFAULT '0',
  `is_deleted` tinyint NOT NULL DEFAULT '1',
  PRIMARY KEY (`country_id`)
) ENGINE=InnoDB AUTO_INCREMENT=247 DEFAULT CHARSET=latin1;
/*!40101 SET character_set_client = @saved_cs_client */;

--
-- Dumping data for table `trs_tbl_countries`
--

LOCK TABLES `trs_tbl_countries` WRITE;
/*!40000 ALTER TABLE `trs_tbl_countries` DISABLE KEYS */;
INSERT INTO `trs_tbl_countries` VALUES (1,'AF',93,'Afghanistan',1,1),(2,'AL',355,'Albania',1,1),(3,'DZ',213,'Algeria',1,1),(4,'AS',1684,'American Samoa',1,1),(5,'AD',376,'Andorra',1,1),(6,'AO',244,'Angola',1,1),(7,'AI',1264,'Anguilla',1,1),(8,'AQ',0,'Antarctica',1,1),(9,'AG',1268,'Antigua And Barbuda',1,1),(10,'AR',54,'Argentina',1,1),(11,'AM',374,'Armenia',1,1),(12,'AW',297,'Aruba',1,1),(13,'AU',61,'Australia',1,0),(14,'AT',43,'Austria',1,1),(15,'AZ',994,'Azerbaijan',1,1),(16,'BS',1242,'Bahamas The',1,1),(17,'BH',973,'Bahrain',1,1),(18,'BD',880,'Bangladesh',1,1),(19,'BB',1246,'Barbados',1,1),(20,'BY',375,'Belarus',1,1),(21,'BE',32,'Belgium',1,1),(22,'BZ',501,'Belize',1,1),(23,'BJ',229,'Benin',1,1),(24,'BM',1441,'Bermuda',1,1),(25,'BT',975,'Bhutan',1,1),(26,'BO',591,'Bolivia',1,1),(27,'BA',387,'Bosnia and Herzegovina',1,1),(28,'BW',267,'Botswana',1,1),(29,'BV',0,'Bouvet Island',1,1),(30,'BR',55,'Brazil',1,1),(31,'IO',246,'British Indian Ocean Territory',1,1),(32,'BN',673,'Brunei',1,1),(33,'BG',359,'Bulgaria',1,1),(34,'BF',226,'Burkina Faso',1,1),(35,'BI',257,'Burundi',1,1),(36,'KH',855,'Cambodia',1,1),(37,'CM',237,'Cameroon',1,1),(38,'CA',1,'Canada',1,0),(39,'CV',238,'Cape Verde',1,1),(40,'KY',1345,'Cayman Islands',1,1),(41,'CF',236,'Central African Republic',1,1),(42,'TD',235,'Chad',1,1),(43,'CL',56,'Chile',1,1),(44,'CN',86,'China',1,1),(45,'CX',61,'Christmas Island',1,1),(46,'CC',672,'Cocos (Keeling) Islands',1,1),(47,'CO',57,'Colombia',1,1),(48,'KM',269,'Comoros',1,1),(49,'CG',242,'Republic Of The Congo',1,1),(50,'CD',242,'Democratic Republic Of The Congo',1,1),(51,'CK',682,'Cook Islands',1,1),(52,'CR',506,'Costa Rica',1,1),(53,'CI',225,'Cote D\'Ivoire (Ivory Coast)',1,1),(54,'HR',385,'Croatia (Hrvatska)',1,1),(55,'CU',53,'Cuba',1,1),(56,'CY',357,'Cyprus',1,1),(57,'CZ',420,'Czech Republic',1,1),(58,'DK',45,'Denmark',1,0),(59,'DJ',253,'Djibouti',1,1),(60,'DM',1767,'Dominica',1,1),(61,'DO',1809,'Dominican Republic',1,1),(62,'TP',670,'East Timor',1,1),(63,'EC',593,'Ecuador',1,1),(64,'EG',20,'Egypt',1,1),(65,'SV',503,'El Salvador',1,1),(66,'GQ',240,'Equatorial Guinea',1,1),(67,'ER',291,'Eritrea',1,1),(68,'EE',372,'Estonia',1,1),(69,'ET',251,'Ethiopia',1,1),(70,'XA',61,'External Territories of Australia',1,1),(71,'FK',500,'Falkland Islands',1,1),(72,'FO',298,'Faroe Islands',1,1),(73,'FJ',679,'Fiji Islands',1,1),(74,'FI',358,'Finland',1,1),(75,'FR',33,'France',1,0),(76,'GF',594,'French Guiana',1,1),(77,'PF',689,'French Polynesia',1,1),(78,'TF',0,'French Southern Territories',1,1),(79,'GA',241,'Gabon',1,1),(80,'GM',220,'Gambia The',1,1),(81,'GE',995,'Georgia',1,1),(82,'DE',49,'Germany',1,0),(83,'GH',233,'Ghana',1,1),(84,'GI',350,'Gibraltar',1,1),(85,'GR',30,'Greece',1,1),(86,'GL',299,'Greenland',1,1),(87,'GD',1473,'Grenada',1,1),(88,'GP',590,'Guadeloupe',1,1),(89,'GU',1671,'Guam',1,1),(90,'GT',502,'Guatemala',1,1),(91,'XU',44,'Guernsey and Alderney',1,1),(92,'GN',224,'Guinea',1,1),(93,'GW',245,'Guinea-Bissau',1,1),(94,'GY',592,'Guyana',1,1),(95,'HT',509,'Haiti',1,1),(96,'HM',0,'Heard and McDonald Islands',1,1),(97,'HN',504,'Honduras',1,1),(98,'HK',852,'Hong Kong S.A.R.',1,1),(99,'HU',36,'Hungary',1,1),(100,'IS',354,'Iceland',1,1),(101,'IN',91,'India',1,0),(102,'ID',62,'Indonesia',1,1),(103,'IR',98,'Iran',1,1),(104,'IQ',964,'Iraq',1,1),(105,'IE',353,'Ireland',1,1),(106,'IL',972,'Israel',1,1),(107,'IT',39,'Italy',1,0),(108,'JM',1876,'Jamaica',1,1),(109,'JP',81,'Japan',1,0),(110,'XJ',44,'Jersey',1,1),(111,'JO',962,'Jordan',1,1),(112,'KZ',7,'Kazakhstan',1,1),(113,'KE',254,'Kenya',1,1),(114,'KI',686,'Kiribati',1,1),(115,'KP',850,'Korea North',1,1),(116,'KR',82,'Korea South',1,1),(117,'KW',965,'Kuwait',1,1),(118,'KG',996,'Kyrgyzstan',1,1),(119,'LA',856,'Laos',1,1),(120,'LV',371,'Latvia',1,1),(121,'LB',961,'Lebanon',1,1),(122,'LS',266,'Lesotho',1,1),(123,'LR',231,'Liberia',1,1),(124,'LY',218,'Libya',1,1),(125,'LI',423,'Liechtenstein',1,1),(126,'LT',370,'Lithuania',1,1),(127,'LU',352,'Luxembourg',1,1),(128,'MO',853,'Macau S.A.R.',1,1),(129,'MK',389,'Macedonia',1,1),(130,'MG',261,'Madagascar',1,1),(131,'MW',265,'Malawi',1,1),(132,'MY',60,'Malaysia',1,1),(133,'MV',960,'Maldives',1,1),(134,'ML',223,'Mali',1,1),(135,'MT',356,'Malta',1,1),(136,'XM',44,'Man (Isle of)',1,1),(137,'MH',692,'Marshall Islands',1,1),(138,'MQ',596,'Martinique',1,1),(139,'MR',222,'Mauritania',1,1),(140,'MU',230,'Mauritius',1,1),(141,'YT',269,'Mayotte',1,1),(142,'MX',52,'Mexico',1,1),(143,'FM',691,'Micronesia',1,1),(144,'MD',373,'Moldova',1,1),(145,'MC',377,'Monaco',1,1),(146,'MN',976,'Mongolia',1,1),(147,'MS',1664,'Montserrat',1,1),(148,'MA',212,'Morocco',1,1),(149,'MZ',258,'Mozambique',1,1),(150,'MM',95,'Myanmar',1,1),(151,'NA',264,'Namibia',1,1),(152,'NR',674,'Nauru',1,1),(153,'NP',977,'Nepal',1,1),(154,'AN',599,'Netherlands Antilles',1,0),(155,'NL',31,'Netherlands The',1,0),(156,'NC',687,'New Caledonia',1,1),(157,'NZ',64,'New Zealand',1,0),(158,'NI',505,'Nicaragua',1,1),(159,'NE',227,'Niger',1,1),(160,'NG',234,'Nigeria',1,1),(161,'NU',683,'Niue',1,1),(162,'NF',672,'Norfolk Island',1,1),(163,'MP',1670,'Northern Mariana Islands',1,1),(164,'NO',47,'Norway',1,0),(165,'OM',968,'Oman',1,1),(166,'PK',92,'Pakistan',1,1),(167,'PW',680,'Palau',1,1),(168,'PS',970,'Palestinian Territory Occupied',1,1),(169,'PA',507,'Panama',1,1),(170,'PG',675,'Papua new Guinea',1,1),(171,'PY',595,'Paraguay',1,1),(172,'PE',51,'Peru',1,1),(173,'PH',63,'Philippines',1,1),(174,'PN',0,'Pitcairn Island',1,1),(175,'PL',48,'Poland',1,1),(176,'PT',351,'Portugal',1,1),(177,'PR',1787,'Puerto Rico',1,1),(178,'QA',974,'Qatar',1,1),(179,'RE',262,'Reunion',1,1),(180,'RO',40,'Romania',1,1),(181,'RU',70,'Russia',1,1),(182,'RW',250,'Rwanda',1,1),(183,'SH',290,'Saint Helena',1,1),(184,'KN',1869,'Saint Kitts And Nevis',1,1),(185,'LC',1758,'Saint Lucia',1,1),(186,'PM',508,'Saint Pierre and Miquelon',1,1),(187,'VC',1784,'Saint Vincent And The Grenadines',1,1),(188,'WS',684,'Samoa',1,1),(189,'SM',378,'San Marino',1,1),(190,'ST',239,'Sao Tome and Principe',1,1),(191,'SA',966,'Saudi Arabia',1,1),(192,'SN',221,'Senegal',1,1),(193,'RS',381,'Serbia',1,1),(194,'SC',248,'Seychelles',1,1),(195,'SL',232,'Sierra Leone',1,1),(196,'SG',65,'Singapore',1,0),(197,'SK',421,'Slovakia',1,1),(198,'SI',386,'Slovenia',1,1),(199,'XG',44,'Smaller Territories of the UK',1,1),(200,'SB',677,'Solomon Islands',1,1),(201,'SO',252,'Somalia',1,1),(202,'ZA',27,'South Africa',1,0),(203,'GS',0,'South Georgia',1,1),(204,'SS',211,'South Sudan',1,1),(205,'ES',34,'Spain',1,0),(206,'LK',94,'Sri Lanka',1,1),(207,'SD',249,'Sudan',1,1),(208,'SR',597,'Suriname',1,1),(209,'SJ',47,'Svalbard And Jan Mayen Islands',1,1),(210,'SZ',268,'Swaziland',1,1),(211,'SE',46,'Sweden',1,0),(212,'CH',41,'Switzerland',1,0),(213,'SY',963,'Syria',1,1),(214,'TW',886,'Taiwan',1,1),(215,'TJ',992,'Tajikistan',1,1),(216,'TZ',255,'Tanzania',1,1),(217,'TH',66,'Thailand',1,1),(218,'TG',228,'Togo',1,1),(219,'TK',690,'Tokelau',1,1),(220,'TO',676,'Tonga',1,1),(221,'TT',1868,'Trinidad And Tobago',1,1),(222,'TN',216,'Tunisia',1,1),(223,'TR',90,'Turkey',1,1),(224,'TM',7370,'Turkmenistan',1,1),(225,'TC',1649,'Turks And Caicos Islands',1,1),(226,'TV',688,'Tuvalu',1,1),(227,'UG',256,'Uganda',1,1),(228,'UA',380,'Ukraine',1,1),(229,'AE',971,'United Arab Emirates',1,0),(230,'GB',44,'United Kingdom',1,0),(231,'US',1,'United States',1,0),(232,'UM',1,'United States Minor Outlying Islands',1,1),(233,'UY',598,'Uruguay',1,1),(234,'UZ',998,'Uzbekistan',1,1),(235,'VU',678,'Vanuatu',1,1),(236,'VA',39,'Vatican City State (Holy See)',1,1),(237,'VE',58,'Venezuela',1,1),(238,'VN',84,'Vietnam',1,1),(239,'VG',1284,'Virgin Islands (British)',1,1),(240,'VI',1340,'Virgin Islands (US)',1,1),(241,'WF',681,'Wallis And Futuna Islands',1,1),(242,'EH',212,'Western Sahara',1,1),(243,'YE',967,'Yemen',1,1),(244,'YU',38,'Yugoslavia',1,1),(245,'ZM',260,'Zambia',1,1),(246,'ZW',263,'Zimbabwe',1,1);
/*!40000 ALTER TABLE `trs_tbl_countries` ENABLE KEYS */;
UNLOCK TABLES;

--
-- Table structure for table `trs_tbl_document_share_history`
--

DROP TABLE IF EXISTS `trs_tbl_document_share_history`;
/*!40101 SET @saved_cs_client     = @@character_set_client */;
/*!50503 SET character_set_client = utf8mb4 */;
CREATE TABLE `trs_tbl_document_share_history` (
  `share_history_id` bigint NOT NULL AUTO_INCREMENT,
  `shared_to_email` varchar(100) NOT NULL,
  `shared_date` date NOT NULL,
  `document_type` tinyint(1) NOT NULL COMMENT '1--> Driver 2-->Asset 3-->Corporate Info',
  `document_id` bigint NOT NULL,
  `driver_id` bigint NOT NULL,
  `carrier_id` bigint NOT NULL,
  PRIMARY KEY (`share_history_id`),
  KEY `share_hist_driver_id_constraint` (`driver_id`),
  KEY `share_hist_carriet_id_constarint` (`carrier_id`),
  CONSTRAINT `share_hist_carriet_id_constarint` FOREIGN KEY (`carrier_id`) REFERENCES `trs_tbl_carriers` (`carrier_id`),
  CONSTRAINT `share_hist_driver_id_constraint` FOREIGN KEY (`driver_id`) REFERENCES `trs_tbl_drivers` (`driver_id`)
) ENGINE=InnoDB AUTO_INCREMENT=80 DEFAULT CHARSET=utf8mb4 COLLATE=utf8mb4_0900_ai_ci;
/*!40101 SET character_set_client = @saved_cs_client */;

--
-- Dumping data for table `trs_tbl_document_share_history`
--

LOCK TABLES `trs_tbl_document_share_history` WRITE;
/*!40000 ALTER TABLE `trs_tbl_document_share_history` DISABLE KEYS */;
INSERT INTO `trs_tbl_document_share_history` VALUES (1,'clive@transreportservices.com','2020-10-22',1,1,5,3),(2,'clive@transreportservices.com','2020-10-24',2,1,5,3),(3,'clive@transreportservices.com','2020-10-24',2,1,5,3),(4,'clive@transreportservices.com','2020-10-24',2,1,5,3),(5,'clive@transreportservices.com','2020-10-24',1,5,5,3),(6,'clive@transreportservices.com','2020-10-24',1,3,5,3),(7,'collin@transreportservices.com','2020-10-25',3,3,3,3),(8,'collin@transreportservices.com','2020-10-26',2,1,3,3),(9,'raghu.venkat06@gmail.com','2020-10-26',1,6,2,2),(10,'rajkvs785@gmail.com','2020-10-26',1,6,2,2),(11,'rajkvs785@gmail.com','2020-10-26',1,6,2,2),(12,'raghu.venkat06@gmail.com','2020-10-26',1,6,2,2),(13,'clive@transreportservices.com','2020-10-26',1,4,5,3),(14,'raghu.venkat06@gmail.com','2020-10-27',1,6,2,2),(15,'raghu.venkat06@gmail.com','2020-10-27',1,6,2,2),(16,'raghu.venkat06@gmail.com','2020-10-27',1,6,2,2),(17,'raghu.venkat06@gmail.com','2020-10-27',1,6,2,2),(18,'raghu.venkat06@gmail.com','2020-10-27',1,6,2,2),(19,'raghu.venkat06@gmail.com','2020-10-27',1,6,2,2),(20,'prasanth.chivukula@yahoo.com','2020-10-27',1,6,2,2),(21,'collin@transreportservices.com','2020-10-27',3,4,3,3),(22,'clive@transreportservices.com','2020-10-27',1,5,5,3),(23,'clive@transreportservices.com','2020-10-27',3,5,5,3),(24,'sales@permishare.com','2020-10-29',2,1,8,3),(25,'sales@permishare.com','2020-10-29',3,8,8,3),(26,'sales@permishare.com','2020-10-29',3,8,8,3),(27,'sales@permishare.com','2020-11-05',3,8,8,3),(28,'sales@permishare.com','2020-11-05',3,8,8,3),(29,'clive@transreportservices.com','2020-11-05',1,26,5,3),(30,'collin@transreportservices.com','2020-12-10',1,66,3,3),(31,'collin@transreportservices.com','2020-12-10',1,65,3,3),(32,'collin@transreportservices.com','2020-12-10',3,21,3,3),(33,'collin@transreportservices.com','2020-12-10',3,1,3,3),(34,'sairam392781@gmail.com','2021-03-12',1,83,32,2),(35,'clivecarwardine@gmail.com','2021-06-26',3,94,5,3),(36,'ridhima@optionmatrix.com','2021-08-17',1,88,34,3),(37,'sample@fmcsa.com','2021-08-18',1,67,3,3),(38,'sample@fmcsa.com','2021-08-18',1,65,3,3),(39,'sample@fmcsa.com','2021-08-18',3,8,3,3),(40,'sample@fmcsa.com','2021-08-18',3,8,3,3),(41,'clivecarwardine@gmail.com','2021-08-24',1,3,5,3),(42,'vijaykumartanala@gmail.com','2021-08-25',1,90,34,3),(43,'vijaykumartanala@gmail.com','2021-08-25',1,90,34,3),(44,'vijaykumartanala@gmail.com','2021-08-25',2,90,34,3),(45,'ridhimarao8@gmail.com','2021-08-25',1,89,34,3),(46,'ridhima@optionmatrix.com','2021-08-30',1,88,34,3),(47,'ridhima@optionmatrix.com','2021-08-30',1,88,34,3),(48,'mahanthr09@gmail.com','2021-09-02',1,88,34,3),(49,'collin@transreportservices.com','2021-09-02',2,7,3,3),(50,'vijaykumartanala@gmail.com','2021-09-03',3,89,34,3),(51,'vijaykumartanala@gmail.com','2021-09-03',1,89,34,3),(52,'vijaykumartanala@gmail.com','2021-09-03',1,88,34,3),(53,'vijaykumartanala@gmail.com','2021-09-03',1,89,34,3),(54,'vijaykumartanala@gmail.com','2021-09-03',2,89,34,3),(55,'vijaykumartanala@gmail.com','2021-09-03',1,89,34,3),(56,'vijaykumartanala@gmail.com','2021-09-03',3,89,34,3),(57,'vijaykumartanala@gmail.com','2021-09-03',2,89,34,3),(58,'vijaykumartanala@gmail.com','2021-09-03',1,89,34,3),(59,'vijaykumartanala@gmail.com','2021-09-03',2,89,34,3),(60,'vijaykumartanala@gmail.com','2021-09-03',3,89,34,3),(61,'vijaykumartanala@gmail.com','2021-09-03',1,89,34,3),(62,'vijaykumartanala@gmail.com','2021-09-03',1,89,34,3),(63,'vijaykumartanala@gmail.com','2021-09-04',2,89,34,3),(64,'ridhimarao8@gmail.com','2021-09-07',3,3,34,3),(65,'collin@transreportservices.com','2021-09-07',1,7,3,3),(66,'clive@transreportservices.com','2021-09-10',1,21,3,3),(67,'collin@transreportservices.com','2021-09-17',2,6,3,3),(68,'ridhimarao8@gmail.com','2021-09-24',1,88,34,3),(69,'collincarwardine@gmail.com','2021-09-29',1,66,3,3),(70,'collincarwardine@gmail.com','2021-09-29',1,66,3,3),(71,'ridhimarao@gmail.com','2021-09-29',1,88,34,3),(72,'collincarwardine@gmail.com','2021-09-29',2,63,3,3),(73,'vijaykummartanal@gmail.com','2021-09-30',1,102,34,3),(74,'vijaykumartanala@gmail.com','2021-09-30',1,94,34,3),(75,'mahanth@optionmatrix.com','2021-09-30',1,88,34,3),(76,'mahanth@optionmatrix.com','2021-09-30',1,102,34,3),(77,'collincarwardine@gmail.com','2021-09-30',1,66,3,3),(78,'collincarwardine@gmail.com','2021-09-30',1,63,3,3),(79,'clive@transreportservices.com','2021-10-01',3,53,5,3);
/*!40000 ALTER TABLE `trs_tbl_document_share_history` ENABLE KEYS */;
UNLOCK TABLES;

--
-- Table structure for table `trs_tbl_driver_asset_history`
--

DROP TABLE IF EXISTS `trs_tbl_driver_asset_history`;
/*!40101 SET @saved_cs_client     = @@character_set_client */;
/*!50503 SET character_set_client = utf8mb4 */;
CREATE TABLE `trs_tbl_driver_asset_history` (
  `asset_history_id` bigint NOT NULL AUTO_INCREMENT,
  `driver_id` bigint NOT NULL,
  `asset_id` bigint DEFAULT NULL,
  `carrier_id` bigint NOT NULL,
  `date` date NOT NULL,
  `to_date` date DEFAULT NULL,
  PRIMARY KEY (`asset_history_id`),
  KEY `asset_history_diver_id` (`driver_id`),
  KEY `asset_history_asset_id` (`asset_id`),
  KEY `asset_history_carrier_id_constraint` (`carrier_id`),
  CONSTRAINT `asset_history_asset_id` FOREIGN KEY (`asset_id`) REFERENCES `trs_tbl_assets` (`asset_id`),
  CONSTRAINT `asset_history_carrier_id_constraint` FOREIGN KEY (`carrier_id`) REFERENCES `trs_tbl_carriers` (`carrier_id`),
  CONSTRAINT `asset_history_diver_id` FOREIGN KEY (`driver_id`) REFERENCES `trs_tbl_drivers` (`driver_id`)
) ENGINE=InnoDB AUTO_INCREMENT=268 DEFAULT CHARSET=utf8mb4 COLLATE=utf8mb4_0900_ai_ci;
/*!40101 SET character_set_client = @saved_cs_client */;

--
-- Dumping data for table `trs_tbl_driver_asset_history`
--

LOCK TABLES `trs_tbl_driver_asset_history` WRITE;
/*!40000 ALTER TABLE `trs_tbl_driver_asset_history` DISABLE KEYS */;
INSERT INTO `trs_tbl_driver_asset_history` VALUES (1,5,2,3,'2020-10-24','2020-10-26'),(2,3,1,3,'2020-10-26','2020-10-26'),(3,3,2,3,'2020-10-26','2020-12-10'),(4,5,1,3,'2020-10-26','2020-10-26'),(5,5,2,3,'2020-10-26','2020-10-26'),(6,5,2,3,'2020-10-26','2020-10-29'),(7,5,2,3,'2020-10-29','2020-10-29'),(8,5,2,3,'2020-10-29','2020-10-29'),(9,5,1,3,'2020-10-29','2020-10-29'),(10,8,1,3,'2020-10-29','2020-10-29'),(11,8,2,3,'2020-10-29','2020-10-29'),(12,8,1,3,'2020-10-29','2020-10-29'),(13,8,2,3,'2020-10-29','2020-10-29'),(14,8,2,3,'2020-10-29','2020-10-30'),(15,5,2,3,'2020-10-29','2020-10-30'),(16,5,2,3,'2020-10-30','2020-10-31'),(17,8,1,3,'2020-10-30','2020-10-30'),(18,5,1,3,'2020-10-31','2020-10-31'),(19,5,2,3,'2020-10-31','2020-11-01'),(20,2,3,2,'2020-11-02',NULL),(21,5,2,3,'2020-11-02','2020-11-02'),(22,5,5,3,'2020-11-02','2020-11-02'),(23,5,2,3,'2020-11-02','2020-11-02'),(24,5,1,3,'2020-11-02','2020-11-02'),(25,8,5,3,'2020-11-02','2020-11-02'),(26,5,1,3,'2020-11-02','2020-11-02'),(27,5,2,3,'2020-11-02','2020-11-03'),(28,8,7,3,'2020-11-03','2020-11-03'),(29,5,2,3,'2020-11-03','2020-11-03'),(30,5,1,3,'2020-11-03','2020-11-04'),(31,8,1,3,'2020-11-05','2020-11-05'),(32,8,1,3,'2020-11-05','2020-11-05'),(33,8,1,3,'2020-11-05','2020-11-05'),(34,5,79,3,'2020-11-05','2020-11-05'),(35,5,64,3,'2020-11-05','2020-11-05'),(36,5,39,3,'2020-11-05','2020-11-05'),(37,5,27,3,'2020-11-05','2020-11-05'),(38,5,1,3,'2020-11-05','2020-11-08'),(39,8,1,3,'2020-11-05','2020-11-05'),(40,8,1,3,'2020-11-05','2020-11-05'),(41,8,1,3,'2020-11-05','2020-11-05'),(42,8,1,3,'2020-11-05','2020-11-05'),(43,8,1,3,'2020-11-05','2020-11-05'),(44,8,1,3,'2020-11-05','2020-11-05'),(45,8,1,3,'2020-11-05','2020-11-05'),(46,5,2,3,'2020-11-08','2020-11-10'),(47,8,2,3,'2020-11-09','2020-11-09'),(48,8,5,3,'2020-11-09','2020-11-09'),(49,8,1,3,'2020-11-09',NULL),(50,5,32,3,'2020-11-10','2020-11-10'),(51,5,8,3,'2020-11-10','2020-11-10'),(52,5,1,3,'2020-11-10','2020-11-11'),(53,5,1,3,'2020-11-12','2020-11-15'),(54,5,27,3,'2020-11-15','2020-11-15'),(55,5,2,3,'2020-11-15','2020-12-05'),(56,5,2,3,'2020-12-05','2020-12-05'),(57,5,1,3,'2020-12-05','2020-12-05'),(58,5,2,3,'2020-12-05','2020-12-05'),(59,5,1,3,'2020-12-05','2020-12-05'),(60,5,7,3,'2020-12-05','2020-12-05'),(61,5,2,3,'2020-12-05','2020-12-22'),(62,3,2,3,'2020-12-10','2020-12-16'),(63,3,1,3,'2020-12-17','2020-12-17'),(64,3,1,3,'2020-12-17','2020-12-17'),(65,3,1,3,'2020-12-17','2020-12-17'),(66,3,1,3,'2020-12-21','2020-12-22'),(67,3,1,3,'2020-12-22','2020-12-22'),(68,3,1,3,'2020-12-22','2020-12-29'),(69,5,2,3,'2020-12-22','2020-12-22'),(70,5,31,3,'2020-12-22','2020-12-22'),(71,5,30,3,'2020-12-22','2021-01-22'),(72,5,5,3,'2021-01-22','2021-01-22'),(73,5,1,3,'2021-01-22','2021-08-27'),(74,32,3,2,'2021-03-12',NULL),(75,3,2,3,'2021-03-31','2021-03-31'),(76,3,2,3,'2021-07-09','2021-07-21'),(77,3,1,3,'2021-07-21','2021-07-21'),(78,3,2,3,'2021-07-21','2021-07-21'),(79,3,5,3,'2021-07-21','2021-07-21'),(80,3,6,3,'2021-07-21','2021-07-21'),(81,3,10,3,'2021-07-21','2021-07-21'),(82,3,1,3,'2021-07-21','2021-09-14'),(83,34,48,3,'2021-08-13','2021-08-13'),(84,34,1,3,'2021-08-16','2021-08-20'),(85,34,1,3,'2021-08-25','2021-08-25'),(86,5,31,3,'2021-08-27','2021-09-09'),(87,34,1,3,'2021-09-03','2021-09-03'),(88,34,1,3,'2021-09-03','2021-09-03'),(89,34,1,3,'2021-09-03','2021-09-03'),(90,34,5,3,'2021-09-03','2021-09-03'),(91,34,2,3,'2021-09-06','2021-09-13'),(92,34,1,3,'2021-09-13','2021-09-13'),(93,34,1,3,'2021-09-13','2021-09-13'),(94,34,1,3,'2021-09-13','2021-09-13'),(95,34,1,3,'2021-09-13','2021-09-14'),(96,5,2,3,'2021-09-13','2021-09-21'),(97,34,1,3,'2021-09-14','2021-09-14'),(98,34,1,3,'2021-09-14','2021-09-14'),(99,34,1,3,'2021-09-14','2021-09-14'),(100,34,2,3,'2021-09-14','2021-09-14'),(101,34,7,3,'2021-09-14','2021-09-14'),(102,34,12,3,'2021-09-14','2021-09-14'),(103,34,15,3,'2021-09-14','2021-09-14'),(104,34,19,3,'2021-09-14','2021-09-14'),(105,34,23,3,'2021-09-14','2021-09-14'),(106,34,27,3,'2021-09-14','2021-09-14'),(107,34,29,3,'2021-09-14','2021-09-14'),(108,34,32,3,'2021-09-14','2021-09-14'),(109,34,35,3,'2021-09-14','2021-09-14'),(110,34,38,3,'2021-09-14','2021-09-14'),(111,34,38,3,'2021-09-14','2021-09-14'),(112,34,1,3,'2021-09-14','2021-09-14'),(113,34,1,3,'2021-09-14','2021-09-14'),(114,34,1,3,'2021-09-14','2021-09-14'),(115,34,1,3,'2021-09-14','2021-09-14'),(116,34,2,3,'2021-09-14','2021-09-14'),(117,3,1,3,'2021-09-14','2021-09-14'),(118,3,1,3,'2021-09-14','2021-09-14'),(119,34,1,3,'2021-09-14','2021-09-14'),(120,3,1,3,'2021-09-14','2021-09-14'),(121,34,1,3,'2021-09-14','2021-09-14'),(122,34,1,3,'2021-09-14','2021-09-14'),(123,34,1,3,'2021-09-15','2021-09-15'),(124,34,1,3,'2021-09-15','2021-09-15'),(125,34,1,3,'2021-09-15','2021-09-15'),(126,34,1,3,'2021-09-15','2021-09-15'),(127,34,5,3,'2021-09-15','2021-09-15'),(128,34,2,3,'2021-09-15','2021-09-15'),(129,34,5,3,'2021-09-15','2021-09-15'),(130,34,1,3,'2021-09-15','2021-09-15'),(131,3,9,3,'2021-09-15','2021-09-15'),(132,3,9,3,'2021-09-15','2021-09-15'),(133,3,2,3,'2021-09-15','2021-09-15'),(134,3,2,3,'2021-09-15','2021-09-15'),(135,3,1,3,'2021-09-15','2021-09-15'),(136,3,6,3,'2021-09-15','2021-09-15'),(137,3,1,3,'2021-09-15','2021-09-15'),(138,3,1,3,'2021-09-15','2021-09-15'),(139,3,1,3,'2021-09-15','2021-09-15'),(140,3,5,3,'2021-09-15','2021-09-15'),(141,3,1,3,'2021-09-15','2021-09-15'),(142,34,1,3,'2021-09-15','2021-09-15'),(143,34,8,3,'2021-09-15','2021-09-15'),(144,3,1,3,'2021-09-15','2021-09-15'),(145,3,1,3,'2021-09-15','2021-09-15'),(146,3,1,3,'2021-09-15','2021-09-16'),(147,34,1,3,'2021-09-16','2021-09-16'),(148,34,1,3,'2021-09-16','2021-09-16'),(149,34,1,3,'2021-09-16','2021-09-16'),(150,34,5,3,'2021-09-16','2021-09-16'),(151,34,5,3,'2021-09-16','2021-09-16'),(152,34,2,3,'2021-09-16','2021-09-16'),(153,34,1,3,'2021-09-16','2021-09-16'),(154,3,1,3,'2021-09-16','2021-09-16'),(155,3,2,3,'2021-09-16','2021-09-16'),(156,3,1,3,'2021-09-16','2021-09-16'),(157,3,2,3,'2021-09-16','2021-09-16'),(158,3,1,3,'2021-09-16','2021-09-16'),(159,3,8,3,'2021-09-16','2021-09-16'),(160,3,1,3,'2021-09-16','2021-09-16'),(161,3,1,3,'2021-09-16','2021-09-16'),(162,3,1,3,'2021-09-16','2021-09-16'),(163,3,1,3,'2021-09-16','2021-09-16'),(164,3,1,3,'2021-09-16','2021-09-16'),(165,3,1,3,'2021-09-16','2021-09-16'),(166,34,5,3,'2021-09-16','2021-09-16'),(167,34,7,3,'2021-09-16','2021-09-16'),(168,34,8,3,'2021-09-16','2021-09-16'),(169,34,2,3,'2021-09-16','2021-09-16'),(170,3,2,3,'2021-09-16','2021-09-16'),(171,3,2,3,'2021-09-16','2021-09-16'),(172,34,1,3,'2021-09-16','2021-09-16'),(173,34,2,3,'2021-09-16','2021-09-16'),(174,34,5,3,'2021-09-16','2021-09-16'),(175,34,5,3,'2021-09-16','2021-09-16'),(176,34,5,3,'2021-09-16','2021-09-16'),(177,34,2,3,'2021-09-16','2021-09-16'),(178,34,2,3,'2021-09-16','2021-09-17'),(179,34,2,3,'2021-09-17','2021-09-17'),(180,34,2,3,'2021-09-17','2021-09-17'),(181,34,2,3,'2021-09-17','2021-09-17'),(182,34,2,3,'2021-09-17','2021-09-19'),(183,3,1,3,'2021-09-17','2021-09-17'),(184,3,1,3,'2021-09-17','2021-09-17'),(185,3,1,3,'2021-09-17','2021-09-17'),(186,3,1,3,'2021-09-17','2021-09-17'),(187,3,1,3,'2021-09-17','2021-09-21'),(188,34,1,3,'2021-09-21','2021-09-23'),(189,3,31,3,'2021-09-21','2021-09-21'),(190,3,1,3,'2021-09-21','2021-09-21'),(191,3,31,3,'2021-09-21','2021-09-21'),(192,3,1,3,'2021-09-21','2021-09-21'),(193,3,2,3,'2021-09-21','2021-09-22'),(194,5,87,3,'2021-09-21','2021-10-01'),(195,3,1,3,'2021-09-22','2021-09-22'),(196,3,1,3,'2021-09-22','2021-09-23'),(197,3,1,3,'2021-09-23','2021-09-23'),(198,3,2,3,'2021-09-23','2021-09-23'),(199,3,1,3,'2021-09-23','2021-09-23'),(200,3,1,3,'2021-09-23','2021-09-23'),(201,3,1,3,'2021-09-23','2021-09-23'),(202,3,1,3,'2021-09-23','2021-09-24'),(203,34,1,3,'2021-09-23','2021-09-23'),(204,34,1,3,'2021-09-23','2021-09-23'),(205,34,1,3,'2021-09-23','2021-09-23'),(206,34,1,3,'2021-09-23','2021-09-23'),(207,34,1,3,'2021-09-24','2021-09-24'),(208,34,1,3,'2021-09-24','2021-09-24'),(209,34,1,3,'2021-09-24','2021-09-24'),(210,34,1,3,'2021-09-24','2021-09-24'),(211,34,1,3,'2021-09-24','2021-09-24'),(212,34,1,3,'2021-09-24','2021-09-24'),(213,3,2,3,'2021-09-24','2021-09-24'),(214,3,1,3,'2021-09-24','2021-09-27'),(215,34,1,3,'2021-09-24','2021-10-01'),(216,3,1,3,'2021-09-28','2021-09-28'),(217,3,1,3,'2021-09-28','2021-09-28'),(218,3,1,3,'2021-09-28','2021-09-29'),(219,3,1,3,'2021-09-29','2021-09-29'),(220,3,1,3,'2021-09-29','2021-09-29'),(221,3,1,3,'2021-09-30','2021-09-30'),(222,3,87,3,'2021-09-30','2021-09-30'),(223,3,1,3,'2021-09-30','2021-09-30'),(224,3,52,3,'2021-09-30','2021-10-01'),(225,34,2,3,'2021-10-01','2021-10-01'),(226,34,87,3,'2021-10-01','2021-10-01'),(227,34,1,3,'2021-10-01','2021-10-05'),(228,3,1,3,'2021-10-01','2021-10-01'),(229,3,2,3,'2021-10-02','2021-10-04'),(230,5,87,3,'2021-10-04','2021-10-04'),(231,5,1,3,'2021-10-04','2021-10-04'),(232,5,87,3,'2021-10-04','2021-10-04'),(233,5,8,3,'2021-10-04','2021-10-05'),(234,3,1,3,'2021-10-04','2021-10-04'),(235,3,1,3,'2021-10-04','2021-10-04'),(236,3,87,3,'2021-10-04','2021-10-05'),(237,34,9,3,'2021-10-05','2021-10-05'),(238,34,16,3,'2021-10-05','2021-10-05'),(239,3,5,3,'2021-10-05','2021-10-05'),(240,3,5,3,'2021-10-05','2021-10-05'),(241,3,6,3,'2021-10-05','2021-10-05'),(242,3,10,3,'2021-10-05','2021-10-05'),(243,3,5,3,'2021-10-05','2021-10-05'),(244,3,19,3,'2021-10-05','2021-10-05'),(245,3,10,3,'2021-10-05','2021-10-05'),(246,3,64,3,'2021-10-05','2021-10-05'),(247,3,57,3,'2021-10-05','2021-10-05'),(248,3,54,3,'2021-10-05','2021-10-05'),(249,3,29,3,'2021-10-05','2021-10-05'),(250,3,26,3,'2021-10-05','2021-10-05'),(251,3,5,3,'2021-10-05','2021-10-05'),(252,3,6,3,'2021-10-05','2021-10-05'),(253,3,7,3,'2021-10-05','2021-10-05'),(254,3,5,3,'2021-10-05','2021-10-05'),(255,5,333,3,'2021-10-05','2021-10-05'),(256,5,31,3,'2021-10-05','2021-10-05'),(257,5,31,3,'2021-10-05','2021-10-05'),(258,3,6,3,'2021-10-05','2021-10-05'),(259,3,11,3,'2021-10-05','2021-10-05'),(260,3,333,3,'2021-10-05','2021-10-05'),(261,3,6,3,'2021-10-05','2021-10-05'),(262,3,6,3,'2021-10-05','2021-10-05'),(263,3,6,3,'2021-10-05','2021-10-05'),(264,3,6,3,'2021-10-05',NULL),(265,5,14,3,'2021-10-05','2021-10-05'),(266,5,9,3,'2021-10-05','2021-10-05'),(267,5,1,3,'2021-10-05',NULL);
/*!40000 ALTER TABLE `trs_tbl_driver_asset_history` ENABLE KEYS */;
UNLOCK TABLES;

--
-- Table structure for table `trs_tbl_driver_documents`
--

DROP TABLE IF EXISTS `trs_tbl_driver_documents`;
/*!40101 SET @saved_cs_client     = @@character_set_client */;
/*!50503 SET character_set_client = utf8mb4 */;
CREATE TABLE `trs_tbl_driver_documents` (
  `document_id` bigint NOT NULL AUTO_INCREMENT,
  `driver_id` bigint NOT NULL,
  `carrier_id` bigint NOT NULL,
  `document_name` varchar(50) DEFAULT NULL,
  `document_originalname` varchar(255) NOT NULL,
  `document_s3_url` text NOT NULL,
  `document_type` varchar(255) NOT NULL,
  `app_access` tinyint(1) DEFAULT '0' COMMENT '1-->Yes 0-->No',
  `is_deleted` tinyint(1) NOT NULL DEFAULT '0',
  `is_removed_from_home` tinyint(1) NOT NULL DEFAULT '0',
  `issue_date` datetime DEFAULT NULL,
  `exp_date` date DEFAULT NULL,
  `created_by` bigint NOT NULL,
  `created_date` datetime NOT NULL DEFAULT CURRENT_TIMESTAMP,
  `modified_by` bigint NOT NULL,
  `modified_date` datetime NOT NULL DEFAULT CURRENT_TIMESTAMP ON UPDATE CURRENT_TIMESTAMP,
  PRIMARY KEY (`document_id`),
  KEY `driver_documents_id_constraint` (`driver_id`),
  KEY `driver_document_carrier_id_constraint` (`carrier_id`),
  CONSTRAINT `driver_document_carrier_id_constraint` FOREIGN KEY (`carrier_id`) REFERENCES `trs_tbl_carriers` (`carrier_id`),
  CONSTRAINT `driver_documents_id_constraint` FOREIGN KEY (`driver_id`) REFERENCES `trs_tbl_drivers` (`driver_id`)
) ENGINE=InnoDB AUTO_INCREMENT=105 DEFAULT CHARSET=latin1;
/*!40101 SET character_set_client = @saved_cs_client */;

--
-- Dumping data for table `trs_tbl_driver_documents`
--

LOCK TABLES `trs_tbl_driver_documents` WRITE;
/*!40000 ALTER TABLE `trs_tbl_driver_documents` DISABLE KEYS */;
INSERT INTO `trs_tbl_driver_documents` VALUES (1,5,3,'Drivers License','Clives_DL.pdf','https://permishare.s3.amazonaws.com/dev/driver-documents/Clives_DL.pdf','Driver',1,1,0,'2018-12-12 10:30:00','2021-10-08',4,'2020-10-22 20:18:12',4,'2020-10-24 11:27:04'),(2,5,3,'Drivers License','Drivers_License.pdf','https://permishare.s3.amazonaws.com/dev/driver-documents/Drivers_License.pdf','Driver',1,1,0,'2019-11-24 10:30:00','2020-11-24',4,'2020-10-24 11:26:54',4,'2021-03-31 18:45:42'),(3,5,3,'Medical Examiners Certificate','medicalexaminerscertificatemcsa587611302021.pdf','https://permishare.s3.us-east-2.amazonaws.com/dev/driver-documents/medicalexaminerscertificatemcsa587611302021.pdf','Driver',1,0,0,'2020-10-01 09:30:00','2021-10-01',4,'2020-10-24 11:37:07',4,'2020-10-24 11:37:07'),(4,5,3,'Application for Employment','New_Driver_Application_Package.pdf','https://permishare.s3.us-east-2.amazonaws.com/dev/driver-documents/New_Driver_Application_Package.pdf','Driver',1,1,0,'2020-10-24 09:30:00',NULL,4,'2020-10-24 11:44:33',4,'2020-11-04 21:39:36'),(5,5,3,'FAST Card','FAST_Card.pdf','https://permishare.s3.us-east-2.amazonaws.com/dev/driver-documents/FAST_Card.pdf','Driver',1,0,0,NULL,NULL,4,'2020-10-24 11:59:20',4,'2020-10-24 11:59:20'),(6,2,2,'Test 1','OM_Construction_Profile_2020_10.06.59_PM.pdf','https://permishare.s3.us-east-2.amazonaws.com/dev/driver-documents/OM_Construction_Profile_2020_10.06.59_PM.pdf','Driver',1,0,0,'2020-10-26 00:00:00','2020-10-31',2,'2020-10-26 15:04:28',2,'2020-10-26 15:04:28'),(7,3,3,'Driving Record Annual Inquiry','Annual_inquiry_and_review_of_driving_record.pdf','https://permishare.s3.us-east-2.amazonaws.com/dev/driver-documents/Annual_inquiry_and_review_of_driving_record.pdf','Driver',1,0,0,'2020-10-01 09:30:00','2021-09-30',4,'2020-10-29 02:05:04',4,'2020-10-29 02:05:04'),(8,5,3,'Driving Record Annual Inquiry','Annual_inquiry_and_review_of_driving_record.pdf','https://permishare.s3.us-east-2.amazonaws.com/dev/driver-documents/Annual_inquiry_and_review_of_driving_record.pdf','Driver',1,1,0,'2020-10-01 09:30:00','2021-09-30',4,'2020-10-29 02:05:51',4,'2020-11-01 22:33:38'),(9,8,3,'Driving Record Annual Inquiry','EFS_Statement_2020-10-27.pdf','https://permishare.s3.us-east-2.amazonaws.com/dev/driver-documents/EFS_Statement_2020-10-27.pdf','Driver',1,1,0,'2020-01-01 10:30:00','2020-12-31',3,'2020-10-29 18:48:53',3,'2020-11-01 23:26:43'),(10,8,3,'Drivers Licence','RA_Express_Inc._3rd_Qtr_2020.pdf','https://permishare.s3.us-east-2.amazonaws.com/dev/driver-documents/RA_Express_Inc._3rd_Qtr_2020.pdf','Driver',1,1,0,'2020-07-01 09:30:00','2022-06-30',3,'2020-10-29 18:49:43',3,'2020-11-01 23:27:13'),(11,8,3,'Fast Card','FAST_Card.pdf','https://permishare.s3.us-east-2.amazonaws.com/dev/driver-documents/FAST_Card.pdf','Driver',1,1,0,'2020-07-02 09:30:00','2021-08-11',3,'2020-10-29 18:50:12',3,'2020-10-29 18:50:25'),(12,8,3,'Fast Card','FAST_Card.pdf','https://permishare.s3.us-east-2.amazonaws.com/dev/driver-documents/FAST_Card.pdf','Driver',1,1,0,NULL,NULL,3,'2020-10-29 18:50:39',3,'2020-11-01 23:27:29'),(13,8,3,'Medical Examiners Certification','Apportioned_Cab_Card.pdf','https://permishare.s3.us-east-2.amazonaws.com/dev/driver-documents/Apportioned_Cab_Card.pdf','Driver',1,1,0,NULL,NULL,3,'2020-10-29 18:51:01',3,'2020-11-01 23:27:59'),(14,9,3,'Drivers License','Drivers_License.pdf','https://permishare.s3.us-east-2.amazonaws.com/dev/driver-documents/Drivers_License.pdf','Driver',1,1,0,'2019-11-30 10:30:00','2020-11-30',4,'2020-11-01 22:28:26',4,'2020-11-01 23:25:06'),(15,9,3,'Application','Annual_inquiry_and_review_of_driving_record.pdf','https://permishare.s3.us-east-2.amazonaws.com/dev/driver-documents/Annual_inquiry_and_review_of_driving_record.pdf','Driver',1,1,0,'2020-10-01 09:30:00',NULL,4,'2020-11-01 22:29:28',4,'2020-11-04 22:05:50'),(16,9,3,'Fast Card','FAST_Card.pdf','https://permishare.s3.us-east-2.amazonaws.com/dev/driver-documents/FAST_Card.pdf','Driver',1,0,0,NULL,NULL,4,'2020-11-01 22:30:00',4,'2020-11-01 22:30:00'),(17,9,3,'Medical','medicalexaminerscertificatemcsa587611302021.pdf','https://permishare.s3.us-east-2.amazonaws.com/dev/driver-documents/medicalexaminerscertificatemcsa587611302021.pdf','Driver',1,0,0,NULL,NULL,4,'2020-11-01 22:30:28',4,'2020-11-01 22:30:28'),(18,9,3,'Annual Driving Record','Annual_inquiry_and_review_of_driving_record.pdf','https://permishare.s3.us-east-2.amazonaws.com/dev/driver-documents/Annual_inquiry_and_review_of_driving_record.pdf','Driver',1,1,0,'2020-07-01 09:30:00','2020-06-30',4,'2020-11-01 22:34:22',4,'2020-11-03 20:59:05'),(19,9,3,'Company Policy','New_Driver_Application_Package.pdf','https://permishare.s3.us-east-2.amazonaws.com/dev/driver-documents/New_Driver_Application_Package.pdf','Driver',1,0,0,NULL,NULL,4,'2020-11-01 22:41:07',4,'2020-11-01 22:41:07'),(20,10,3,'Apportioned Cab Card','Apportioned_Cab_Card.pdf','https://permishare.s3.us-east-2.amazonaws.com/dev/driver-documents/Apportioned_Cab_Card.pdf','Driver',1,1,0,NULL,NULL,4,'2020-11-02 14:06:23',4,'2020-11-02 14:20:08'),(21,9,3,'Driver Motor Vehicle Record','Driver_Motor_Vehicle_Record.pdf','https://permishare.s3.us-east-2.amazonaws.com/dev/driver-documents/Driver_Motor_Vehicle_Record.pdf','Driver',1,0,0,'2020-06-18 09:30:00','2021-06-18',4,'2020-11-03 20:58:57',4,'2020-11-03 20:58:57'),(22,9,3,'Alcohol Testing Form','Alcohol_Testing_Form.pdf','https://permishare.s3.us-east-2.amazonaws.com/dev/driver-documents/Alcohol_Testing_Form.pdf','Driver',1,0,0,'2020-02-05 10:30:00',NULL,4,'2020-11-03 21:22:46',4,'2020-11-03 21:22:46'),(23,9,3,'Drug Testing Form','Drug_Testing_Form.pdf','https://permishare.s3.us-east-2.amazonaws.com/dev/driver-documents/Drug_Testing_Form.pdf','Driver',1,0,0,'2020-02-05 10:30:00',NULL,4,'2020-11-03 21:23:40',4,'2020-11-03 21:23:40'),(24,5,3,'Drug Testing Form','Drug_Testing_Form.pdf','https://permishare.s3.us-east-2.amazonaws.com/dev/driver-documents/Drug_Testing_Form.pdf','Driver',1,0,0,'2020-02-05 10:30:00',NULL,4,'2020-11-03 21:24:13',4,'2020-11-03 21:24:13'),(25,5,3,'Alcohol Testing Form','Alcohol_Testing_Form.pdf','https://permishare.s3.us-east-2.amazonaws.com/dev/driver-documents/Alcohol_Testing_Form.pdf','Driver',1,0,0,'2020-02-05 10:30:00',NULL,4,'2020-11-03 21:24:37',4,'2020-11-03 21:24:37'),(26,5,3,'Driver Motor Vehicle Record','Driver_Motor_Vehicle_Record.pdf','https://permishare.s3.us-east-2.amazonaws.com/dev/driver-documents/Driver_Motor_Vehicle_Record.pdf','Driver',1,0,0,'2020-07-01 09:30:00','2021-06-30',4,'2020-11-03 21:25:34',4,'2020-11-03 21:25:34'),(27,5,3,'LCV Driver Training Certificate','LCV_Driver_Training_Certificate_508.pdf','https://permishare.s3.us-east-2.amazonaws.com/dev/driver-documents/LCV_Driver_Training_Certificate_508.pdf','Driver',0,0,0,'2020-11-01 09:30:00',NULL,4,'2020-11-04 21:26:47',4,'2021-08-09 18:12:32'),(28,9,3,'LCV Driver Training Certificate','LCV_Driver_Training_Certificate_508.pdf','https://permishare.s3.us-east-2.amazonaws.com/dev/driver-documents/LCV_Driver_Training_Certificate_508.pdf','Driver',1,0,0,'2020-11-01 09:30:00',NULL,4,'2020-11-04 21:27:15',4,'2020-11-04 21:27:15'),(29,9,3,'Driver Employment Application','Drivers_Employment_Application_508.pdf','https://permishare.s3.us-east-2.amazonaws.com/dev/driver-documents/Drivers_Employment_Application_508.pdf','Driver',1,0,0,'2018-01-02 10:30:00',NULL,4,'2020-11-04 21:40:26',4,'2020-11-04 21:40:26'),(30,5,3,'Driver Employment Application','Drivers_Employment_Application_508.pdf','https://permishare.s3.us-east-2.amazonaws.com/dev/driver-documents/Drivers_Employment_Application_508.pdf','Driver',1,0,0,'2017-02-15 10:30:00',NULL,4,'2020-11-04 21:41:05',4,'2020-11-04 21:41:05'),(31,5,3,'Parking Policy CMV','Parking_Policy.pdf','https://permishare.s3.us-east-2.amazonaws.com/dev/driver-documents/Parking_Policy.pdf','Driver',0,1,0,NULL,NULL,4,'2020-11-04 21:42:40',4,'2021-08-09 18:12:12'),(32,9,3,'Parking Policy','Parking_Policy.pdf','https://permishare.s3.us-east-2.amazonaws.com/dev/driver-documents/Parking_Policy.pdf','Driver',1,0,0,NULL,NULL,4,'2020-11-04 21:43:08',4,'2020-11-04 21:43:08'),(33,18,3,'Drug Test Form','Drug_Testing_Form.pdf','https://permishare.s3.us-east-2.amazonaws.com/dev/driver-documents/Drug_Testing_Form.pdf','Driver',1,0,0,'2020-11-01 09:30:00','2020-11-30',3,'2020-11-17 19:11:28',3,'2020-11-28 12:26:28'),(34,20,9,'Drivers License - Front','CDL_1.jpg','https://permishare.s3.us-east-2.amazonaws.com/dev/driver-documents/CDL_1.jpg','Driver',NULL,0,0,'2018-09-08 09:30:00','2025-06-06',12,'2020-12-01 21:19:07',12,'2020-12-01 21:19:07'),(35,20,9,'Drivers License - Back','CDL_2.jpg','https://permishare.s3.us-east-2.amazonaws.com/dev/driver-documents/CDL_2.jpg','Driver',NULL,0,0,NULL,NULL,12,'2020-12-01 21:21:04',12,'2020-12-01 21:21:04'),(36,20,9,'Medical Card - ','Medical_Card.jpg','https://permishare.s3.us-east-2.amazonaws.com/dev/driver-documents/Medical_Card.jpg','Driver',NULL,0,0,'2019-10-28 09:30:00','2021-10-28',12,'2020-12-01 21:21:04',12,'2020-12-01 21:21:04'),(37,21,9,'Drivers License','Drivers_License.jpeg','https://permishare.s3.us-east-2.amazonaws.com/dev/driver-documents/Drivers_License.jpeg','Driver',NULL,0,0,'2019-04-12 09:30:00','2024-04-18',12,'2020-12-02 17:32:25',12,'2020-12-02 17:32:25'),(38,21,9,'Drug Test','Drug_Test.jpeg','https://permishare.s3.us-east-2.amazonaws.com/dev/driver-documents/Drug_Test.jpeg','Driver',NULL,0,0,'2020-10-31 09:30:00',NULL,12,'2020-12-02 17:32:25',12,'2020-12-02 17:32:25'),(39,21,9,'Medical Card','Medical_Card.jpeg','https://permishare.s3.us-east-2.amazonaws.com/dev/driver-documents/Medical_Card.jpeg','Driver',NULL,0,0,'2019-01-30 10:30:00','2021-01-30',12,'2020-12-02 17:32:25',12,'2020-12-02 17:32:25'),(40,21,9,'Owner Operator Contract','Owner_operators_contract.pdf','https://permishare.s3.us-east-2.amazonaws.com/dev/driver-documents/Owner_operators_contract.pdf','Driver',NULL,0,0,'2020-10-24 09:30:00',NULL,12,'2020-12-02 17:32:25',12,'2020-12-02 17:32:25'),(41,22,9,'Drug Test ','Drug_Test_Medical_&_DL.pdf','https://permishare.s3.us-east-2.amazonaws.com/dev/driver-documents/Drug_Test_Medical_%26_DL.pdf','Driver',NULL,0,0,'2020-11-11 10:30:00',NULL,12,'2020-12-02 17:49:14',12,'2020-12-02 17:49:14'),(42,22,9,'Drivers License','Drug_Test_Medical_&_DL.pdf','https://permishare.s3.us-east-2.amazonaws.com/dev/driver-documents/Drug_Test_Medical_%26_DL.pdf','Driver',NULL,0,0,'2018-10-23 09:30:00','2023-02-04',12,'2020-12-02 17:49:14',12,'2020-12-02 17:49:14'),(43,22,9,'Medical Card','Drug_Test_Medical_&_DL.pdf','https://permishare.s3.us-east-2.amazonaws.com/dev/driver-documents/Drug_Test_Medical_%26_DL.pdf','Driver',NULL,0,0,'2019-04-25 09:30:00','2021-04-25',12,'2020-12-02 17:49:14',12,'2020-12-02 17:49:14'),(44,22,9,'Owner Operator Contract','Owner_operators_contract_(2)_signed.pdf','https://permishare.s3.us-east-2.amazonaws.com/dev/driver-documents/Owner_operators_contract_%282%29_signed.pdf','Driver',NULL,0,0,'2020-11-13 10:30:00',NULL,12,'2020-12-02 17:50:34',12,'2020-12-02 17:50:34'),(45,23,9,'Drivers License Front','Driver\'s_License_1.jpeg','https://permishare.s3.us-east-2.amazonaws.com/dev/driver-documents/Driver%27s_License_1.jpeg','Driver',NULL,0,0,'2018-12-01 10:30:00','2023-02-18',12,'2020-12-02 18:32:37',12,'2020-12-02 18:32:37'),(46,23,9,'Drivers License','Driver\'s_License_2.jpeg','https://permishare.s3.us-east-2.amazonaws.com/dev/driver-documents/Driver%27s_License_2.jpeg','Driver',NULL,0,0,NULL,NULL,12,'2020-12-02 18:32:37',12,'2020-12-02 18:32:37'),(47,23,9,'Medical Card & Form','Medical_Card_&_Form.pdf','https://permishare.s3.us-east-2.amazonaws.com/dev/driver-documents/Medical_Card_%26_Form.pdf','Driver',NULL,0,0,'2020-01-20 10:30:00','2022-01-28',12,'2020-12-02 18:32:37',12,'2020-12-02 18:32:37'),(48,23,9,'Owner Operator Contract','Owner_operators_contract_signed.pdf','https://permishare.s3.us-east-2.amazonaws.com/dev/driver-documents/Owner_operators_contract_signed.pdf','Driver',NULL,0,0,'2020-10-09 09:30:00',NULL,12,'2020-12-02 18:32:37',12,'2020-12-02 18:32:37'),(49,24,9,'Drivers License Front','Driver\'s_License_1.jpeg','https://permishare.s3.us-east-2.amazonaws.com/dev/driver-documents/Driver%27s_License_1.jpeg','Driver',NULL,0,0,'2016-09-27 09:30:00','2021-09-24',12,'2020-12-02 19:51:06',12,'2020-12-02 19:51:06'),(50,24,9,'Drivers License Back','Driver\'s_License_2.jpeg','https://permishare.s3.us-east-2.amazonaws.com/dev/driver-documents/Driver%27s_License_2.jpeg','Driver',NULL,0,0,NULL,NULL,12,'2020-12-02 19:51:06',12,'2020-12-02 19:51:06'),(51,24,9,'Medical Card','Medical_Card.jpeg','https://permishare.s3.us-east-2.amazonaws.com/dev/driver-documents/Medical_Card.jpeg','Driver',NULL,0,0,'2020-03-18 09:30:00','2022-03-18',12,'2020-12-02 19:51:48',12,'2020-12-02 19:51:48'),(52,5,3,'Test doc for notification','reg_375.pdf','https://permishare.s3.us-east-2.amazonaws.com/dev/driver-documents/reg_375.pdf','Driver',1,1,0,NULL,NULL,4,'2020-12-05 13:57:29',4,'2020-12-21 22:28:45'),(53,24,9,'SSN','SSN.jpeg','https://permishare.s3.us-east-2.amazonaws.com/dev/driver-documents/SSN.jpeg','Driver',NULL,0,0,NULL,NULL,12,'2020-12-07 14:38:08',12,'2020-12-07 14:38:08'),(54,20,9,'SSN','SSN.jpeg','https://permishare.s3.us-east-2.amazonaws.com/dev/driver-documents/SSN.jpeg','Driver',NULL,0,0,NULL,NULL,12,'2020-12-07 15:06:49',12,'2020-12-07 15:06:49'),(55,25,9,'CDL','CDL.jpg','https://permishare.s3.us-east-2.amazonaws.com/dev/driver-documents/CDL.jpg','Driver',NULL,0,0,'2019-01-18 10:30:00','2027-04-11',12,'2020-12-09 21:31:03',12,'2020-12-09 21:31:03'),(56,25,9,'Drug Testing Drug and Control Form','Drug_Testing_Drug_and_Control_Form.jpg','https://permishare.s3.us-east-2.amazonaws.com/dev/driver-documents/Drug_Testing_Drug_and_Control_Form.jpg','Driver',NULL,0,0,NULL,NULL,12,'2020-12-09 21:34:16',12,'2020-12-09 21:34:16'),(57,25,9,'Medical Card & SSN','Medical_Card_&_SSN.jpg','https://permishare.s3.us-east-2.amazonaws.com/dev/driver-documents/Medical_Card_%26_SSN.jpg','Driver',NULL,0,0,'2019-05-13 09:30:00','2021-05-13',12,'2020-12-09 21:34:16',12,'2020-12-09 21:34:16'),(58,26,9,'Tommy Thompson','CDL_1.pdf','https://permishare.s3.us-east-2.amazonaws.com/dev/driver-documents/CDL_1.pdf','Driver',NULL,1,0,NULL,NULL,12,'2020-12-09 21:47:29',12,'2020-12-09 21:59:41'),(59,26,9,'CDL Front','CDL_1.pdf','https://permishare.s3.us-east-2.amazonaws.com/dev/driver-documents/CDL_1.pdf','Driver',NULL,0,0,'2018-01-03 10:30:00','2021-12-31',12,'2020-12-09 22:03:38',12,'2020-12-09 22:03:38'),(60,26,9,'CDL Back','CDL_2.jpg','https://permishare.s3.us-east-2.amazonaws.com/dev/driver-documents/CDL_2.jpg','Driver',NULL,0,0,NULL,NULL,12,'2020-12-09 22:03:38',12,'2020-12-09 22:03:38'),(61,26,9,'Driver Record PSP','DriverRecord_PSP.pdf','https://permishare.s3.us-east-2.amazonaws.com/dev/driver-documents/DriverRecord_PSP.pdf','Driver',NULL,0,0,NULL,NULL,12,'2020-12-09 22:03:38',12,'2020-12-09 22:03:38'),(62,26,9,'Medical Certificate','MVR.pdf','https://permishare.s3.us-east-2.amazonaws.com/dev/driver-documents/MVR.pdf','Driver',NULL,0,0,'2020-08-26 09:30:00','2022-08-26',12,'2020-12-09 22:03:38',12,'2020-12-09 22:03:38'),(63,3,3,'Drivers Licence','Drivers_License.pdf','https://permishare.s3.us-east-2.amazonaws.com/dev/driver-documents/Drivers_License.pdf','Driver',1,0,0,'2020-10-07 09:30:00','2021-10-07',3,'2020-12-10 19:06:44',3,'2021-09-22 13:25:09'),(64,3,3,'Medical Examiners Certificate','medicalexaminerscertificatemcsa587611302021.pdf','https://permishare.s3.us-east-2.amazonaws.com/dev/driver-documents/medicalexaminerscertificatemcsa587611302021.pdf','Driver',1,0,0,'2020-11-10 10:30:00','2021-11-10',3,'2020-12-10 19:06:44',3,'2021-09-22 13:48:59'),(65,3,3,'FAST Card','FAST_Card.pdf','https://permishare.s3.us-east-2.amazonaws.com/dev/driver-documents/FAST_Card.pdf','Driver',1,0,0,'2020-12-02 10:30:00',NULL,3,'2020-12-10 19:06:44',3,'2021-09-23 13:38:53'),(66,3,3,'Driver Motor Vehicle Record','Driver_Motor_Vehicle_Record.pdf','https://permishare.s3.us-east-2.amazonaws.com/dev/driver-documents/Driver_Motor_Vehicle_Record.pdf','Driver',1,0,0,'2020-12-01 10:30:00','2021-11-30',3,'2020-12-10 19:06:44',3,'2021-09-28 13:28:52'),(67,3,3,'Drug Testing Form','Drug_Testing_Form.pdf','https://permishare.s3.us-east-2.amazonaws.com/dev/driver-documents/Drug_Testing_Form.pdf','Driver',1,0,0,'2020-12-02 10:30:00',NULL,3,'2020-12-10 19:06:44',3,'2021-09-22 13:19:57'),(68,3,3,'Shipping Documents - Jan 26, 2021','TDG_Shipping_Documents.pdf','https://permishare.s3.us-east-2.amazonaws.com/dev/driver-documents/TDG_Shipping_Documents.pdf','Driver',1,1,0,'2021-01-21 10:30:00','2021-01-26',3,'2020-12-21 21:16:55',3,'2021-03-31 18:45:23'),(69,28,12,'CDL','CDL.jpeg','https://permishare.s3.amazonaws.com/dev/driver-documents/CDL.jpeg','Driver',NULL,0,0,'2018-08-08 09:30:00','2022-08-08',16,'2021-01-01 15:17:35',16,'2021-01-01 15:17:35'),(70,29,12,'Driver\'s License','Driver\'s_License.jpg','https://permishare.s3.us-east-2.amazonaws.com/dev/driver-documents/Driver%27s_License.jpg','Driver',0,0,0,'2019-01-22 10:30:00','2023-01-23',16,'2021-01-01 15:22:27',16,'2021-01-01 15:22:27'),(71,29,12,'Medical Certificate','Medical_Certificate.pdf','https://permishare.s3.us-east-2.amazonaws.com/dev/driver-documents/Medical_Certificate.pdf','Driver',NULL,0,0,'2020-10-02 09:30:00','2022-10-02',16,'2021-01-01 15:24:09',16,'2021-01-01 15:24:09'),(72,29,12,'SSN','SSN.jpg','https://permishare.s3.us-east-2.amazonaws.com/dev/driver-documents/SSN.jpg','Driver',NULL,0,0,NULL,NULL,16,'2021-01-01 15:24:09',16,'2021-01-01 15:24:09'),(73,30,12,'CDL','Driver\'s_License.jpg','https://permishare.s3.us-east-2.amazonaws.com/dev/driver-documents/Driver%27s_License.jpg','Driver',NULL,0,0,'2019-01-11 10:30:00','2021-03-14',16,'2021-01-01 15:30:19',16,'2021-01-01 15:30:19'),(74,30,12,'SSN','SSN.jpg','https://permishare.s3.us-east-2.amazonaws.com/dev/driver-documents/SSN.jpg','Driver',NULL,0,0,NULL,NULL,16,'2021-01-01 15:30:19',16,'2021-01-01 15:30:19'),(75,30,12,'Med Exam 1','Medical_Examination_Report_1.jpg','https://permishare.s3.us-east-2.amazonaws.com/dev/driver-documents/Medical_Examination_Report_1.jpg','Driver',NULL,0,0,'2019-01-10 10:30:00','2021-01-10',16,'2021-01-01 15:30:19',16,'2021-01-01 15:30:19'),(76,30,12,'Med Exam 2','Medical_Examination_Report_2.jpg','https://permishare.s3.us-east-2.amazonaws.com/dev/driver-documents/Medical_Examination_Report_2.jpg','Driver',NULL,0,0,NULL,NULL,16,'2021-01-01 15:31:07',16,'2021-01-01 15:31:07'),(77,30,12,'Med Exam 3 ','Medical_Examination_Report_3.jpg','https://permishare.s3.us-east-2.amazonaws.com/dev/driver-documents/Medical_Examination_Report_3.jpg','Driver',NULL,0,0,NULL,NULL,16,'2021-01-01 15:31:07',16,'2021-01-01 15:31:07'),(78,30,12,'Med Exam 4 ','Medical_Examination_Report_4.jpg','https://permishare.s3.us-east-2.amazonaws.com/dev/driver-documents/Medical_Examination_Report_4.jpg','Driver',NULL,0,0,NULL,NULL,16,'2021-01-01 15:31:07',16,'2021-01-01 15:31:07'),(79,30,12,'Business Annual Filing Statement ','Business_Annual_Filing_Statement.jpg','https://permishare.s3.us-east-2.amazonaws.com/dev/driver-documents/Business_Annual_Filing_Statement.jpg','Driver',NULL,0,0,'2020-01-01 10:30:00',NULL,16,'2021-01-01 15:36:34',16,'2021-01-01 15:36:34'),(80,30,12,'Corporation Filing Endorsement ','Corporation_Filing_Endorsement.jpg','https://permishare.s3.us-east-2.amazonaws.com/dev/driver-documents/Corporation_Filing_Endorsement.jpg','Driver',NULL,0,0,'2020-07-10 09:30:00',NULL,16,'2021-01-01 15:37:17',16,'2021-01-01 15:37:17'),(81,30,12,'EIN Assignment ','EIN_Assignment.jpg','https://permishare.s3.us-east-2.amazonaws.com/dev/driver-documents/EIN_Assignment.jpg','Driver',NULL,0,0,'2017-01-27 10:30:00',NULL,16,'2021-01-01 15:37:45',16,'2021-01-01 15:37:45'),(82,31,12,'CDL','CDL.jpg','https://permishare.s3.us-east-2.amazonaws.com/dev/driver-documents/CDL.jpg','Driver',NULL,0,0,'2016-12-15 10:30:00','2021-01-01',16,'2021-01-01 15:40:37',16,'2021-01-01 15:40:37'),(83,32,2,'Test document','trs_dev_latest_(3).sql','https://permishare.s3.us-east-2.amazonaws.com/dev/driver-documents/trs_dev_latest_%283%29.sql','Driver',1,0,0,'2021-03-12 00:00:00','2021-03-25',2,'2021-03-12 14:10:23',2,'2021-03-12 14:10:23'),(84,5,3,'Drivers License','Drivers_License.pdf','https://permishare.s3.us-east-2.amazonaws.com/dev/driver-documents/Drivers_License.pdf','Driver',1,0,0,'2020-10-08 09:30:00','2021-10-08',4,'2021-03-31 18:46:31',4,'2021-03-31 18:46:31'),(85,33,15,'Drivers License','F_Canchola_-_ID_&_SSL.jpg','https://permishare.s3.us-east-2.amazonaws.com/dev/driver-documents/F_Canchola_-_ID_%26_SSL.jpg','Driver',1,0,0,'2020-04-14 10:30:00','2022-11-03',20,'2021-07-09 18:44:24',20,'2021-07-09 18:44:24'),(86,33,15,'Medical Card','MED_CARD_J.jpg','https://permishare.s3.us-east-2.amazonaws.com/dev/driver-documents/MED_CARD_J.jpg','Driver',1,0,0,'2020-01-01 11:30:00','2023-01-01',20,'2021-07-09 18:44:24',20,'2021-07-09 18:44:24'),(87,33,15,'Driver Contract','F_Canchola_-_Contract.pdf','https://permishare.s3.us-east-2.amazonaws.com/dev/driver-documents/F_Canchola_-_Contract.pdf','Driver',1,0,0,'2020-01-01 11:30:00','2022-01-01',20,'2021-07-09 18:44:24',20,'2021-07-09 18:44:24'),(88,34,3,'Driver License','Study_permit__Get_the_right_documents_-_Canada.ca.pdf','https://permishare.s3.us-east-2.amazonaws.com/dev/driver-documents/Study_permit__Get_the_right_documents_-_Canada.ca.pdf','Driver',1,0,0,'2020-01-01 00:00:00','2022-12-31',3,'2021-08-12 05:23:31',3,'2021-10-05 08:16:53'),(89,34,3,'Test Document','GGC628719233_receipt.pdf','https://permishare.s3.us-east-2.amazonaws.com/dev/driver-documents/GGC628719233_receipt.pdf','Driver',1,0,0,'2021-08-01 00:00:00','2021-08-31',3,'2021-08-12 05:23:31',3,'2021-10-01 12:52:24'),(90,34,3,'sample','Permishare_-_Driver_App_-_Task_Specs.pdf','https://permishare.s3.us-east-2.amazonaws.com/dev/driver-documents/Permishare_-_Driver_App_-_Task_Specs.pdf','Driver',1,0,0,'2021-08-20 00:00:00',NULL,3,'2021-08-20 12:48:23',3,'2021-10-01 12:52:25'),(91,3,3,'Test','Screen_Shot_2021-09-21_at_9.17.49_AM.png_(1).pdf','https://permishare.s3.us-east-2.amazonaws.com/dev/driver-documents/Screen_Shot_2021-09-21_at_9.17.49_AM.png_%281%29.pdf','Driver',1,1,0,'2021-09-08 09:30:00','2021-09-21',3,'2021-09-21 15:04:20',3,'2021-09-22 13:20:16'),(92,3,3,'Sept 22','Screen_Shot_2021-09-21_at_9.17.49_AM.png_(1).pdf','https://permishare.s3.us-east-2.amazonaws.com/dev/driver-documents/Screen_Shot_2021-09-21_at_9.17.49_AM.png_%281%29.pdf','Driver',1,1,1,'2021-09-01 09:30:00','2021-09-29',3,'2021-09-22 13:20:37',3,'2021-09-30 18:15:59'),(93,3,3,'test','Screen_Shot_2021-09-21_at_9.17.49_AM.png_(1).pdf','https://permishare.s3.amazonaws.com/dev/driver-documents/Screen_Shot_2021-09-21_at_9.17.49_AM.png_%281%29.pdf','Driver',1,1,1,'2021-09-07 09:30:00','2021-09-30',3,'2021-09-23 13:42:32',3,'2021-09-30 18:16:04'),(94,34,3,'test','Om_Mobile_Development_Qualifications_(2)_(1).pdf','https://permishare.s3.us-east-2.amazonaws.com/dev/driver-documents/Om_Mobile_Development_Qualifications_%282%29_%281%29.pdf','Driver',1,0,0,'2021-09-23 00:00:00','2021-09-30',3,'2021-09-23 16:00:33',3,'2021-10-05 08:30:22'),(95,34,3,'notification','Om_Mobile_Development_Qualifications_(2)_(1)_(1).pdf','https://permishare.s3.amazonaws.com/dev/driver-documents/Om_Mobile_Development_Qualifications_%282%29_%281%29_%281%29.pdf','Driver',1,1,0,'2021-09-24 00:00:00','2021-10-20',3,'2021-09-24 10:56:21',3,'2021-09-24 10:57:27'),(96,3,3,'Sept 24','EFS_Statement_2021-09-21.pdf','https://permishare.s3.us-east-2.amazonaws.com/dev/driver-documents/EFS_Statement_2021-09-21.pdf','Driver',1,1,0,'2021-09-22 09:30:00','2021-09-30',3,'2021-09-24 14:39:56',3,'2021-09-30 18:15:55'),(97,34,3,'notification','Screen_Shot_2021-09-21_at_9.17.49_AM.png.pdf','https://permishare.s3.us-east-2.amazonaws.com/dev/driver-documents/Screen_Shot_2021-09-21_at_9.17.49_AM.png.pdf','Driver',1,1,0,'2021-09-28 00:00:00','2021-10-20',3,'2021-09-27 10:59:25',3,'2021-09-27 11:34:50'),(98,34,3,'notification','Screen_Shot_2021-09-21_at_9.17.49_AM.png.pdf','https://permishare.s3.us-east-2.amazonaws.com/dev/driver-documents/Screen_Shot_2021-09-21_at_9.17.49_AM.png.pdf','Driver',1,1,0,'2021-09-28 00:00:00','2021-11-16',3,'2021-09-27 11:35:14',3,'2021-09-28 05:53:13'),(99,34,3,'test1','Screen_Shot_2021-09-21_at_9.17.49_AM.png.pdf','https://permishare.s3.us-east-2.amazonaws.com/dev/driver-documents/Screen_Shot_2021-09-21_at_9.17.49_AM.png.pdf','Driver',1,1,0,'2021-09-28 00:00:00','2021-10-04',3,'2021-09-27 11:36:03',3,'2021-09-28 05:53:28'),(100,34,3,'test22','Screen_Shot_2021-09-21_at_9.17.49_AM.png.pdf','https://permishare.s3.us-east-2.amazonaws.com/dev/driver-documents/Screen_Shot_2021-09-21_at_9.17.49_AM.png.pdf','Driver',1,1,0,'2021-09-28 00:00:00','2021-09-29',3,'2021-09-27 12:27:10',3,'2021-09-28 05:53:19'),(101,34,3,'notification','Screen_Shot_2021-09-21_at_9.17.49_AM.png.pdf','https://permishare.s3.us-east-2.amazonaws.com/dev/driver-documents/Screen_Shot_2021-09-21_at_9.17.49_AM.png.pdf','Driver',1,1,0,'2021-09-27 00:00:00','2021-10-06',3,'2021-09-28 05:54:01',3,'2021-09-28 05:54:17'),(102,34,3,'notification','Screen_Shot_2021-09-21_at_9.17.49_AM.png.pdf','https://permishare.s3.us-east-2.amazonaws.com/dev/driver-documents/Screen_Shot_2021-09-21_at_9.17.49_AM.png.pdf','Driver',1,0,0,'2021-09-28 00:00:00','2021-10-19',3,'2021-09-28 05:55:19',3,'2021-10-05 08:30:23'),(103,3,3,'testy','PermiShare_User_Guide_v1.1.pdf','https://permishare.s3.us-east-2.amazonaws.com/dev/driver-documents/PermiShare_User_Guide_v1.1.pdf','Driver',1,1,0,NULL,NULL,3,'2021-09-30 18:15:30',3,'2021-09-30 18:15:51'),(104,34,3,'Test M','sample.pdf','https://permishare.s3.us-east-2.amazonaws.com/dev/driver-documents/sample.pdf','Driver',1,0,0,'2021-10-01 00:00:00','2021-10-31',3,'2021-10-01 12:51:37',3,'2021-10-05 08:30:24');
/*!40000 ALTER TABLE `trs_tbl_driver_documents` ENABLE KEYS */;
UNLOCK TABLES;

--
-- Table structure for table `trs_tbl_driver_grid_columns`
--

DROP TABLE IF EXISTS `trs_tbl_driver_grid_columns`;
/*!40101 SET @saved_cs_client     = @@character_set_client */;
/*!50503 SET character_set_client = utf8mb4 */;
CREATE TABLE `trs_tbl_driver_grid_columns` (
  `driver_grid_column_id` bigint NOT NULL AUTO_INCREMENT,
  `carrier_id` bigint NOT NULL,
  `grid_columns` varchar(12) NOT NULL COMMENT '111111111111-->View All  000000000000-->View None',
  `created_by` bigint NOT NULL,
  `created_date` datetime NOT NULL DEFAULT CURRENT_TIMESTAMP,
  `modified_by` bigint NOT NULL,
  `modified_date` datetime NOT NULL DEFAULT CURRENT_TIMESTAMP ON UPDATE CURRENT_TIMESTAMP,
  PRIMARY KEY (`driver_grid_column_id`),
  KEY `driver_grid_carrier_id_constraint` (`carrier_id`),
  CONSTRAINT `driver_grid_carrier_id_constraint` FOREIGN KEY (`carrier_id`) REFERENCES `trs_tbl_carriers` (`carrier_id`)
) ENGINE=InnoDB AUTO_INCREMENT=31 DEFAULT CHARSET=latin1;
/*!40101 SET character_set_client = @saved_cs_client */;

--
-- Dumping data for table `trs_tbl_driver_grid_columns`
--

LOCK TABLES `trs_tbl_driver_grid_columns` WRITE;
/*!40000 ALTER TABLE `trs_tbl_driver_grid_columns` DISABLE KEYS */;
INSERT INTO `trs_tbl_driver_grid_columns` VALUES (1,2,'111111111111',1,'2020-10-17 08:14:20',1,'2020-10-17 08:14:20'),(2,3,'111111111110',1,'2020-10-22 19:01:48',1,'2021-10-05 09:07:58'),(4,5,'111111111111',1,'2020-11-25 14:53:49',1,'2020-11-25 14:53:49'),(5,6,'111111111111',1,'2020-11-27 21:19:02',1,'2020-11-27 21:19:02'),(6,7,'111111111111',1,'2020-11-30 19:53:06',1,'2020-11-30 19:53:06'),(7,8,'111111111111',1,'2020-11-30 20:29:09',1,'2020-11-30 20:29:09'),(8,9,'111111111111',1,'2020-11-30 23:17:46',1,'2020-11-30 23:17:46'),(9,10,'111111111111',1,'2020-12-03 18:31:26',1,'2020-12-03 18:31:26'),(10,11,'111111111111',1,'2020-12-16 14:17:26',1,'2020-12-16 14:17:26'),(11,12,'111111111111',1,'2020-12-21 19:56:56',1,'2020-12-21 19:56:56'),(12,13,'111111111111',1,'2021-03-10 22:00:35',1,'2021-03-10 22:00:35'),(13,14,'111111111111',1,'2021-06-24 00:04:49',1,'2021-06-24 00:04:49'),(14,15,'111111111111',1,'2021-07-09 15:19:56',1,'2021-07-09 15:19:56'),(15,16,'111111111111',1,'2021-07-10 12:25:17',1,'2021-07-10 12:25:17'),(16,17,'111111111111',1,'2021-07-10 12:27:02',1,'2021-07-10 12:27:02'),(17,18,'111111111111',1,'2021-07-13 16:07:38',1,'2021-07-13 16:07:38'),(18,19,'111111111111',1,'2021-07-28 15:58:23',1,'2021-07-28 15:58:23'),(19,20,'111111111111',1,'2021-08-16 18:01:53',1,'2021-08-16 18:01:53'),(21,22,'111111111111',1,'2021-08-16 18:09:31',1,'2021-08-16 18:09:31'),(22,23,'111111111111',1,'2021-08-16 18:11:47',1,'2021-08-16 18:11:47'),(23,24,'111111111111',1,'2021-08-16 18:14:29',1,'2021-08-16 18:14:29'),(24,25,'111111111111',1,'2021-08-20 14:47:52',1,'2021-08-20 14:47:52'),(25,26,'111111111111',1,'2021-08-25 14:30:01',1,'2021-08-25 14:30:01'),(28,29,'111111111111',1,'2021-09-09 15:02:34',1,'2021-09-09 15:02:34'),(29,30,'111111111111',1,'2021-09-24 15:35:43',1,'2021-09-24 15:35:43'),(30,31,'111111111111',1,'2021-09-30 19:51:28',1,'2021-09-30 19:51:28');
/*!40000 ALTER TABLE `trs_tbl_driver_grid_columns` ENABLE KEYS */;
UNLOCK TABLES;

--
-- Table structure for table `trs_tbl_drivers`
--

DROP TABLE IF EXISTS `trs_tbl_drivers`;
/*!40101 SET @saved_cs_client     = @@character_set_client */;
/*!50503 SET character_set_client = utf8mb4 */;
CREATE TABLE `trs_tbl_drivers` (
  `driver_id` bigint NOT NULL AUTO_INCREMENT,
  `driver_first_name` varchar(30) NOT NULL,
  `driver_last_name` varchar(30) NOT NULL,
  `cell_phone` varchar(20) NOT NULL,
  `email_address` varchar(60) NOT NULL,
  `is_verified` tinyint(1) NOT NULL DEFAULT '0',
  `password` text,
  `password_reset_token` text,
  `dl_number` varchar(50) NOT NULL,
  `dl_class` varchar(50) NOT NULL,
  `current_active_asset_id` bigint DEFAULT NULL,
  `driver_firebase_id` text,
  `driver_profoile_pic_url` text,
  `is_active` tinyint(1) NOT NULL DEFAULT '1',
  `is_deleted` tinyint(1) NOT NULL DEFAULT '0',
  `address1` text,
  `city` varchar(20) NOT NULL,
  `zip` varchar(45) NOT NULL,
  `country_id` bigint NOT NULL,
  `state_id` bigint NOT NULL,
  `start_date` date NOT NULL,
  `inactive_date` date DEFAULT NULL,
  `comments` varchar(255) DEFAULT NULL,
  `created_by` bigint NOT NULL,
  `created_date` datetime NOT NULL DEFAULT CURRENT_TIMESTAMP,
  `modified_by` bigint NOT NULL,
  `modified_date` datetime NOT NULL DEFAULT CURRENT_TIMESTAMP ON UPDATE CURRENT_TIMESTAMP,
  `carrier_id` bigint NOT NULL,
  PRIMARY KEY (`driver_id`),
  KEY `driver_country_id_constraint` (`country_id`),
  KEY `driver_state_id_constraint` (`state_id`),
  KEY `drivers_carrier_id_constraint` (`carrier_id`),
  KEY `driver_active_asset_id_constraint` (`current_active_asset_id`),
  CONSTRAINT `driver_active_asset_id_constraint` FOREIGN KEY (`current_active_asset_id`) REFERENCES `trs_tbl_assets` (`asset_id`),
  CONSTRAINT `driver_country_id_constraint` FOREIGN KEY (`country_id`) REFERENCES `trs_tbl_countries` (`country_id`),
  CONSTRAINT `driver_state_id_constraint` FOREIGN KEY (`state_id`) REFERENCES `trs_tbl_states` (`state_id`),
  CONSTRAINT `drivers_carrier_id_constraint` FOREIGN KEY (`carrier_id`) REFERENCES `trs_tbl_carriers` (`carrier_id`)
) ENGINE=InnoDB AUTO_INCREMENT=38 DEFAULT CHARSET=latin1;
/*!40101 SET character_set_client = @saved_cs_client */;

--
-- Dumping data for table `trs_tbl_drivers`
--

LOCK TABLES `trs_tbl_drivers` WRITE;
/*!40000 ALTER TABLE `trs_tbl_drivers` DISABLE KEYS */;
INSERT INTO `trs_tbl_drivers` VALUES (1,'Production envi','New Driver','7981850807','prasanth.chivukula@yahoo.com',1,'$2a$10$1xKSr/q5QTuhMCpVeYyC7e64MqGaEm1Lxgr3qOFv0Bpbbqg0mU4Fm',NULL,'1101111011','A+',NULL,NULL,NULL,1,0,'Near White House','Washington City','500062',231,3975,'2020-10-01',NULL,'',2,'2020-10-17 10:03:38',2,'2021-07-30 19:54:36',2),(2,'Kumar','Siva','8801786672','sivakumar.k369@gmail.com',1,'$2a$10$3DO/F/rExFtKlY71zDe94.hhhCz79VELNbTRdP9Z4U0BwnRyrIKs6','$2a$10$3DO/F/rExFtKlY71zDe94.hhhCz79VELNbTRdP9Z4U0BwnRyrIKs6','ABCD','A',3,NULL,NULL,1,1,'Near White house','Washington','500081',231,3919,'2020-10-20',NULL,'',2,'2020-10-21 12:49:19',2,'2021-08-11 09:33:59',2),(3,'Collin','Smith','5199995555','collin@transreportservices.com',1,'$2a$10$A90EiWaZW0iUm6fSvlkWVeVF5nt7Bgav52nPjgb1zD1/GiaKRS2yu',NULL,'C0717732880414','G',6,'ch-XoQUdWkU4pIRRFxDQMk:APA91bHnh_wLY4gdgm68c1ea_YR9QkyJswc9uC6ZbwDycA2-y3jZi-sjyeQ1veJyIlOEuEdR7ubyVjr1zXQZzH6CPZlJVNfCoffNwEjm-bAOLvkIU48jz60O-dw4m0PZmsqrBkwogmmm','https://permishare.s3.us-east-2.amazonaws.com/dev/driver-documents/profilePic.png',1,0,'14 Amos Drive','Guelph','N1L 0M2',38,671,'1988-04-14',NULL,'',3,'2020-10-22 19:10:34',3,'2021-10-05 15:30:44',3),(4,'Clive','Carwardine','5198307807','clive@transreportservices.com',1,'$2a$10$eF0RQ4XrryJTVa.2RPOKSuFAg5FjJ.pqNJ8Nq0Ijz1noSUSCYTbOS',NULL,'C07171325581008','AZ',NULL,NULL,NULL,1,1,'20 Kelly Court','Guelph','N1K1W3',38,671,'2020-10-22',NULL,'',4,'2020-10-22 19:48:31',4,'2020-10-22 20:10:12',3),(5,'Clive','Sanders','5551234567','clivecarwardine@gmail.com',1,'$2a$10$HUAHIFu9u55DIr6CpD.VD.oxqRj9RFHjFIdeeD4gkdJ4BRdvk7S3S',NULL,'C123456789','AZ',1,'cwe1arihB3Y:APA91bEQDeihZ_boYpBuMA4xBAGweQn7L3oUz2bMPjIpLD3qHpdRFLuZg8LhcBuQ9WwFMuoL5a0eSIdwO1XaK6wtn9WZwc1YN6-j1sDKc1rNja71FNNHsqTMbUlBNNxQ_6ZgCBYytWjv',NULL,1,0,'20 Any Street','Raleigh','61534',231,3957,'2020-10-22',NULL,'',4,'2020-10-22 20:18:11',4,'2021-10-05 21:48:35',3),(6,'Konduri','Raj','8179035467','raj@optionmatrix.com',1,'$2a$10$3hgikaVSvTfz0yGyNnbfQOoMvkGsZZYVrNcQw1U8.3W4/Jt5MqLGa',NULL,'10112122','A',NULL,NULL,NULL,1,0,'Near White house','Ottawa','500055',38,663,'2020-10-21',NULL,'',2,'2020-10-22 20:22:04',2,'2020-10-22 20:23:26',2),(7,'Raj','Konduri','9988998888','rajkvs785@gmail.com',1,'$2a$10$QzL8nAQeuGKozdo5sU7QhOCClHgIoRJrrCUi0Y5moqBZD8uESP3US','$2a$10$bo0J77ijKYa9HNwD/OZiZew8/.JzMOwzXz0qjc3sV7/9Ayx3KBgZq','1012120121','A',NULL,NULL,NULL,1,0,'Near White house','Ontario','500050',38,665,'2020-10-18',NULL,'',2,'2020-10-22 20:30:43',2,'2020-10-22 20:34:30',2),(8,'Bob','Smith','8882632633','sales@permishare.com',1,'$2a$10$SxeScJKkbvy9igbjkb.sSO9AVBcITd0k1P7IBnnUzVso6DWWX8tme',NULL,'F1265845645845','AZ',1,NULL,NULL,1,1,'','Halifax','K9T 5R2',38,669,'2020-10-01',NULL,'',3,'2020-10-29 18:48:53',3,'2020-12-01 16:51:29',3),(9,'Thomas','Dowd','5551234567','admin@permishare.com',0,'$2a$10$QawnJQJi9I4mV31e2WBY6eU55OMwHFlI8xBFox1q6GGdsan0PDqqe',NULL,'123456789','D',NULL,NULL,NULL,1,0,'999 Any Street','Fort Worth','76102',231,3970,'2019-11-24',NULL,'',4,'2020-11-01 22:28:26',4,'2021-08-09 18:02:53',3),(10,'C','Driver','5559876543','clive@transreportservices,com',0,NULL,NULL,'D123456789','A',NULL,NULL,NULL,0,1,'PO Box','Sacramento','94203',231,3924,'2020-03-01','2020-11-09',NULL,1,'2020-11-02 11:24:23',1,'2020-11-28 18:12:21',3),(11,'Bob','Dylan','8545565252','bobby@gmail.com',0,NULL,NULL,'ASRH435463456','AZ',NULL,NULL,NULL,1,1,'14','Toronto','N1L 8K1',38,671,'2020-10-31',NULL,NULL,1,'2020-11-02 14:32:55',1,'2020-11-03 21:07:00',3),(12,'Jake','Nash','8883265959','driverd@permishare.com',0,NULL,NULL,'985465485454','AZ',NULL,NULL,NULL,1,0,'123 Sample St.','Laval','H7S2P1',38,673,'2020-11-02',NULL,NULL,1,'2020-11-13 19:22:22',1,'2021-08-09 18:03:09',3),(13,'Jake','Welsch','8883265960','drivere@permishare.com',0,NULL,NULL,'852456325145','AZ',NULL,NULL,NULL,1,0,'321 Sample Dr.','Orlando','32819',231,3930,'2020-11-03',NULL,NULL,1,'2020-11-13 19:22:22',1,'2021-08-09 18:03:24',3),(14,'William','Ross','8883265961','driverf@permishare.com',0,NULL,NULL,'565236524156','AZ',NULL,NULL,NULL,1,0,'564 Sample Ct.','Mississauga','L4W5R2',38,671,'2020-11-04',NULL,NULL,1,'2020-11-13 19:22:22',1,'2021-08-09 18:03:36',3),(15,'Nicholas','Watson','8883265962','driverg@permishare.com',0,NULL,NULL,'524626565845','AZ',NULL,NULL,NULL,1,0,'987 Sample Dr.','Bridgeport','13057',231,3956,'2020-11-05',NULL,NULL,1,'2020-11-13 19:22:22',1,'2021-08-09 18:03:51',3),(16,'Erin','Quinn','8883265963','driverh@permishare.com',0,NULL,NULL,'556465656595','AZ',NULL,NULL,NULL,1,0,'852 Sample St.','Portage la Praire','R1N4A6',38,665,'2020-11-06',NULL,NULL,1,'2020-11-13 19:22:22',1,'2021-08-09 18:04:06',3),(17,'Robert','Gibson','8883265964','driveri@permishare.com',0,NULL,NULL,'856598546523','AZ ',NULL,NULL,NULL,1,0,'856 Sample Ct. ','Somerset','42501',231,3938,'2020-11-07',NULL,NULL,1,'2020-11-13 19:22:22',1,'2021-08-09 18:04:22',3),(18,'Joe','Smith','5555655555','joesmith@joesmith.com',0,'$2a$10$GScZ5OdvsUVC0DUrxZQupOxR9e7a0YrgRThZH1EOxP.xK/yCegi2.','$2a$10$GScZ5OdvsUVC0DUrxZQupOxR9e7a0YrgRThZH1EOxP.xK/yCegi2.','78456854542','AZ',NULL,NULL,NULL,1,0,'123 Fake Street','Winnipeg','K1L 0F2',38,665,'2020-11-17',NULL,'',3,'2020-11-17 19:11:28',3,'2020-11-17 19:11:28',3),(19,'Sales','Marvel','1234567890','sales@permishare.com',1,'$2a$10$PGJvbBUiophhMimphbwyqej665JYtBIMq.feRoPRdmbg0lYxa.NPW',NULL,'1234567890','A',NULL,NULL,NULL,1,0,'','Birmingham','123456',231,3919,'2020-11-25',NULL,'',7,'2020-11-25 15:03:51',7,'2022-03-26 16:04:17',5),(20,'Richard','Rateree II','6786779423','Rateree@yahoo.com',0,'$2a$10$qGaTfpxjwGstXPQQlEIQgOAoIe5FM3nBKh7zH2ewD7GYuaaWD0Zbq','$2a$10$qGaTfpxjwGstXPQQlEIQgOAoIe5FM3nBKh7zH2ewD7GYuaaWD0Zbq','052776498','A',NULL,NULL,NULL,1,0,'3324 Springside Rdg','Decatur','30034',231,3931,'2020-12-01',NULL,'',12,'2020-12-01 21:19:07',12,'2020-12-07 15:06:49',9),(21,'Tommy','Smith IV','2144227092','tommy_smith82@yahoo.com',0,'$2a$10$zpXkkz1C6ahYfmTjANeJs.ZE9jqUm.WYTRTjeQ3SDNYBGstOdidP.','$2a$10$zpXkkz1C6ahYfmTjANeJs.ZE9jqUm.WYTRTjeQ3SDNYBGstOdidP.','15907887','A',NULL,NULL,NULL,1,0,'3718 Fawn Valley Dr Apt. 2070','Dallas','75224',231,3970,'2020-11-02',NULL,'',12,'2020-12-02 17:32:25',12,'2020-12-02 17:32:25',9),(22,'Charles','Pappas','2535690228','charles@charlespappas.com',0,'$2a$10$A2jIVuOKYvcwTfwW1DKV3.VoqepMmSzUCUz/TxZwJyBAqMkyuRpNe','$2a$10$A2jIVuOKYvcwTfwW1DKV3.VoqepMmSzUCUz/TxZwJyBAqMkyuRpNe','WDL74T29C63B','A',NULL,NULL,NULL,1,0,'21818 108th Street Ct E','Buckley','98321',231,3975,'2020-11-13',NULL,'',12,'2020-12-02 17:49:14',12,'2020-12-02 17:51:10',9),(23,'Tyron','Gilliard','5023374682','lavargilliard@gmail.com',0,'$2a$10$0NYsvfaeDJX0COQjXJ/u..Khq8VikhdaiMhkJlkL2.2XLcgxzza1C','$2a$10$0NYsvfaeDJX0COQjXJ/u..Khq8VikhdaiMhkJlkL2.2XLcgxzza1C','0740-03-2371','A',NULL,NULL,NULL,1,0,'1329 E Court Ave','Jeffersonville, IN','47130',231,3935,'2020-11-02',NULL,'',12,'2020-12-02 18:32:37',12,'2020-12-02 18:32:37',9),(24,'Terry','Dorsey','404-451-4001','dorsey_express@yahoo.com',0,'$2a$10$2qKM6DG9.3oJ3BoveheZSethq8lDcPN/QyPStX.2CmTYg4d85nNQ6','$2a$10$2qKM6DG9.3oJ3BoveheZSethq8lDcPN/QyPStX.2CmTYg4d85nNQ6','013513125','A',NULL,NULL,NULL,1,0,'2311 Jones Rd NW','Atlanta','30318-5915',231,3931,'2020-10-23',NULL,'',12,'2020-12-02 19:49:46',12,'2020-12-07 14:38:08',9),(25,'Eric','Stiff','678-770-0799','es@gmail.com',0,'$2a$10$xz3kCtHRtZUuXARXWlh.UuSRBISKRoQ1MdUZ2KJ6.vMAU/zi6mNNa','$2a$10$xz3kCtHRtZUuXARXWlh.UuSRBISKRoQ1MdUZ2KJ6.vMAU/zi6mNNa','057544535','A',NULL,NULL,NULL,1,0,'','Kennesaw','30144',231,3931,'2020-12-09',NULL,'',12,'2020-12-09 21:31:02',12,'2020-12-09 21:34:16',9),(26,'Tommy','Thompson','903-669-5163','tt@gmail.com',0,'$2a$10$XasXyxInPRnuBnrVsIalhu.np/JGuNtJ2LFjBujGdQ9JOgyRUGt7C','$2a$10$XasXyxInPRnuBnrVsIalhu.np/JGuNtJ2LFjBujGdQ9JOgyRUGt7C','M083638467','A',NULL,NULL,NULL,1,0,'','Ardmore','73401',231,3960,'2020-12-09',NULL,'',12,'2020-12-09 21:47:28',12,'2020-12-09 22:03:38',9),(27,'Kumar Siva','Siva Kumar','8801786672','sivakumar.k1310@gmail.com',1,'$2a$10$OP8fSWttly7BGzFGCC5OrOz/KCe/LyMCasJz/sbKj/PcDARllw.Yi',NULL,'AAAAA','A',NULL,NULL,NULL,1,0,'In Andhra pradesh assembly','Hyderabad','500081',231,3930,'2020-12-15',NULL,'New Customer',2,'2020-12-21 17:31:08',2,'2021-09-27 09:27:44',2),(28,'Ahmed','Algalham','832 387 0524','ahmeda@gmail.com',0,'$2a$10$yanzXpLMIRKDj4k05LDO..EQwgPJ1vWPPLWw.jIWTK.iqXsHULQ.i','$2a$10$yanzXpLMIRKDj4k05LDO..EQwgPJ1vWPPLWw.jIWTK.iqXsHULQ.i','A424035158620','E, CA',NULL,NULL,NULL,1,0,'','Dearborn','48120',231,3945,'2020-12-28',NULL,'',16,'2020-12-28 18:09:02',16,'2021-01-01 15:24:52',12),(29,'Fahd','Riyashi','313 663 0069','fahdr@gmail.com',0,'$2a$10$GLBK2LYybHubaXaLlhshUuAt4ThTal7CrgC2rxgebNq1j.5rkbBz.','$2a$10$GLBK2LYybHubaXaLlhshUuAt4ThTal7CrgC2rxgebNq1j.5rkbBz.','R200244615062','CA',NULL,NULL,NULL,1,0,'','Melvindale','48122',231,3945,'2020-12-30',NULL,'',16,'2021-01-01 15:21:16',16,'2021-01-01 15:24:09',12),(30,'Gamal','Alshakdary','313 258 0678','gamala@gmail.com',0,'$2a$10$96jupEZhv2w7mQEXwmg0henKaEB5av.zVWf0tSbszNKiGjMullNa.','$2a$10$96jupEZhv2w7mQEXwmg0henKaEB5av.zVWf0tSbszNKiGjMullNa.','A422271622194','CA',NULL,NULL,NULL,1,0,'','Dearborn','48124',231,3945,'2020-12-30',NULL,'',16,'2021-01-01 15:27:06',16,'2021-01-01 15:37:45',12),(31,'Saif','Algalham','313 377 0769','saifa@gmail.com',0,'$2a$10$bTIXXGw1miFTY3inbKNmae3lPCNbPU8SeT/PyyJfSVzTZPRe9QrJ2','$2a$10$bTIXXGw1miFTY3inbKNmae3lPCNbPU8SeT/PyyJfSVzTZPRe9QrJ2','A424758035002','E, CA',NULL,NULL,NULL,1,0,'','Dearborn','48120',231,3945,'2020-12-30',NULL,'',16,'2021-01-01 15:40:37',16,'2021-01-01 15:41:14',12),(32,'Tanala','Vijay','8585858587','vijaykumartanala@gmail.com',1,'$2a$10$MOruXzeX6nfEVWYMqIfG4u1RbWLQwcapnDOpGDD6n3KOCgjus39vO',NULL,'212','A',3,NULL,NULL,1,0,'grtg','sas','sdsd',38,663,'2021-03-09',NULL,'',2,'2021-03-12 14:01:05',2,'2021-09-27 09:27:45',2),(33,'Federico','Canchola','3614451375','permianpony@gmail.com',1,'$2a$10$/73w2vbBDHUkL3aUYroBfeLwpO37DD9hmje2ZOfyAMqwX7vLsCGb6',NULL,'22536588','C',NULL,NULL,NULL,1,0,'7021 22nd PL','Lubbock','79407',231,3970,'2020-01-01',NULL,'',20,'2021-07-09 18:44:23',20,'2021-07-09 18:51:33',15),(34,'Test','iOS Driver','8801786672','sivakumar.k369@gmail.com',1,'$2a$10$p1.hGzEoatJD0GohTw1wDOl.qLfgQRxQ7uHeLeY0e3KhPq864vTL.','$2a$10$jGvf28ESkjxKFo62Evj.w.fnLU.5DJsyinKUM8UwewlXAtxoMGcnC','DL-12345142134','C',NULL,'cMJtcqWg5kfNusw3jXTmL2:APA91bH7jpUo2f45kGpimRa10M29u-w0Gt-PSrdgMhQSQuJ9R749g6KDUSvnZlwMZPYvRXjAJU4Il2VJ9eDR0lGJVJUkEJq9Jl_yKrPgLLEvdKQd8WV9V7vEvqNv7NvGlv3UmHGNRPKj','https://permishare.s3.us-east-2.amazonaws.com/dev/driver-documents/profilePic.png',1,0,'Test Address','Toronto','OU12',38,671,'2021-08-01',NULL,'',3,'2021-08-12 05:23:31',3,'2021-10-05 13:14:14',3),(35,'Gary','Gibbons','5195212567','gar-lor@hotmail.com',0,'$2a$10$XvIX301tGWIbWRzQ5D5LOuPn6kmT0YN.UEKOG6fwbjfdyVD3br4n2','$2a$10$XvIX301tGWIbWRzQ5D5LOuPn6kmT0YN.UEKOG6fwbjfdyVD3br4n2','123456789','AZ',NULL,NULL,NULL,1,0,'6932 Fairview Rd.','St. Thomas','N5P 3S8',38,671,'2021-09-13',NULL,'',42,'2021-09-13 19:02:21',42,'2021-09-13 19:02:21',29),(36,'Dylan','Bob','5465545458','jimbo@hinb.com',0,NULL,NULL,'87564585468','G',NULL,NULL,NULL,1,0,'12','Guelph','N1L 0M2',38,671,'2021-10-04',NULL,'Great guy!',1,'2021-10-04 15:40:08',1,'2021-10-04 15:40:08',3),(37,'Ridhima','Rao','999999999','ridhimarao8@gmail.com',0,NULL,NULL,'C0717732880415','RR',NULL,NULL,NULL,0,0,'Test Address','Test','10009',231,3924,'2021-10-05','2021-10-06','NA',1,'2021-10-05 09:09:17',1,'2021-10-06 00:01:00',3);
/*!40000 ALTER TABLE `trs_tbl_drivers` ENABLE KEYS */;
UNLOCK TABLES;

--
-- Table structure for table `trs_tbl_fleets`
--

DROP TABLE IF EXISTS `trs_tbl_fleets`;
/*!40101 SET @saved_cs_client     = @@character_set_client */;
/*!50503 SET character_set_client = utf8mb4 */;
CREATE TABLE `trs_tbl_fleets` (
  `fleet_id` bigint NOT NULL AUTO_INCREMENT,
  `fleet_name` varchar(30) NOT NULL,
  `carrier_id` bigint NOT NULL,
  `comments` text,
  `is_irp` tinyint(1) NOT NULL DEFAULT '1',
  `is_active` tinyint(1) NOT NULL DEFAULT '1',
  `is_deleted` tinyint(1) NOT NULL DEFAULT '0',
  `created_by` bigint NOT NULL,
  `created_date` datetime NOT NULL DEFAULT CURRENT_TIMESTAMP,
  `modified_by` bigint NOT NULL,
  `modified_date` datetime NOT NULL DEFAULT CURRENT_TIMESTAMP ON UPDATE CURRENT_TIMESTAMP,
  PRIMARY KEY (`fleet_id`),
  KEY `fleet_carrier_id_constraint` (`carrier_id`),
  CONSTRAINT `fleet_carrier_id_constraint` FOREIGN KEY (`carrier_id`) REFERENCES `trs_tbl_carriers` (`carrier_id`)
) ENGINE=InnoDB AUTO_INCREMENT=57 DEFAULT CHARSET=latin1;
/*!40101 SET character_set_client = @saved_cs_client */;

--
-- Dumping data for table `trs_tbl_fleets`
--

LOCK TABLES `trs_tbl_fleets` WRITE;
/*!40000 ALTER TABLE `trs_tbl_fleets` DISABLE KEYS */;
INSERT INTO `trs_tbl_fleets` VALUES (1,'IRP Fleet 1',3,'',1,1,0,4,'2020-10-22 21:31:14',4,'2020-10-22 21:32:08'),(2,'IRP Fleet 2',3,'',1,1,1,4,'2020-10-22 21:32:18',4,'2020-12-03 16:09:24'),(3,'Intra Tractors',3,'',0,1,0,4,'2020-10-22 21:32:40',4,'2020-10-22 21:32:40'),(4,'Intra Straight Trucks',3,'',0,1,0,4,'2020-10-22 21:32:51',4,'2020-10-22 21:32:51'),(5,'Fleet 1',2,'No Comments',1,1,0,2,'2020-10-23 15:02:14',2,'2020-10-23 15:02:14'),(6,'Trailer Fleet',3,'All Trailer Types. Fleets may be created for specific trailer types.',0,1,0,4,'2020-11-05 15:10:44',4,'2020-11-05 15:10:44'),(7,'IRP Fleet 1',5,'',1,1,0,7,'2020-11-25 15:13:43',7,'2020-11-25 15:13:43'),(8,'IRP Fleet 1',6,'',1,1,0,8,'2020-11-28 16:40:29',8,'2020-11-30 16:14:10'),(9,'IRP Fleet 2',6,'',1,1,0,8,'2020-11-28 16:40:41',8,'2020-11-28 16:40:41'),(10,'Trailer',6,'',0,1,0,8,'2020-11-28 16:41:59',8,'2020-11-28 16:41:59'),(11,'Intra Tractors',6,'',0,1,0,8,'2020-11-28 16:42:21',8,'2020-11-28 16:42:21'),(12,'IRP Fleet 3',3,'',1,1,1,3,'2020-11-30 16:14:53',3,'2020-11-30 16:15:23'),(13,'IRP Fleet 2',3,'',1,1,1,3,'2020-12-03 16:27:06',3,'2020-12-03 16:29:21'),(14,'IRP Fleet 2',3,'',1,1,0,3,'2020-12-03 16:30:53',3,'2020-12-03 16:30:53'),(15,'IRP Fleet 1',10,'',1,1,0,13,'2020-12-03 19:15:27',13,'2020-12-03 19:15:27'),(16,'IRP Fleet 2',10,'',1,1,1,13,'2020-12-03 19:15:32',13,'2020-12-03 19:17:17'),(17,'Taxable Rentals',10,'',0,1,0,13,'2020-12-03 19:16:06',13,'2020-12-03 19:16:06'),(18,'Intra Tractors',10,'',0,1,0,13,'2020-12-03 19:16:27',13,'2020-12-03 19:17:28'),(19,'Trailers',10,'',0,1,0,13,'2020-12-03 19:17:38',13,'2020-12-03 19:17:38'),(20,'Taxable Rentals',2,'here',1,1,0,2,'2020-12-04 02:10:03',2,'2020-12-04 02:10:03'),(21,'IRP Fleet 1',2,'cd',1,1,0,2,'2020-12-04 02:10:14',2,'2020-12-04 02:10:14'),(22,'Intra Tractors',2,'sds',1,1,0,2,'2020-12-04 02:10:30',2,'2020-12-04 02:10:30'),(23,'Intra Straight Trucks',10,'',0,1,0,13,'2020-12-04 14:34:16',13,'2020-12-04 14:34:16'),(24,'IRP Fleet 1',8,'',1,1,0,11,'2020-12-04 16:40:14',11,'2020-12-04 16:40:14'),(25,'IRP Fleet 2',8,'',1,1,0,11,'2020-12-04 16:40:24',11,'2020-12-04 16:40:24'),(26,'Intra Tractors',8,'',0,1,0,11,'2020-12-04 16:40:42',11,'2020-12-04 16:54:15'),(27,'Trailers',8,'',0,1,0,11,'2020-12-04 16:40:48',11,'2020-12-04 16:40:58'),(28,'Intra Trucks',8,'',0,1,0,11,'2020-12-04 16:55:41',11,'2020-12-05 13:33:04'),(29,'Lux Transporting LLC',9,'',1,1,0,12,'2020-12-07 16:09:16',12,'2020-12-07 16:09:16'),(30,'IRP Fleet 3',3,'',1,1,1,3,'2020-12-17 16:24:29',3,'2020-12-17 16:24:36'),(31,'IRP Fleet 3',3,'',1,1,0,3,'2020-12-17 21:19:20',3,'2020-12-17 21:19:20'),(32,'IRP Fleet 1',11,'ON12255\nRIN 138192813',1,1,0,15,'2020-12-18 14:54:32',15,'2020-12-18 14:55:09'),(33,'Intra Tractors',11,'',0,1,0,15,'2020-12-18 14:55:27',15,'2020-12-18 14:55:27'),(34,'Intra Straight Trucks',11,'',0,1,0,15,'2020-12-18 15:00:58',15,'2020-12-18 15:00:58'),(35,'Sabaa Enterprises INC',12,'',1,1,0,16,'2021-01-01 15:45:19',16,'2021-01-01 15:45:19'),(36,'STEERnWHEELZ Rentals',15,'',0,1,0,20,'2021-07-09 18:32:19',20,'2021-07-09 18:32:19'),(37,'IRP Fleet 1',22,'',1,1,0,29,'2021-08-19 19:00:43',29,'2021-08-19 19:00:43'),(38,'IRP Fleet 1',20,'',1,1,0,27,'2021-08-23 18:04:54',27,'2021-08-23 18:04:54'),(39,'Intra',20,'',0,1,0,27,'2021-08-23 18:06:23',27,'2021-08-23 18:06:23'),(40,'IRP Fleet 1',24,'',1,1,0,31,'2021-08-23 18:51:31',31,'2021-08-23 18:55:21'),(41,'IRP Fleet 1 - O/O\'s',24,'',1,1,1,31,'2021-08-23 18:52:12',31,'2021-08-23 18:55:16'),(42,'Non Taxable Rentals',24,'',0,1,0,31,'2021-08-23 18:55:55',31,'2021-08-23 18:55:55'),(43,'NY HUT Non-IFTA',24,'',0,1,0,31,'2021-08-23 18:56:21',31,'2021-08-23 18:56:21'),(44,'Trailer',20,'',0,1,0,27,'2021-08-23 19:27:50',27,'2021-08-23 19:27:50'),(45,'Trailers',24,'',0,1,0,31,'2021-08-23 19:35:41',31,'2021-08-23 19:35:41'),(46,'IRP Fleet 1',25,'',1,1,0,32,'2021-08-24 18:15:20',32,'2021-08-24 18:15:20'),(47,'Intra',25,'',0,1,0,32,'2021-08-24 18:15:39',32,'2021-08-24 18:15:39'),(48,'NY HUT Non-IFTA',25,'',0,1,1,32,'2021-08-24 18:15:57',32,'2021-08-24 18:48:11'),(49,'Trailers',25,'',0,1,0,32,'2021-08-24 18:16:03',32,'2021-08-24 18:16:03'),(50,'IFTA Fleet',29,'',1,1,1,42,'2021-09-13 18:09:33',42,'2021-09-13 18:11:40'),(51,'IRP Fleet 1',29,'',1,1,0,42,'2021-09-13 18:11:55',42,'2021-09-13 18:11:55'),(52,'Intra Tractor Fleet',29,'',0,1,0,42,'2021-09-13 18:22:52',42,'2021-09-13 18:22:52'),(53,'Aircraft',8,'',0,1,0,11,'2021-09-28 17:54:00',11,'2021-09-28 17:54:00'),(54,'IRP Fleet 1',30,'',1,1,0,43,'2021-09-30 14:25:55',43,'2021-09-30 14:25:55'),(55,'Non Taxable Rentals',30,'',0,1,0,43,'2021-09-30 14:26:04',43,'2021-09-30 14:26:04'),(56,'IRP Fleet 1',31,'',1,1,0,44,'2021-09-30 20:39:03',44,'2021-09-30 20:39:03');
/*!40000 ALTER TABLE `trs_tbl_fleets` ENABLE KEYS */;
UNLOCK TABLES;

--
-- Table structure for table `trs_tbl_home_alerts`
--

DROP TABLE IF EXISTS `trs_tbl_home_alerts`;
/*!40101 SET @saved_cs_client     = @@character_set_client */;
/*!50503 SET character_set_client = utf8mb4 */;
CREATE TABLE `trs_tbl_home_alerts` (
  `document_id` bigint NOT NULL AUTO_INCREMENT,
  `carrier_id` bigint NOT NULL,
  `documentName` varchar(50) NOT NULL,
  `documentType` varchar(50) NOT NULL,
  `referene` varchar(30) NOT NULL,
  `expiringDate` date NOT NULL,
  `difference` varchar(3) NOT NULL,
  `document` varchar(150) NOT NULL,
  `is_deleted` tinyint(1) NOT NULL DEFAULT '0',
  `created_date` datetime NOT NULL DEFAULT CURRENT_TIMESTAMP,
  PRIMARY KEY (`document_id`),
  KEY `alerts_carrier_id_constraint` (`carrier_id`),
  CONSTRAINT `alerts_carrier_id_constraint` FOREIGN KEY (`carrier_id`) REFERENCES `trs_tbl_carriers` (`carrier_id`)
) ENGINE=InnoDB DEFAULT CHARSET=utf8mb4 COLLATE=utf8mb4_0900_ai_ci;
/*!40101 SET character_set_client = @saved_cs_client */;

--
-- Dumping data for table `trs_tbl_home_alerts`
--

LOCK TABLES `trs_tbl_home_alerts` WRITE;
/*!40000 ALTER TABLE `trs_tbl_home_alerts` DISABLE KEYS */;
/*!40000 ALTER TABLE `trs_tbl_home_alerts` ENABLE KEYS */;
UNLOCK TABLES;

--
-- Table structure for table `trs_tbl_ifta_assets`
--

DROP TABLE IF EXISTS `trs_tbl_ifta_assets`;
/*!40101 SET @saved_cs_client     = @@character_set_client */;
/*!50503 SET character_set_client = utf8mb4 */;
CREATE TABLE `trs_tbl_ifta_assets` (
  `ifta_asset_id` bigint NOT NULL AUTO_INCREMENT,
  `ifta_year_id` bigint NOT NULL,
  `carrier_id` bigint DEFAULT NULL,
  `fleet_id` bigint NOT NULL,
  `asset_id` bigint NOT NULL,
  `decal_first` varchar(10) NOT NULL,
  `decal_second` varchar(10) NOT NULL,
  `is_deleted` tinyint(1) NOT NULL DEFAULT '0',
  `created_by` bigint NOT NULL,
  `created_date` datetime NOT NULL DEFAULT CURRENT_TIMESTAMP,
  `modified_by` bigint NOT NULL,
  `modified_date` datetime NOT NULL DEFAULT CURRENT_TIMESTAMP ON UPDATE CURRENT_TIMESTAMP,
  PRIMARY KEY (`ifta_asset_id`),
  KEY `ifta_fleet_id_constraint` (`fleet_id`),
  KEY `ifta_asset_id_constraint` (`asset_id`),
  KEY `ifta_year_id_constraint` (`ifta_year_id`),
  KEY `ifta_asset_carrier_id_constraint` (`carrier_id`),
  CONSTRAINT `ifta_asset_carrier_id_constraint` FOREIGN KEY (`carrier_id`) REFERENCES `trs_tbl_carriers` (`carrier_id`),
  CONSTRAINT `ifta_asset_id_constraint` FOREIGN KEY (`asset_id`) REFERENCES `trs_tbl_assets` (`asset_id`),
  CONSTRAINT `ifta_fleet_id_constraint` FOREIGN KEY (`fleet_id`) REFERENCES `trs_tbl_fleets` (`fleet_id`),
  CONSTRAINT `ifta_year_id_constraint` FOREIGN KEY (`ifta_year_id`) REFERENCES `trs_tbl_ifta_year` (`ifta_year_id`)
) ENGINE=InnoDB AUTO_INCREMENT=18 DEFAULT CHARSET=latin1;
/*!40101 SET character_set_client = @saved_cs_client */;

--
-- Dumping data for table `trs_tbl_ifta_assets`
--

LOCK TABLES `trs_tbl_ifta_assets` WRITE;
/*!40000 ALTER TABLE `trs_tbl_ifta_assets` DISABLE KEYS */;
INSERT INTO `trs_tbl_ifta_assets` VALUES (1,1,3,1,1,'123456789','123456790',0,4,'2020-10-26 12:06:55',4,'2020-10-26 12:08:05'),(2,1,3,1,2,'123456791','123456792',0,4,'2020-10-26 12:07:47',4,'2020-10-26 12:08:19'),(3,1,3,1,7,'45640','46547',1,3,'2020-11-02 14:36:54',3,'2020-11-02 14:57:44'),(4,1,3,1,7,'45646','46548',1,3,'2020-11-02 14:40:17',3,'2020-11-02 14:56:32'),(5,1,3,2,7,'46547','45640',1,3,'2020-11-02 14:57:24',3,'2020-11-02 14:57:39'),(6,1,3,2,5,'125896','125897',0,4,'2020-11-02 14:59:26',4,'2020-11-02 14:59:26'),(7,3,6,8,88,'123456789','123456790',0,8,'2020-11-28 20:01:30',8,'2020-11-28 20:01:30'),(8,1,3,1,53,'956587','956588',0,3,'2020-12-16 19:32:55',3,'2020-12-16 19:32:55'),(9,1,3,1,54,'956589','956590',0,3,'2020-12-16 19:32:55',3,'2020-12-16 19:32:55'),(10,1,3,1,55,'956591','596592',0,3,'2020-12-16 19:32:55',3,'2020-12-16 19:32:55'),(11,1,3,1,56,'956593','956594',0,3,'2020-12-16 19:32:55',3,'2020-12-16 19:32:55'),(12,1,3,1,57,'956595','956596',0,3,'2020-12-16 19:32:55',3,'2020-12-16 19:32:55'),(13,1,3,1,58,'956597','956598',0,3,'2020-12-16 19:32:55',3,'2020-12-16 19:32:55'),(14,1,3,1,59,'956599','956600',0,3,'2020-12-16 19:32:55',3,'2020-12-16 19:32:55'),(15,1,3,1,60,'956601','956602',0,3,'2020-12-16 19:32:55',3,'2020-12-16 19:32:55'),(16,1,3,1,61,'956603','956604',0,3,'2020-12-16 19:32:55',3,'2020-12-16 19:32:55'),(17,10,2,5,3,'1234','12345',0,2,'2020-12-17 21:12:29',2,'2020-12-17 21:12:29');
/*!40000 ALTER TABLE `trs_tbl_ifta_assets` ENABLE KEYS */;
UNLOCK TABLES;

--
-- Table structure for table `trs_tbl_ifta_year`
--

DROP TABLE IF EXISTS `trs_tbl_ifta_year`;
/*!40101 SET @saved_cs_client     = @@character_set_client */;
/*!50503 SET character_set_client = utf8mb4 */;
CREATE TABLE `trs_tbl_ifta_year` (
  `ifta_year_id` bigint NOT NULL AUTO_INCREMENT,
  `year_name` varchar(10) NOT NULL,
  `carrier_id` bigint NOT NULL,
  `year_document_path` varchar(255) DEFAULT NULL,
  `year_document_name` varchar(50) DEFAULT NULL,
  `document_exist` tinyint(1) NOT NULL DEFAULT '0',
  `is_removed_from_home` tinyint(1) NOT NULL DEFAULT '0',
  `comments` text,
  `is_deleted` tinyint(1) NOT NULL DEFAULT '0',
  `created_by` bigint NOT NULL,
  `created_date` datetime NOT NULL DEFAULT CURRENT_TIMESTAMP,
  `modified_by` bigint NOT NULL,
  `modified_date` datetime NOT NULL DEFAULT CURRENT_TIMESTAMP ON UPDATE CURRENT_TIMESTAMP,
  PRIMARY KEY (`ifta_year_id`)
) ENGINE=InnoDB AUTO_INCREMENT=21 DEFAULT CHARSET=latin1;
/*!40101 SET character_set_client = @saved_cs_client */;

--
-- Dumping data for table `trs_tbl_ifta_year`
--

LOCK TABLES `trs_tbl_ifta_year` WRITE;
/*!40000 ALTER TABLE `trs_tbl_ifta_year` DISABLE KEYS */;
INSERT INTO `trs_tbl_ifta_year` VALUES (1,'2020',3,'https://permishare.s3.us-east-2.amazonaws.com/dev/ifta-documents/IFTA_License.pdf','IFTA_License.pdf',1,0,'Unused decals kept in main filing cabinet, lower drawer. ',0,4,'2020-10-26 12:04:27',4,'2020-12-16 19:35:08'),(2,'2021',3,NULL,NULL,0,0,NULL,0,4,'2020-11-05 11:33:23',4,'2020-12-17 16:32:17'),(3,'2020',6,NULL,NULL,0,0,NULL,0,8,'2020-11-28 20:00:05',8,'2020-11-28 20:00:05'),(4,'2021',6,NULL,NULL,0,0,NULL,0,8,'2020-11-28 20:00:38',8,'2020-11-28 20:00:38'),(5,'2020',10,'https://permishare.s3.us-east-2.amazonaws.com/dev/ifta-documents/2020_IFTA_Licence.pdf','2020_IFTA_Licence.pdf',1,0,NULL,0,13,'2020-12-03 19:19:27',13,'2020-12-03 19:19:50'),(6,'2021',10,'https://permishare.s3.us-east-2.amazonaws.com/dev/ifta-documents/2021_IFTA_License.pdf','2021_IFTA_License.pdf',1,0,NULL,0,13,'2020-12-03 19:19:31',13,'2020-12-03 19:20:05'),(7,'2019',8,'https://permishare.s3.us-east-2.amazonaws.com/dev/ifta-documents/2019_IFTA_Licence.pdf','2019_IFTA_Licence.pdf',1,0,NULL,0,11,'2020-12-04 16:50:13',11,'2020-12-04 16:50:38'),(8,'2020',8,'https://permishare.s3.us-east-2.amazonaws.com/dev/ifta-documents/2020_IFTA_Licence.pdf','2020_IFTA_Licence.pdf',1,0,NULL,0,11,'2020-12-04 16:50:16',11,'2020-12-04 16:50:49'),(9,'2021',8,NULL,NULL,0,0,NULL,0,11,'2020-12-04 16:50:19',11,'2020-12-04 16:50:19'),(10,'2020',2,'https://permishare.s3.us-east-2.amazonaws.com/dev/ifta-documents/Asset_Sample_File_%285%29.xlsx','Asset_Sample_File_(5).xlsx',1,1,NULL,0,2,'2020-12-17 21:12:11',2,'2020-12-17 21:22:12'),(11,'2020',11,'https://permishare.s3.us-east-2.amazonaws.com/dev/ifta-documents/2020_IFTA_Licence_.pdf','2020_IFTA_Licence_.pdf',1,0,NULL,0,15,'2020-12-18 16:52:47',15,'2020-12-18 16:53:25'),(12,'2021',11,'https://permishare.s3.us-east-2.amazonaws.com/dev/ifta-documents/IFTA_License_2021.pdf','IFTA_License_2021.pdf',1,0,NULL,0,15,'2020-12-18 16:52:52',15,'2020-12-18 16:53:01'),(13,'2021',22,'https://permishare.s3.us-east-2.amazonaws.com/dev/ifta-documents/2021_IFTA_License.pdf','2021_IFTA_License.pdf',1,0,NULL,0,29,'2021-08-19 19:06:09',29,'2021-08-19 19:06:31'),(14,'2021',20,'https://permishare.s3.us-east-2.amazonaws.com/dev/ifta-documents/2021_IFTA_Licence.pdf','2021_IFTA_Licence.pdf',1,0,NULL,0,27,'2021-08-23 18:37:38',27,'2021-08-23 18:37:53'),(15,'2021',24,'https://permishare.s3.us-east-2.amazonaws.com/dev/ifta-documents/IFTA_License_2021.pdf','IFTA_License_2021.pdf',1,0,NULL,0,31,'2021-08-23 19:36:12',31,'2021-08-23 19:36:31'),(16,'2021',25,'https://permishare.s3.us-east-2.amazonaws.com/dev/ifta-documents/IFTA_License_2021.pdf','IFTA_License_2021.pdf',1,0,NULL,0,32,'2021-08-24 18:16:20',32,'2021-08-24 18:16:35'),(17,'2020',25,'https://permishare.s3.us-east-2.amazonaws.com/dev/ifta-documents/IFTA_Licence.pdf','IFTA_Licence.pdf',1,0,NULL,0,32,'2021-08-24 18:16:40',32,'2021-08-24 18:16:54'),(18,'2021',29,'https://permishare.s3.us-east-2.amazonaws.com/dev/ifta-documents/2021_IFTA_License.pdf','2021_IFTA_License.pdf',1,0,NULL,0,42,'2021-09-13 18:34:41',42,'2021-09-13 18:34:51'),(19,'2020',29,'https://permishare.s3.us-east-2.amazonaws.com/dev/ifta-documents/2020_IFTA_Licence.pdf','2020_IFTA_Licence.pdf',1,0,NULL,0,42,'2021-09-13 18:53:28',42,'2021-09-13 18:54:52'),(20,'2021',30,'https://permishare.s3.us-east-2.amazonaws.com/dev/ifta-documents/IFTA_License.pdf','IFTA_License.pdf',1,0,NULL,0,43,'2021-09-30 14:26:18',43,'2021-09-30 14:26:35');
/*!40000 ALTER TABLE `trs_tbl_ifta_year` ENABLE KEYS */;
UNLOCK TABLES;

--
-- Table structure for table `trs_tbl_irp`
--

DROP TABLE IF EXISTS `trs_tbl_irp`;
/*!40101 SET @saved_cs_client     = @@character_set_client */;
/*!50503 SET character_set_client = utf8mb4 */;
CREATE TABLE `trs_tbl_irp` (
  `irp_id` bigint NOT NULL AUTO_INCREMENT,
  `fleet_id` bigint NOT NULL,
  `carrier_id` bigint NOT NULL,
  `is_deleted` tinyint(1) NOT NULL DEFAULT '0',
  `created_by` bigint NOT NULL,
  `created_date` datetime NOT NULL DEFAULT CURRENT_TIMESTAMP,
  `modified_by` bigint NOT NULL,
  `modified_date` datetime NOT NULL DEFAULT CURRENT_TIMESTAMP ON UPDATE CURRENT_TIMESTAMP,
  PRIMARY KEY (`irp_id`),
  KEY `fleet_irp_id_constraint` (`fleet_id`),
  KEY `irp_carrier_id_constraint` (`carrier_id`),
  CONSTRAINT `fleet_irp_id_constraint` FOREIGN KEY (`fleet_id`) REFERENCES `trs_tbl_fleets` (`fleet_id`),
  CONSTRAINT `irp_carrier_id_constraint` FOREIGN KEY (`carrier_id`) REFERENCES `trs_tbl_carriers` (`carrier_id`)
) ENGINE=InnoDB AUTO_INCREMENT=16 DEFAULT CHARSET=latin1;
/*!40101 SET character_set_client = @saved_cs_client */;

--
-- Dumping data for table `trs_tbl_irp`
--

LOCK TABLES `trs_tbl_irp` WRITE;
/*!40000 ALTER TABLE `trs_tbl_irp` DISABLE KEYS */;
INSERT INTO `trs_tbl_irp` VALUES (1,1,3,0,4,'2020-10-24 13:21:38',4,'2020-10-24 13:21:38'),(2,2,3,0,4,'2020-11-05 21:31:45',4,'2020-11-05 21:31:45'),(3,8,6,0,8,'2020-11-28 17:51:27',8,'2020-11-28 17:51:27'),(4,9,6,0,8,'2020-11-28 17:52:04',8,'2020-11-28 17:52:04'),(5,14,3,0,3,'2020-12-03 18:35:59',3,'2020-12-03 18:35:59'),(6,15,10,0,13,'2020-12-03 19:18:12',13,'2020-12-03 19:18:12'),(7,24,8,0,11,'2020-12-04 16:41:28',11,'2020-12-04 16:41:28'),(8,25,8,0,11,'2020-12-04 16:42:45',11,'2020-12-04 16:42:45'),(9,32,11,0,15,'2020-12-18 16:45:02',15,'2020-12-18 16:45:02'),(10,37,22,0,29,'2021-08-23 18:11:03',29,'2021-08-23 18:11:03'),(11,38,20,0,27,'2021-08-23 19:20:04',27,'2021-08-23 19:20:04'),(12,40,24,0,31,'2021-08-24 16:00:42',31,'2021-08-24 16:00:42'),(13,46,25,0,32,'2021-08-27 18:02:38',32,'2021-08-27 18:02:38'),(14,51,29,0,42,'2021-09-13 18:38:12',42,'2021-09-13 18:38:12'),(15,54,30,0,43,'2021-09-30 16:03:40',43,'2021-09-30 16:03:40');
/*!40000 ALTER TABLE `trs_tbl_irp` ENABLE KEYS */;
UNLOCK TABLES;

--
-- Table structure for table `trs_tbl_irp_fleet_documents`
--

DROP TABLE IF EXISTS `trs_tbl_irp_fleet_documents`;
/*!40101 SET @saved_cs_client     = @@character_set_client */;
/*!50503 SET character_set_client = utf8mb4 */;
CREATE TABLE `trs_tbl_irp_fleet_documents` (
  `document_id` bigint NOT NULL AUTO_INCREMENT,
  `document_name` varchar(255) NOT NULL,
  `irp_id` bigint NOT NULL,
  `fleet_id` bigint NOT NULL,
  `year_id` bigint NOT NULL,
  `document_path` varchar(255) NOT NULL,
  `document_originalname` varchar(255) NOT NULL,
  `is_deleted` tinyint(1) NOT NULL DEFAULT '0',
  `is_removed_from_home` tinyint(1) NOT NULL DEFAULT '0',
  `created_by` bigint NOT NULL,
  `created_date` datetime NOT NULL DEFAULT CURRENT_TIMESTAMP,
  `modified_by` bigint NOT NULL,
  `modified_date` datetime NOT NULL DEFAULT CURRENT_TIMESTAMP ON UPDATE CURRENT_TIMESTAMP,
  PRIMARY KEY (`document_id`),
  KEY `irp_fleet_documents_id_constraint` (`irp_id`),
  KEY `fleet_irp_documents_id_constraint` (`fleet_id`),
  KEY `year_irp_documents_id_constraint` (`year_id`),
  CONSTRAINT `fleet_irp_documents_id_constraint` FOREIGN KEY (`fleet_id`) REFERENCES `trs_tbl_fleets` (`fleet_id`),
  CONSTRAINT `irp_fleet_documents_id_constraint` FOREIGN KEY (`irp_id`) REFERENCES `trs_tbl_irp` (`irp_id`),
  CONSTRAINT `year_irp_documents_id_constraint` FOREIGN KEY (`year_id`) REFERENCES `trs_tbl_irp_fleet_year` (`year_id`)
) ENGINE=InnoDB AUTO_INCREMENT=21 DEFAULT CHARSET=latin1;
/*!40101 SET character_set_client = @saved_cs_client */;

--
-- Dumping data for table `trs_tbl_irp_fleet_documents`
--

LOCK TABLES `trs_tbl_irp_fleet_documents` WRITE;
/*!40000 ALTER TABLE `trs_tbl_irp_fleet_documents` DISABLE KEYS */;
INSERT INTO `trs_tbl_irp_fleet_documents` VALUES (1,'Apportioned Cab Cards @ Renewa',1,1,1,'https://permishare.s3.us-east-2.amazonaws.com/dev/fleet-documents/Apportioned_Cab_Card.pdf','Apportioned_Cab_Card.pdf',1,0,4,'2020-10-24 13:24:03',4,'2020-10-24 13:25:48'),(2,'Cab Cards @ Renewal',1,1,1,'https://permishare.s3.us-east-2.amazonaws.com/dev/fleet-documents/Apportioned_Cab_Card.pdf','Apportioned_Cab_Card.pdf',1,0,4,'2020-10-24 13:26:46',4,'2020-12-17 16:27:30'),(3,'IRP FLT 1 Cab Cards at Renewal',3,8,4,'https://permishare.s3.us-east-2.amazonaws.com/dev/fleet-documents/Cab_Cards_at_Renewal.pdf','Cab_Cards_at_Renewal.pdf',0,0,8,'2020-11-28 19:57:14',8,'2020-11-28 19:57:14'),(4,'IRP FLT 2 Cab Cards at Renewal',4,9,5,'https://permishare.s3.us-east-2.amazonaws.com/dev/fleet-documents/Cab_Cards_At_Renewal.pdf','Cab_Cards_At_Renewal.pdf',0,0,8,'2020-11-28 19:57:53',8,'2020-11-28 19:57:53'),(5,'IRP FLT 1 Cab Cards at Renewal',3,8,6,'https://permishare.s3.us-east-2.amazonaws.com/dev/fleet-documents/Cab_Cards_at_Renewal.pdf','Cab_Cards_at_Renewal.pdf',0,0,8,'2020-11-30 16:20:04',8,'2020-11-30 16:20:04'),(6,'IRP Cab Cards at Renewal',6,15,8,'https://permishare.s3.us-east-2.amazonaws.com/dev/fleet-documents/cab_cards_at_renewal.pdf','cab_cards_at_renewal.pdf',0,0,13,'2020-12-03 19:19:01',13,'2020-12-03 19:19:01'),(7,'IRP Cab Cards at Renewal',6,15,9,'https://permishare.s3.us-east-2.amazonaws.com/dev/fleet-documents/cab_cards_at_renewal.pdf','cab_cards_at_renewal.pdf',0,0,13,'2020-12-03 19:23:51',13,'2020-12-03 19:23:51'),(8,'IRP Cab Cards at Renewal',8,25,11,'https://permishare.s3.us-east-2.amazonaws.com/dev/fleet-documents/cab_cards_at_renewal.pdf','cab_cards_at_renewal.pdf',0,0,11,'2020-12-04 16:45:16',11,'2020-12-04 16:45:16'),(9,'IRP Cab Cards at Renewal',7,24,12,'https://permishare.s3.us-east-2.amazonaws.com/dev/fleet-documents/cab_cards_at_renewal.pdf','cab_cards_at_renewal.pdf',0,0,11,'2020-12-04 16:48:05',11,'2020-12-04 16:48:05'),(10,'Cab Cards at Renewal',8,25,13,'https://permishare.s3.us-east-2.amazonaws.com/dev/fleet-documents/cab_cards_at_renewal.pdf','cab_cards_at_renewal.pdf',1,0,11,'2020-12-04 16:49:22',11,'2020-12-04 16:49:37'),(11,'IRP Cab Cards at Renewal',8,25,13,'https://permishare.s3.us-east-2.amazonaws.com/dev/fleet-documents/cab_cards_at_renewal.pdf','cab_cards_at_renewal.pdf',0,0,11,'2020-12-04 16:49:58',11,'2020-12-04 16:49:58'),(12,'Cab Cards @ Renewal',5,14,7,'https://permishare.s3.us-east-2.amazonaws.com/dev/fleet-documents/Apportioned_Cab_Card.pdf','Apportioned_Cab_Card.pdf',0,0,3,'2020-12-16 18:21:09',3,'2020-12-16 18:21:09'),(13,'Cab Cards @ Renewal',1,1,14,'https://permishare.s3.us-east-2.amazonaws.com/dev/fleet-documents/Apportioned_Cab_Card.pdf','Apportioned_Cab_Card.pdf',0,0,3,'2020-12-17 16:30:32',3,'2020-12-17 16:30:32'),(14,'Cab Cards @ Renewal',1,1,15,'https://permishare.s3.us-east-2.amazonaws.com/dev/fleet-documents/Apportioned_Cab_Card.pdf','Apportioned_Cab_Card.pdf',0,0,3,'2020-12-17 16:30:59',3,'2020-12-17 16:30:59'),(15,'IRP FLT 1 Cab Cards at Renewal',9,32,16,'https://permishare.s3.us-east-2.amazonaws.com/dev/fleet-documents/Cab_Cards_at_Renewal.pdf','Cab_Cards_at_Renewal.pdf',0,0,15,'2020-12-18 18:59:17',15,'2020-12-18 18:59:17'),(16,'IRP FLT 1 Renewal App. 2021',10,37,17,'https://permishare.s3.us-east-2.amazonaws.com/dev/fleet-documents/Renewal_Application_PRIO.pdf','Renewal_Application_PRIO.pdf',0,0,29,'2021-08-23 18:18:58',29,'2021-08-23 18:18:58'),(17,'IRP Fee Notice',11,38,18,'https://permishare.s3.us-east-2.amazonaws.com/dev/fleet-documents/Fee_Notice_Supp000.pdf','Fee_Notice_Supp000.pdf',0,0,27,'2021-08-23 19:45:43',27,'2021-08-23 19:45:43'),(18,'IRP FLT 1 Cab Cards at Renewal',6,15,19,'https://permishare.s3.us-east-2.amazonaws.com/dev/fleet-documents/IRP_FLT_1_Cab_Cards_at_Renewal_2022.pdf','IRP_FLT_1_Cab_Cards_at_Renewal_2022.pdf',0,0,13,'2021-08-24 18:32:02',13,'2021-08-24 18:32:02'),(19,'IRP FLT 2 Cab Cards at Renewal',4,9,21,'https://permishare.s3.amazonaws.com/dev/fleet-documents/cab_cards_at_renewal.pdf','cab_cards_at_renewal.pdf',0,0,8,'2021-09-09 15:05:35',8,'2021-09-09 15:05:35'),(20,'IRP FLT 1 Cab Cards at Renewal',14,51,22,'https://permishare.s3.us-east-2.amazonaws.com/dev/fleet-documents/cab_cards_at_renewal.pdf','cab_cards_at_renewal.pdf',0,0,42,'2021-09-13 18:40:22',42,'2021-09-13 18:40:22');
/*!40000 ALTER TABLE `trs_tbl_irp_fleet_documents` ENABLE KEYS */;
UNLOCK TABLES;

--
-- Table structure for table `trs_tbl_irp_fleet_year`
--

DROP TABLE IF EXISTS `trs_tbl_irp_fleet_year`;
/*!40101 SET @saved_cs_client     = @@character_set_client */;
/*!50503 SET character_set_client = utf8mb4 */;
CREATE TABLE `trs_tbl_irp_fleet_year` (
  `year_id` bigint NOT NULL AUTO_INCREMENT,
  `irp_id` bigint NOT NULL,
  `fleet_id` bigint NOT NULL,
  `carrier_id` bigint NOT NULL,
  `year_duration` varchar(255) NOT NULL,
  `inactive_date` date NOT NULL,
  `is_deleted` tinyint(1) NOT NULL DEFAULT '0',
  `created_by` bigint NOT NULL,
  `created_date` datetime NOT NULL DEFAULT CURRENT_TIMESTAMP,
  `modified_by` bigint NOT NULL,
  `modified_date` datetime NOT NULL DEFAULT CURRENT_TIMESTAMP ON UPDATE CURRENT_TIMESTAMP,
  PRIMARY KEY (`year_id`),
  KEY `irp_year_id_constraint` (`irp_id`),
  KEY `fleet_irp_year_constraint` (`fleet_id`),
  KEY `irp_fleet_year_carrier_id_constraint` (`carrier_id`),
  CONSTRAINT `fleet_irp_year_constraint` FOREIGN KEY (`fleet_id`) REFERENCES `trs_tbl_fleets` (`fleet_id`),
  CONSTRAINT `irp_fleet_year_carrier_id_constraint` FOREIGN KEY (`carrier_id`) REFERENCES `trs_tbl_carriers` (`carrier_id`),
  CONSTRAINT `irp_year_id_constraint` FOREIGN KEY (`irp_id`) REFERENCES `trs_tbl_irp` (`irp_id`)
) ENGINE=InnoDB AUTO_INCREMENT=24 DEFAULT CHARSET=latin1;
/*!40101 SET character_set_client = @saved_cs_client */;

--
-- Dumping data for table `trs_tbl_irp_fleet_year`
--

LOCK TABLES `trs_tbl_irp_fleet_year` WRITE;
/*!40000 ALTER TABLE `trs_tbl_irp_fleet_year` DISABLE KEYS */;
INSERT INTO `trs_tbl_irp_fleet_year` VALUES (1,1,1,3,'Nov 2020 - Oct 2019','2019-10-31',1,4,'2020-10-24 13:21:38',4,'2020-12-17 16:27:42'),(2,1,1,3,'May 2020 - Apr 2021','2021-04-30',1,4,'2020-11-05 21:31:05',4,'2020-11-05 21:31:22'),(3,2,2,3,'May 2020 - Apr 2021','2021-04-30',0,4,'2020-11-05 21:31:45',4,'2020-11-05 21:31:45'),(4,3,8,6,'Nov 2020 - Oct 2020','2020-10-31',1,8,'2020-11-28 17:51:27',8,'2020-11-30 16:13:42'),(5,4,9,6,'May 2020 - Apr 2021','2021-04-30',0,8,'2020-11-28 17:52:04',8,'2020-11-28 17:52:04'),(6,3,8,6,'Nov 2020 - Oct 2021','2021-10-31',0,8,'2020-11-30 16:15:00',8,'2020-11-30 16:15:00'),(7,5,14,3,'May 2020 - Apr 2021','2021-04-30',0,3,'2020-12-03 18:35:59',3,'2020-12-03 18:35:59'),(8,6,15,10,'Jul 2020 - Jun 2021','2021-06-30',0,13,'2020-12-03 19:18:12',13,'2020-12-03 19:18:12'),(9,6,15,10,'Jul 2019 - Jun 2020','2020-06-30',0,13,'2020-12-03 19:23:17',13,'2020-12-03 19:23:17'),(10,7,24,8,'Dec 2020 - Nov 2021','2021-11-30',0,11,'2020-12-04 16:41:28',11,'2020-12-04 16:41:28'),(11,8,25,8,'Feb 2020 - Jan 2021','2021-01-31',0,11,'2020-12-04 16:42:45',11,'2020-12-04 16:42:45'),(12,7,24,8,'Dec 2019 - Nov 2020','2020-11-30',0,11,'2020-12-04 16:46:32',11,'2020-12-04 16:46:32'),(13,8,25,8,'Feb 2019 - Jan 2020','2020-01-31',0,11,'2020-12-04 16:48:51',11,'2020-12-04 16:48:51'),(14,1,1,3,'Nov 2019 - Oct 2020','2020-10-31',0,3,'2020-12-17 16:28:18',3,'2020-12-17 16:28:18'),(15,1,1,3,'Nov 2020 - Oct 2021','2021-10-31',0,3,'2020-12-17 16:28:43',3,'2020-12-17 16:28:43'),(16,9,32,11,'Apr 2020 - Mar 2021','2021-03-31',0,15,'2020-12-18 16:45:02',15,'2020-12-18 16:45:02'),(17,10,37,22,'Jan 2021 - Dec 2021','2021-12-31',0,29,'2021-08-23 18:11:03',29,'2021-08-23 18:11:03'),(18,11,38,20,'Aug 2021 - Jul 2022','2022-07-31',0,27,'2021-08-23 19:44:14',27,'2021-08-23 19:44:14'),(19,6,15,10,'Jul 2021 - Jun 2022','2022-06-30',0,13,'2021-08-24 18:30:19',13,'2021-08-24 18:30:19'),(20,13,46,25,'Apr 2021 - Mar 2022','2022-03-31',0,32,'2021-08-27 18:03:11',32,'2021-08-27 18:03:11'),(21,4,9,6,'May 2021 - Apr 2022','2022-04-30',0,8,'2021-09-09 15:04:09',8,'2021-09-09 15:04:09'),(22,14,51,29,'Apr 2021 - Mar 2022','2022-03-31',0,42,'2021-09-13 18:39:20',42,'2021-09-13 18:39:20'),(23,15,54,30,'Jan 2021 - Dec 2021','2021-12-31',0,43,'2021-09-30 16:03:40',43,'2021-09-30 16:03:40');
/*!40000 ALTER TABLE `trs_tbl_irp_fleet_year` ENABLE KEYS */;
UNLOCK TABLES;

--
-- Table structure for table `trs_tbl_irp_weight_groups`
--

DROP TABLE IF EXISTS `trs_tbl_irp_weight_groups`;
/*!40101 SET @saved_cs_client     = @@character_set_client */;
/*!50503 SET character_set_client = utf8mb4 */;
CREATE TABLE `trs_tbl_irp_weight_groups` (
  `weight_group_id` bigint NOT NULL AUTO_INCREMENT,
  `irp_id` bigint NOT NULL,
  `max_weight_group` varchar(30) NOT NULL,
  `number_of_combined_axels` varchar(30) NOT NULL,
  `is_deleted` tinyint(1) NOT NULL DEFAULT '0',
  `created_by` bigint NOT NULL,
  `created_date` datetime NOT NULL DEFAULT CURRENT_TIMESTAMP,
  `modified_by` bigint NOT NULL,
  `modified_date` datetime NOT NULL DEFAULT CURRENT_TIMESTAMP ON UPDATE CURRENT_TIMESTAMP,
  PRIMARY KEY (`weight_group_id`),
  KEY `irp_weight_group_constraint` (`irp_id`),
  CONSTRAINT `irp_weight_group_constraint` FOREIGN KEY (`irp_id`) REFERENCES `trs_tbl_irp` (`irp_id`)
) ENGINE=InnoDB AUTO_INCREMENT=29 DEFAULT CHARSET=latin1;
/*!40101 SET character_set_client = @saved_cs_client */;

--
-- Dumping data for table `trs_tbl_irp_weight_groups`
--

LOCK TABLES `trs_tbl_irp_weight_groups` WRITE;
/*!40000 ALTER TABLE `trs_tbl_irp_weight_groups` DISABLE KEYS */;
INSERT INTO `trs_tbl_irp_weight_groups` VALUES (1,1,'80000 lbs','5',1,4,'2020-10-24 13:22:58',4,'2020-11-09 12:28:04'),(2,1,'100000 lbs','7',1,4,'2020-10-24 13:22:58',4,'2020-11-09 12:28:57'),(3,1,'80000 lbs','5',1,4,'2020-11-09 12:27:27',4,'2020-11-09 12:27:43'),(4,1,'1 - 80000 lbs','5',0,4,'2020-11-09 12:28:51',4,'2020-11-09 12:28:51'),(5,1,'2 - 46000 lbs','3',0,4,'2020-11-09 12:28:51',4,'2020-11-09 12:28:51'),(6,2,'1 - 92000 lbs','6',0,4,'2020-11-09 12:29:58',4,'2020-11-09 12:29:58'),(7,2,'2 - 46000 lbs','3',0,4,'2020-11-09 12:29:58',4,'2020-11-09 12:29:58'),(8,3,'42000','3',1,8,'2020-11-28 19:54:32',8,'2020-11-28 19:54:50'),(9,3,'1, 42,000 kgs','6',1,8,'2020-11-28 19:55:26',8,'2020-11-29 15:34:43'),(10,4,'1, 42,000 kgs','6',0,8,'2020-11-28 19:56:18',8,'2020-11-28 19:56:18'),(11,3,'4, 42,000 kgs, 80,000 lbs','6',1,8,'2020-11-29 15:34:16',8,'2020-11-29 15:35:27'),(12,3,'4, 42,000kgs, 80,000lbs','6',0,8,'2020-11-29 15:35:12',8,'2020-11-29 15:35:12'),(13,6,'1 - 40000 kg / 80000 lbs','5',1,13,'2020-12-03 19:22:51',13,'2020-12-03 21:54:56'),(14,6,'1, 40,000kgs, 80,000lbs','5',0,13,'2020-12-03 21:54:04',13,'2020-12-03 21:54:04'),(15,6,'1, 40,000kgs, 80,000lbs','5',1,13,'2020-12-03 21:54:44',13,'2020-12-03 21:55:06'),(16,7,'1 - 42000 kgs','6',1,11,'2020-12-04 19:10:11',11,'2020-12-04 19:11:10'),(17,7,'2 - 50000 kgs','7',1,11,'2020-12-04 19:10:11',11,'2020-12-04 19:11:11'),(18,8,'1 - 63500 kgs','9',0,11,'2020-12-04 19:11:04',11,'2020-12-04 19:11:04'),(19,8,'2 - 63500 kgs','7',0,11,'2020-12-04 19:11:04',11,'2020-12-04 19:11:04'),(20,7,'3 - 63500 kgs','11',0,11,'2020-12-04 19:11:43',11,'2020-12-04 19:11:43'),(21,7,'4 - 36287 kgs','6',0,11,'2020-12-04 19:11:43',11,'2020-12-04 19:11:43'),(22,9,'7, 63,500kgs, 80,000lbs','8',0,15,'2020-12-18 16:46:25',15,'2020-12-18 16:46:25'),(23,10,'1 - 40,000kg','5',0,29,'2021-08-23 18:44:41',29,'2021-08-23 18:44:41'),(24,11,'2 - 63,500kg','8',0,27,'2021-08-23 19:20:04',27,'2021-08-23 19:20:04'),(25,12,'1 - 36,500kgs','5',0,31,'2021-08-24 16:00:42',31,'2021-08-24 16:00:42'),(26,13,'1 - 37,000kgs','5',0,32,'2021-08-27 18:02:38',32,'2021-08-27 18:02:38'),(27,14,'2, 35000','7',0,42,'2021-09-13 18:38:12',42,'2021-09-13 18:38:12'),(28,15,'2, 37,000kgs, 80,000lbs','5',0,43,'2021-09-30 16:05:31',43,'2021-09-30 16:05:31');
/*!40000 ALTER TABLE `trs_tbl_irp_weight_groups` ENABLE KEYS */;
UNLOCK TABLES;

--
-- Table structure for table `trs_tbl_irs`
--

DROP TABLE IF EXISTS `trs_tbl_irs`;
/*!40101 SET @saved_cs_client     = @@character_set_client */;
/*!50503 SET character_set_client = utf8mb4 */;
CREATE TABLE `trs_tbl_irs` (
  `irs_id` bigint NOT NULL AUTO_INCREMENT,
  `year` varchar(30) NOT NULL,
  `is_deleted` tinyint(1) NOT NULL DEFAULT '0',
  `start_date` date NOT NULL,
  `end_date` date NOT NULL,
  `carrier_id` bigint NOT NULL,
  `created_by` bigint NOT NULL,
  `created_date` datetime NOT NULL DEFAULT CURRENT_TIMESTAMP,
  `modified_by` bigint NOT NULL,
  `modified_date` datetime NOT NULL DEFAULT CURRENT_TIMESTAMP ON UPDATE CURRENT_TIMESTAMP,
  PRIMARY KEY (`irs_id`),
  KEY `irs_carrier_id_constraint` (`carrier_id`),
  CONSTRAINT `irs_carrier_id_constraint` FOREIGN KEY (`carrier_id`) REFERENCES `trs_tbl_carriers` (`carrier_id`)
) ENGINE=InnoDB AUTO_INCREMENT=22 DEFAULT CHARSET=latin1;
/*!40101 SET character_set_client = @saved_cs_client */;

--
-- Dumping data for table `trs_tbl_irs`
--

LOCK TABLES `trs_tbl_irs` WRITE;
/*!40000 ALTER TABLE `trs_tbl_irs` DISABLE KEYS */;
INSERT INTO `trs_tbl_irs` VALUES (1,'Jan 2020 - Dec 2020',0,'2020-01-01','2020-12-31',2,2,'2020-10-23 15:02:38',2,'2020-10-23 15:02:38'),(2,'Jul 2020 - Jun 2021',0,'2020-07-01','2021-06-30',3,4,'2020-10-25 20:45:58',4,'2020-10-25 20:45:58'),(3,'Jul 2019 - Jun 2020',0,'2019-07-01','2020-06-30',3,4,'2020-11-01 23:56:35',4,'2020-11-01 23:56:35'),(4,'Jul 2018 - Jun 2019',0,'2018-07-01','2019-06-30',3,4,'2020-11-01 23:57:11',4,'2020-11-01 23:57:11'),(5,'Jul 2017 - Jun 2018',0,'2017-07-01','2018-06-30',3,4,'2020-11-01 23:57:42',4,'2020-11-01 23:57:42'),(6,'Jul 2016 - Jun 2017',1,'2016-07-01','2017-06-30',3,4,'2020-11-01 23:59:41',4,'2020-12-16 20:27:35'),(7,'Jul 2020 - Jun 2021',0,'2020-07-01','2021-06-30',6,8,'2020-11-28 20:06:40',8,'2020-11-28 20:06:40'),(8,'Jul 2019 - Jun 2020',0,'2019-07-01','2020-06-30',6,8,'2020-11-28 20:07:44',8,'2020-11-28 20:07:44'),(9,'Jul 2020 - Jun 2021',0,'2020-07-01','2021-06-30',10,13,'2020-12-04 15:33:55',13,'2020-12-04 15:33:55'),(10,'Jul 2019 - Jun 2020',0,'2019-07-01','2020-06-30',10,13,'2020-12-04 15:38:15',13,'2020-12-04 15:38:15'),(11,'Jul 2019 - Jun 2020',0,'2019-07-01','2020-06-30',8,11,'2020-12-14 15:18:17',11,'2020-12-14 15:18:17'),(12,'Jul 2020 - Jun 2021',0,'2020-07-01','2021-06-30',8,11,'2020-12-14 15:18:33',11,'2020-12-14 15:18:33'),(13,'Jul 2020 - Jun 2021',0,'2020-07-01','2021-06-30',11,15,'2020-12-18 16:54:11',15,'2020-12-18 16:54:11'),(14,'Jul 2019 - Jun 2020',0,'2019-07-01','2020-06-30',11,15,'2020-12-18 21:29:39',15,'2020-12-18 21:29:39'),(15,'Jul 2021 - Jun 2022',0,'2021-07-01','2022-06-30',22,29,'2021-08-23 18:40:10',29,'2021-08-23 18:40:10'),(16,'Jul 2021 - Jun 2022',0,'2021-07-01','2022-06-30',24,31,'2021-08-24 14:47:25',31,'2021-08-24 14:47:25'),(17,'Jul 2021 - Jun 2022',0,'2021-07-01','2022-06-30',10,13,'2021-08-24 18:46:10',13,'2021-08-24 18:46:10'),(18,'Jul 2021 - Jun 2022',0,'2021-07-01','2022-06-30',25,32,'2021-08-24 19:33:16',32,'2021-08-24 19:33:16'),(19,'Jul 2021 - Jun 2022',0,'2021-07-01','2022-06-30',6,8,'2021-09-09 20:23:06',8,'2021-09-09 20:23:06'),(20,'Jul 2021 - Jun 2022',0,'2021-07-01','2022-06-30',29,42,'2021-09-13 18:41:01',42,'2021-09-13 18:41:01'),(21,'Jul 2021 - Jun 2022',0,'2021-07-01','2022-06-30',30,43,'2021-09-30 15:55:36',43,'2021-09-30 15:55:36');
/*!40000 ALTER TABLE `trs_tbl_irs` ENABLE KEYS */;
UNLOCK TABLES;

--
-- Table structure for table `trs_tbl_irs_assets_for_document`
--

DROP TABLE IF EXISTS `trs_tbl_irs_assets_for_document`;
/*!40101 SET @saved_cs_client     = @@character_set_client */;
/*!50503 SET character_set_client = utf8mb4 */;
CREATE TABLE `trs_tbl_irs_assets_for_document` (
  `asset_document_id` bigint NOT NULL AUTO_INCREMENT,
  `document_id` bigint NOT NULL,
  `asset_id` bigint NOT NULL,
  `status` tinyint(1) NOT NULL COMMENT '1-->Yes  0-->No',
  `created_by` bigint NOT NULL,
  `created_date` datetime NOT NULL DEFAULT CURRENT_TIMESTAMP,
  `modified_by` bigint NOT NULL,
  `modified_date` datetime NOT NULL DEFAULT CURRENT_TIMESTAMP ON UPDATE CURRENT_TIMESTAMP,
  PRIMARY KEY (`asset_document_id`),
  KEY `irs_document_asset_constraint` (`document_id`),
  KEY `irs_assets_id_constraint` (`asset_id`),
  CONSTRAINT `irs_assets_id_constraint` FOREIGN KEY (`asset_id`) REFERENCES `trs_tbl_assets` (`asset_id`),
  CONSTRAINT `irs_document_asset_constraint` FOREIGN KEY (`document_id`) REFERENCES `trs_tbl_irs_year_documents` (`document_id`)
) ENGINE=InnoDB AUTO_INCREMENT=393 DEFAULT CHARSET=latin1;
/*!40101 SET character_set_client = @saved_cs_client */;

--
-- Dumping data for table `trs_tbl_irs_assets_for_document`
--

LOCK TABLES `trs_tbl_irs_assets_for_document` WRITE;
/*!40000 ALTER TABLE `trs_tbl_irs_assets_for_document` DISABLE KEYS */;
INSERT INTO `trs_tbl_irs_assets_for_document` VALUES (1,1,1,1,4,'2020-10-29 01:08:19',4,'2020-10-29 01:08:19'),(2,1,2,1,4,'2020-10-29 01:08:19',4,'2020-10-29 01:08:19'),(3,2,1,1,4,'2020-11-02 00:00:29',4,'2020-11-02 00:00:29'),(4,2,2,1,4,'2020-11-02 00:00:29',4,'2020-11-02 00:00:29'),(5,3,1,0,4,'2020-11-02 00:08:31',4,'2020-11-02 00:08:31'),(6,3,2,1,4,'2020-11-02 00:08:31',4,'2020-11-02 00:08:31'),(7,4,90,1,8,'2020-11-28 20:10:53',8,'2020-11-28 20:10:53'),(8,4,109,1,8,'2020-11-28 20:10:53',8,'2020-11-28 20:10:53'),(9,4,110,1,8,'2020-11-28 20:10:53',8,'2020-11-28 20:10:53'),(10,4,113,1,8,'2020-11-28 20:10:53',8,'2020-11-28 20:10:53'),(11,4,119,1,8,'2020-11-28 20:10:53',8,'2020-11-28 20:10:53'),(12,4,120,1,8,'2020-11-28 20:10:53',8,'2020-11-28 20:10:53'),(13,4,121,1,8,'2020-11-28 20:10:53',8,'2020-11-28 20:10:53'),(14,4,126,1,8,'2020-11-28 20:10:53',8,'2020-11-28 20:10:53'),(15,4,127,1,8,'2020-11-28 20:10:53',8,'2020-11-28 20:10:53'),(16,4,128,1,8,'2020-11-28 20:10:53',8,'2020-11-28 20:10:53'),(17,4,129,1,8,'2020-11-28 20:10:53',8,'2020-11-28 20:10:53'),(18,4,130,1,8,'2020-11-28 20:10:53',8,'2020-11-28 20:10:53'),(19,4,133,0,8,'2020-11-28 20:10:53',8,'2020-11-28 20:10:53'),(20,4,137,0,8,'2020-11-28 20:10:53',8,'2020-11-28 20:10:53'),(21,4,139,0,8,'2020-11-28 20:10:53',8,'2020-11-28 20:10:53'),(22,4,140,0,8,'2020-11-28 20:10:53',8,'2020-11-28 20:10:53'),(23,4,141,0,8,'2020-11-28 20:10:53',8,'2020-11-28 20:10:53'),(24,4,142,0,8,'2020-11-28 20:10:53',8,'2020-11-28 20:10:53'),(25,4,144,0,8,'2020-11-28 20:10:53',8,'2020-11-28 20:10:53'),(26,4,107,1,8,'2020-11-28 20:10:53',8,'2020-11-28 20:10:53'),(27,4,108,1,8,'2020-11-28 20:10:53',8,'2020-11-28 20:10:53'),(28,4,111,1,8,'2020-11-28 20:10:53',8,'2020-11-28 20:10:53'),(29,4,112,1,8,'2020-11-28 20:10:53',8,'2020-11-28 20:10:53'),(30,4,114,1,8,'2020-11-28 20:10:53',8,'2020-11-28 20:10:53'),(31,4,115,1,8,'2020-11-28 20:10:53',8,'2020-11-28 20:10:53'),(32,4,116,1,8,'2020-11-28 20:10:53',8,'2020-11-28 20:10:53'),(33,4,117,1,8,'2020-11-28 20:10:53',8,'2020-11-28 20:10:53'),(34,4,118,1,8,'2020-11-28 20:10:53',8,'2020-11-28 20:10:53'),(35,4,122,1,8,'2020-11-28 20:10:53',8,'2020-11-28 20:10:53'),(36,4,123,1,8,'2020-11-28 20:10:53',8,'2020-11-28 20:10:53'),(37,4,124,1,8,'2020-11-28 20:10:53',8,'2020-11-28 20:10:53'),(38,4,125,1,8,'2020-11-28 20:10:53',8,'2020-11-28 20:10:53'),(39,4,131,1,8,'2020-11-28 20:10:53',8,'2020-11-28 20:10:53'),(40,4,132,1,8,'2020-11-28 20:10:53',8,'2020-11-28 20:10:53'),(41,4,134,0,8,'2020-11-28 20:10:53',8,'2020-11-28 20:10:53'),(42,4,135,0,8,'2020-11-28 20:10:53',8,'2020-11-28 20:10:53'),(43,4,136,0,8,'2020-11-28 20:10:53',8,'2020-11-28 20:10:53'),(44,4,138,0,8,'2020-11-28 20:10:53',8,'2020-11-28 20:10:53'),(45,4,143,0,8,'2020-11-28 20:10:53',8,'2020-11-28 20:10:53'),(46,4,145,1,8,'2020-11-28 20:10:53',8,'2020-11-28 20:10:53'),(47,4,146,1,8,'2020-11-28 20:10:53',8,'2020-11-28 20:10:53'),(48,5,173,1,13,'2020-12-04 15:35:51',13,'2020-12-04 15:35:51'),(49,5,174,1,13,'2020-12-04 15:35:51',13,'2020-12-04 15:35:51'),(50,5,179,0,13,'2020-12-04 15:35:51',13,'2020-12-04 15:35:51'),(51,5,180,0,13,'2020-12-04 15:35:51',13,'2020-12-04 15:35:51'),(52,5,181,0,13,'2020-12-04 15:35:51',13,'2020-12-04 15:35:51'),(53,5,189,0,13,'2020-12-04 15:35:51',13,'2020-12-04 15:35:51'),(54,5,190,0,13,'2020-12-04 15:35:51',13,'2020-12-04 15:35:51'),(55,5,192,0,13,'2020-12-04 15:35:51',13,'2020-12-04 15:35:51'),(56,5,193,0,13,'2020-12-04 15:35:51',13,'2020-12-04 15:35:51'),(57,5,194,0,13,'2020-12-04 15:35:51',13,'2020-12-04 15:35:51'),(58,5,195,0,13,'2020-12-04 15:35:51',13,'2020-12-04 15:35:51'),(59,5,196,0,13,'2020-12-04 15:35:51',13,'2020-12-04 15:35:51'),(60,5,197,0,13,'2020-12-04 15:35:51',13,'2020-12-04 15:35:51'),(61,6,173,1,13,'2020-12-04 15:38:47',13,'2020-12-04 15:38:47'),(62,6,174,1,13,'2020-12-04 15:38:47',13,'2020-12-04 15:38:47'),(63,6,179,0,13,'2020-12-04 15:38:47',13,'2020-12-04 15:38:47'),(64,6,180,0,13,'2020-12-04 15:38:47',13,'2020-12-04 15:38:47'),(65,6,181,0,13,'2020-12-04 15:38:47',13,'2020-12-04 15:38:47'),(66,6,189,0,13,'2020-12-04 15:38:47',13,'2020-12-04 15:38:47'),(67,6,190,0,13,'2020-12-04 15:38:47',13,'2020-12-04 15:38:47'),(68,6,192,0,13,'2020-12-04 15:38:47',13,'2020-12-04 15:38:47'),(69,6,193,0,13,'2020-12-04 15:38:47',13,'2020-12-04 15:38:47'),(70,6,194,0,13,'2020-12-04 15:38:47',13,'2020-12-04 15:38:47'),(71,6,195,0,13,'2020-12-04 15:38:47',13,'2020-12-04 15:38:47'),(72,6,196,0,13,'2020-12-04 15:38:47',13,'2020-12-04 15:38:47'),(73,6,197,0,13,'2020-12-04 15:38:47',13,'2020-12-04 15:38:47'),(74,7,198,1,11,'2020-12-14 15:19:22',11,'2020-12-14 15:20:51'),(75,7,199,0,11,'2020-12-14 15:19:22',11,'2020-12-14 15:19:22'),(76,7,200,0,11,'2020-12-14 15:19:22',11,'2020-12-14 15:19:22'),(77,7,201,0,11,'2020-12-14 15:19:22',11,'2020-12-14 15:19:22'),(78,7,202,1,11,'2020-12-14 15:19:22',11,'2020-12-14 15:20:51'),(79,7,203,1,11,'2020-12-14 15:19:22',11,'2020-12-14 15:20:51'),(80,7,204,1,11,'2020-12-14 15:19:22',11,'2020-12-14 15:20:51'),(81,7,205,1,11,'2020-12-14 15:19:22',11,'2020-12-14 15:20:51'),(82,7,206,1,11,'2020-12-14 15:19:22',11,'2020-12-14 15:20:51'),(83,7,207,0,11,'2020-12-14 15:19:22',11,'2020-12-14 15:19:22'),(84,7,208,1,11,'2020-12-14 15:19:22',11,'2020-12-14 15:20:51'),(85,7,209,0,11,'2020-12-14 15:19:22',11,'2020-12-14 15:19:22'),(86,7,210,1,11,'2020-12-14 15:19:22',11,'2020-12-14 15:20:51'),(87,7,211,0,11,'2020-12-14 15:19:22',11,'2020-12-14 15:19:22'),(88,7,212,0,11,'2020-12-14 15:19:22',11,'2020-12-14 15:19:22'),(89,7,213,0,11,'2020-12-14 15:19:22',11,'2020-12-14 15:19:22'),(90,7,214,0,11,'2020-12-14 15:19:22',11,'2020-12-14 15:19:22'),(91,7,215,0,11,'2020-12-14 15:19:22',11,'2020-12-14 15:19:22'),(92,8,198,1,11,'2020-12-14 15:21:55',11,'2020-12-14 15:21:55'),(93,8,199,0,11,'2020-12-14 15:21:55',11,'2020-12-14 15:21:55'),(94,8,200,0,11,'2020-12-14 15:21:55',11,'2020-12-14 15:21:55'),(95,8,201,0,11,'2020-12-14 15:21:55',11,'2020-12-14 15:21:55'),(96,8,202,1,11,'2020-12-14 15:21:55',11,'2020-12-14 15:21:55'),(97,8,203,1,11,'2020-12-14 15:21:55',11,'2020-12-14 15:21:55'),(98,8,204,1,11,'2020-12-14 15:21:55',11,'2020-12-14 15:21:55'),(99,8,205,1,11,'2020-12-14 15:21:55',11,'2020-12-14 15:21:55'),(100,8,206,1,11,'2020-12-14 15:21:55',11,'2020-12-14 15:21:55'),(101,8,207,0,11,'2020-12-14 15:21:55',11,'2020-12-14 15:21:55'),(102,8,208,1,11,'2020-12-14 15:21:55',11,'2020-12-14 15:21:55'),(103,8,209,0,11,'2020-12-14 15:21:55',11,'2020-12-14 15:21:55'),(104,8,210,1,11,'2020-12-14 15:21:55',11,'2020-12-14 15:21:55'),(105,8,211,0,11,'2020-12-14 15:21:55',11,'2020-12-14 15:21:55'),(106,8,212,0,11,'2020-12-14 15:21:55',11,'2020-12-14 15:21:55'),(107,8,213,0,11,'2020-12-14 15:21:55',11,'2020-12-14 15:21:55'),(108,8,214,0,11,'2020-12-14 15:21:55',11,'2020-12-14 15:21:55'),(109,8,215,0,11,'2020-12-14 15:21:55',11,'2020-12-14 15:21:55'),(110,9,218,0,15,'2020-12-18 16:56:14',15,'2020-12-18 16:56:14'),(111,9,220,0,15,'2020-12-18 16:56:14',15,'2020-12-18 16:56:14'),(112,9,221,0,15,'2020-12-18 16:56:14',15,'2020-12-18 16:56:14'),(113,9,222,0,15,'2020-12-18 16:56:14',15,'2020-12-18 16:56:14'),(114,9,223,0,15,'2020-12-18 16:56:14',15,'2020-12-18 16:56:14'),(115,9,224,1,15,'2020-12-18 16:56:14',15,'2020-12-18 16:56:14'),(116,9,225,1,15,'2020-12-18 16:56:14',15,'2020-12-18 16:56:14'),(117,9,226,1,15,'2020-12-18 16:56:14',15,'2020-12-18 16:56:14'),(118,9,227,0,15,'2020-12-18 16:56:14',15,'2020-12-18 16:56:14'),(119,9,228,1,15,'2020-12-18 16:56:14',15,'2020-12-18 16:56:14'),(120,9,229,0,15,'2020-12-18 16:56:14',15,'2020-12-18 16:56:14'),(121,9,230,0,15,'2020-12-18 16:56:14',15,'2020-12-18 16:56:14'),(122,9,231,1,15,'2020-12-18 16:56:14',15,'2020-12-18 16:56:14'),(123,9,232,0,15,'2020-12-18 16:56:14',15,'2020-12-18 16:56:14'),(124,9,233,1,15,'2020-12-18 16:56:14',15,'2020-12-18 16:56:14'),(125,9,234,1,15,'2020-12-18 16:56:14',15,'2020-12-18 16:56:14'),(126,9,235,1,15,'2020-12-18 16:56:14',15,'2020-12-18 16:56:14'),(127,9,237,0,15,'2020-12-18 16:56:14',15,'2020-12-18 16:56:14'),(128,9,239,0,15,'2020-12-18 16:56:14',15,'2020-12-18 16:56:14'),(129,9,240,0,15,'2020-12-18 16:56:14',15,'2020-12-18 16:56:14'),(130,9,241,0,15,'2020-12-18 16:56:14',15,'2020-12-18 16:56:14'),(131,9,242,0,15,'2020-12-18 16:56:14',15,'2020-12-18 16:56:14'),(132,9,243,0,15,'2020-12-18 16:56:14',15,'2020-12-18 16:56:14'),(133,9,244,0,15,'2020-12-18 16:56:14',15,'2020-12-18 16:56:14'),(134,9,245,0,15,'2020-12-18 16:56:14',15,'2020-12-18 16:56:14'),(135,9,246,0,15,'2020-12-18 16:56:14',15,'2020-12-18 16:56:14'),(136,9,247,0,15,'2020-12-18 16:56:14',15,'2020-12-18 16:56:14'),(137,9,248,0,15,'2020-12-18 16:56:14',15,'2020-12-18 16:56:14'),(138,9,249,0,15,'2020-12-18 16:56:14',15,'2020-12-18 16:56:14'),(139,9,250,0,15,'2020-12-18 16:56:14',15,'2020-12-18 16:56:14'),(140,9,251,0,15,'2020-12-18 16:56:14',15,'2020-12-18 16:56:14'),(141,9,252,0,15,'2020-12-18 16:56:14',15,'2020-12-18 16:56:14'),(142,9,253,0,15,'2020-12-18 16:56:14',15,'2020-12-18 16:56:14'),(143,9,254,0,15,'2020-12-18 16:56:14',15,'2020-12-18 16:56:14'),(144,9,255,1,15,'2020-12-18 16:56:14',15,'2020-12-18 16:56:14'),(145,9,256,1,15,'2020-12-18 16:56:14',15,'2020-12-18 16:56:14'),(146,9,217,0,15,'2020-12-18 16:56:14',15,'2020-12-18 16:56:14'),(147,9,219,0,15,'2020-12-18 16:56:14',15,'2020-12-18 16:56:14'),(148,9,236,0,15,'2020-12-18 16:56:14',15,'2020-12-18 16:56:14'),(149,9,238,0,15,'2020-12-18 16:56:14',15,'2020-12-18 16:56:14'),(150,10,220,0,15,'2020-12-18 21:30:30',15,'2020-12-18 21:30:30'),(151,10,224,0,15,'2020-12-18 21:30:30',15,'2020-12-18 21:30:30'),(152,10,225,0,15,'2020-12-18 21:30:30',15,'2020-12-18 21:30:30'),(153,10,226,0,15,'2020-12-18 21:30:30',15,'2020-12-18 21:30:30'),(154,10,227,0,15,'2020-12-18 21:30:30',15,'2020-12-18 21:30:30'),(155,10,228,0,15,'2020-12-18 21:30:30',15,'2020-12-18 21:30:30'),(156,10,229,0,15,'2020-12-18 21:30:30',15,'2020-12-18 21:30:30'),(157,10,230,0,15,'2020-12-18 21:30:30',15,'2020-12-18 21:30:30'),(158,10,231,0,15,'2020-12-18 21:30:30',15,'2020-12-18 21:30:30'),(159,10,232,0,15,'2020-12-18 21:30:30',15,'2020-12-18 21:30:30'),(160,10,233,0,15,'2020-12-18 21:30:30',15,'2020-12-18 21:30:30'),(161,10,234,0,15,'2020-12-18 21:30:30',15,'2020-12-18 21:30:30'),(162,10,237,0,15,'2020-12-18 21:30:30',15,'2020-12-18 21:30:30'),(163,10,240,0,15,'2020-12-18 21:30:30',15,'2020-12-18 21:30:30'),(164,10,241,0,15,'2020-12-18 21:30:30',15,'2020-12-18 21:30:30'),(165,10,242,0,15,'2020-12-18 21:30:30',15,'2020-12-18 21:30:30'),(166,10,254,0,15,'2020-12-18 21:30:30',15,'2020-12-18 21:30:30'),(167,10,255,0,15,'2020-12-18 21:30:30',15,'2020-12-18 21:30:30'),(168,10,256,0,15,'2020-12-18 21:30:30',15,'2020-12-18 21:30:30'),(169,10,217,0,15,'2020-12-18 21:30:30',15,'2020-12-18 21:30:30'),(170,10,238,0,15,'2020-12-18 21:30:30',15,'2020-12-18 21:30:30'),(171,11,90,0,8,'2020-12-21 16:50:54',8,'2020-12-21 16:50:54'),(172,11,107,0,8,'2020-12-21 16:50:54',8,'2020-12-21 16:50:54'),(173,11,108,0,8,'2020-12-21 16:50:54',8,'2020-12-21 16:50:54'),(174,11,109,0,8,'2020-12-21 16:50:54',8,'2020-12-21 16:50:54'),(175,11,110,0,8,'2020-12-21 16:50:54',8,'2020-12-21 16:50:54'),(176,11,111,0,8,'2020-12-21 16:50:54',8,'2020-12-21 16:50:54'),(177,11,112,0,8,'2020-12-21 16:50:54',8,'2020-12-21 16:50:54'),(178,11,113,0,8,'2020-12-21 16:50:54',8,'2020-12-21 16:50:54'),(179,11,114,0,8,'2020-12-21 16:50:54',8,'2020-12-21 16:50:54'),(180,11,115,0,8,'2020-12-21 16:50:54',8,'2020-12-21 16:50:54'),(181,11,116,0,8,'2020-12-21 16:50:54',8,'2020-12-21 16:50:54'),(182,11,117,0,8,'2020-12-21 16:50:54',8,'2020-12-21 16:50:54'),(183,11,118,0,8,'2020-12-21 16:50:54',8,'2020-12-21 16:50:54'),(184,11,119,0,8,'2020-12-21 16:50:54',8,'2020-12-21 16:50:54'),(185,11,120,0,8,'2020-12-21 16:50:54',8,'2020-12-21 16:50:54'),(186,11,121,0,8,'2020-12-21 16:50:54',8,'2020-12-21 16:50:54'),(187,11,122,0,8,'2020-12-21 16:50:54',8,'2020-12-21 16:50:54'),(188,11,123,0,8,'2020-12-21 16:50:54',8,'2020-12-21 16:50:54'),(189,11,124,0,8,'2020-12-21 16:50:54',8,'2020-12-21 16:50:54'),(190,11,125,0,8,'2020-12-21 16:50:54',8,'2020-12-21 16:50:54'),(191,11,126,0,8,'2020-12-21 16:50:54',8,'2020-12-21 16:50:54'),(192,11,127,0,8,'2020-12-21 16:50:54',8,'2020-12-21 16:50:54'),(193,11,128,0,8,'2020-12-21 16:50:54',8,'2020-12-21 16:50:54'),(194,11,129,0,8,'2020-12-21 16:50:54',8,'2020-12-21 16:50:54'),(195,11,130,0,8,'2020-12-21 16:50:54',8,'2020-12-21 16:50:54'),(196,11,131,0,8,'2020-12-21 16:50:54',8,'2020-12-21 16:50:54'),(197,11,132,0,8,'2020-12-21 16:50:54',8,'2020-12-21 16:50:54'),(198,11,133,0,8,'2020-12-21 16:50:54',8,'2020-12-21 16:50:54'),(199,11,134,0,8,'2020-12-21 16:50:54',8,'2020-12-21 16:50:54'),(200,11,135,0,8,'2020-12-21 16:50:54',8,'2020-12-21 16:50:54'),(201,11,136,0,8,'2020-12-21 16:50:54',8,'2020-12-21 16:50:54'),(202,11,137,0,8,'2020-12-21 16:50:54',8,'2020-12-21 16:50:54'),(203,11,138,0,8,'2020-12-21 16:50:54',8,'2020-12-21 16:50:54'),(204,11,139,0,8,'2020-12-21 16:50:54',8,'2020-12-21 16:50:54'),(205,11,140,1,8,'2020-12-21 16:50:54',8,'2020-12-21 16:50:54'),(206,11,141,1,8,'2020-12-21 16:50:54',8,'2020-12-21 16:50:54'),(207,11,142,1,8,'2020-12-21 16:50:54',8,'2020-12-21 16:50:54'),(208,11,143,0,8,'2020-12-21 16:50:54',8,'2020-12-21 16:50:54'),(209,11,144,0,8,'2020-12-21 16:50:54',8,'2020-12-21 16:50:54'),(210,11,145,0,8,'2020-12-21 16:50:54',8,'2020-12-21 16:50:54'),(211,11,146,0,8,'2020-12-21 16:50:54',8,'2020-12-21 16:50:54'),(212,12,261,1,29,'2021-08-23 18:41:03',29,'2021-08-23 18:41:03'),(213,13,272,0,31,'2021-08-24 14:51:51',31,'2021-08-24 14:51:51'),(214,13,273,0,31,'2021-08-24 14:51:51',31,'2021-08-24 14:51:51'),(215,13,274,0,31,'2021-08-24 14:51:51',31,'2021-08-24 14:51:51'),(216,13,275,1,31,'2021-08-24 14:51:51',31,'2021-08-24 14:51:51'),(217,13,276,1,31,'2021-08-24 14:51:51',31,'2021-08-24 14:51:51'),(218,13,277,1,31,'2021-08-24 14:51:51',31,'2021-08-24 14:51:51'),(219,13,278,1,31,'2021-08-24 14:51:51',31,'2021-08-24 14:51:51'),(220,13,279,1,31,'2021-08-24 14:51:51',31,'2021-08-24 14:51:51'),(221,13,280,0,31,'2021-08-24 14:51:51',31,'2021-08-24 14:51:51'),(222,14,1,1,4,'2021-08-24 14:54:31',4,'2021-08-24 14:54:31'),(223,14,2,0,4,'2021-08-24 14:54:31',4,'2021-08-24 14:54:31'),(224,14,5,0,4,'2021-08-24 14:54:31',4,'2021-08-24 14:54:31'),(225,14,6,0,4,'2021-08-24 14:54:31',4,'2021-08-24 14:54:31'),(226,14,7,0,4,'2021-08-24 14:54:31',4,'2021-08-24 14:54:31'),(227,14,8,0,4,'2021-08-24 14:54:31',4,'2021-08-24 14:54:31'),(228,14,9,0,4,'2021-08-24 14:54:31',4,'2021-08-24 14:54:31'),(229,14,10,0,4,'2021-08-24 14:54:31',4,'2021-08-24 14:54:31'),(230,14,11,0,4,'2021-08-24 14:54:31',4,'2021-08-24 14:54:31'),(231,14,12,0,4,'2021-08-24 14:54:31',4,'2021-08-24 14:54:31'),(232,14,13,0,4,'2021-08-24 14:54:31',4,'2021-08-24 14:54:31'),(233,14,14,0,4,'2021-08-24 14:54:31',4,'2021-08-24 14:54:31'),(234,14,15,0,4,'2021-08-24 14:54:31',4,'2021-08-24 14:54:31'),(235,14,16,0,4,'2021-08-24 14:54:31',4,'2021-08-24 14:54:31'),(236,14,17,0,4,'2021-08-24 14:54:31',4,'2021-08-24 14:54:31'),(237,14,18,0,4,'2021-08-24 14:54:31',4,'2021-08-24 14:54:31'),(238,14,19,0,4,'2021-08-24 14:54:31',4,'2021-08-24 14:54:31'),(239,14,20,0,4,'2021-08-24 14:54:31',4,'2021-08-24 14:54:31'),(240,14,21,0,4,'2021-08-24 14:54:31',4,'2021-08-24 14:54:31'),(241,14,22,0,4,'2021-08-24 14:54:31',4,'2021-08-24 14:54:31'),(242,14,23,0,4,'2021-08-24 14:54:31',4,'2021-08-24 14:54:31'),(243,14,24,0,4,'2021-08-24 14:54:31',4,'2021-08-24 14:54:31'),(244,14,25,0,4,'2021-08-24 14:54:31',4,'2021-08-24 14:54:31'),(245,14,26,0,4,'2021-08-24 14:54:31',4,'2021-08-24 14:54:31'),(246,14,27,0,4,'2021-08-24 14:54:31',4,'2021-08-24 14:54:31'),(247,14,28,0,4,'2021-08-24 14:54:31',4,'2021-08-24 14:54:31'),(248,14,29,0,4,'2021-08-24 14:54:31',4,'2021-08-24 14:54:31'),(249,14,281,0,4,'2021-08-24 14:54:31',4,'2021-08-24 14:54:31'),(250,14,87,0,4,'2021-08-24 14:54:31',4,'2021-08-24 14:54:31'),(251,14,30,0,4,'2021-08-24 14:54:31',4,'2021-08-24 14:54:31'),(252,14,31,0,4,'2021-08-24 14:54:31',4,'2021-08-24 14:54:31'),(253,14,32,0,4,'2021-08-24 14:54:31',4,'2021-08-24 14:54:31'),(254,14,33,0,4,'2021-08-24 14:54:31',4,'2021-08-24 14:54:31'),(255,14,34,0,4,'2021-08-24 14:54:31',4,'2021-08-24 14:54:31'),(256,14,35,0,4,'2021-08-24 14:54:31',4,'2021-08-24 14:54:31'),(257,14,36,0,4,'2021-08-24 14:54:31',4,'2021-08-24 14:54:31'),(258,14,37,0,4,'2021-08-24 14:54:31',4,'2021-08-24 14:54:31'),(259,14,38,0,4,'2021-08-24 14:54:31',4,'2021-08-24 14:54:31'),(260,14,39,0,4,'2021-08-24 14:54:31',4,'2021-08-24 14:54:31'),(261,14,40,0,4,'2021-08-24 14:54:31',4,'2021-08-24 14:54:31'),(262,14,41,0,4,'2021-08-24 14:54:31',4,'2021-08-24 14:54:31'),(263,14,42,0,4,'2021-08-24 14:54:31',4,'2021-08-24 14:54:31'),(264,14,43,0,4,'2021-08-24 14:54:31',4,'2021-08-24 14:54:31'),(265,14,44,0,4,'2021-08-24 14:54:31',4,'2021-08-24 14:54:31'),(266,14,45,0,4,'2021-08-24 14:54:31',4,'2021-08-24 14:54:31'),(267,14,46,0,4,'2021-08-24 14:54:31',4,'2021-08-24 14:54:31'),(268,14,47,0,4,'2021-08-24 14:54:31',4,'2021-08-24 14:54:31'),(269,14,48,0,4,'2021-08-24 14:54:31',4,'2021-08-24 14:54:31'),(270,14,49,0,4,'2021-08-24 14:54:31',4,'2021-08-24 14:54:31'),(271,14,50,0,4,'2021-08-24 14:54:31',4,'2021-08-24 14:54:31'),(272,14,51,0,4,'2021-08-24 14:54:31',4,'2021-08-24 14:54:31'),(273,14,52,0,4,'2021-08-24 14:54:31',4,'2021-08-24 14:54:31'),(274,14,53,0,4,'2021-08-24 14:54:31',4,'2021-08-24 14:54:31'),(275,14,54,0,4,'2021-08-24 14:54:31',4,'2021-08-24 14:54:31'),(276,14,55,0,4,'2021-08-24 14:54:31',4,'2021-08-24 14:54:31'),(277,14,56,0,4,'2021-08-24 14:54:31',4,'2021-08-24 14:54:31'),(278,14,57,0,4,'2021-08-24 14:54:31',4,'2021-08-24 14:54:31'),(279,14,58,0,4,'2021-08-24 14:54:31',4,'2021-08-24 14:54:31'),(280,14,59,0,4,'2021-08-24 14:54:31',4,'2021-08-24 14:54:31'),(281,14,60,0,4,'2021-08-24 14:54:31',4,'2021-08-24 14:54:31'),(282,14,61,0,4,'2021-08-24 14:54:31',4,'2021-08-24 14:54:31'),(283,14,62,0,4,'2021-08-24 14:54:31',4,'2021-08-24 14:54:31'),(284,14,63,0,4,'2021-08-24 14:54:31',4,'2021-08-24 14:54:31'),(285,14,64,0,4,'2021-08-24 14:54:31',4,'2021-08-24 14:54:31'),(286,14,65,0,4,'2021-08-24 14:54:31',4,'2021-08-24 14:54:31'),(287,14,66,0,4,'2021-08-24 14:54:31',4,'2021-08-24 14:54:31'),(288,14,67,0,4,'2021-08-24 14:54:31',4,'2021-08-24 14:54:31'),(289,14,68,0,4,'2021-08-24 14:54:31',4,'2021-08-24 14:54:31'),(290,14,69,0,4,'2021-08-24 14:54:31',4,'2021-08-24 14:54:31'),(291,14,70,0,4,'2021-08-24 14:54:31',4,'2021-08-24 14:54:31'),(292,14,71,0,4,'2021-08-24 14:54:31',4,'2021-08-24 14:54:31'),(293,14,72,0,4,'2021-08-24 14:54:31',4,'2021-08-24 14:54:31'),(294,14,73,0,4,'2021-08-24 14:54:31',4,'2021-08-24 14:54:31'),(295,14,74,0,4,'2021-08-24 14:54:31',4,'2021-08-24 14:54:31'),(296,14,75,0,4,'2021-08-24 14:54:31',4,'2021-08-24 14:54:31'),(297,14,76,0,4,'2021-08-24 14:54:31',4,'2021-08-24 14:54:31'),(298,14,77,0,4,'2021-08-24 14:54:31',4,'2021-08-24 14:54:31'),(299,14,78,0,4,'2021-08-24 14:54:31',4,'2021-08-24 14:54:31'),(300,14,79,0,4,'2021-08-24 14:54:31',4,'2021-08-24 14:54:31'),(301,14,80,0,4,'2021-08-24 14:54:31',4,'2021-08-24 14:54:31'),(302,14,81,0,4,'2021-08-24 14:54:31',4,'2021-08-24 14:54:31'),(303,14,82,0,4,'2021-08-24 14:54:31',4,'2021-08-24 14:54:31'),(304,14,83,0,4,'2021-08-24 14:54:31',4,'2021-08-24 14:54:31'),(305,14,84,0,4,'2021-08-24 14:54:31',4,'2021-08-24 14:54:31'),(306,14,85,0,4,'2021-08-24 14:54:31',4,'2021-08-24 14:54:31'),(307,14,86,0,4,'2021-08-24 14:54:31',4,'2021-08-24 14:54:31'),(308,15,173,1,13,'2021-08-24 18:46:48',13,'2021-08-24 18:46:48'),(309,15,174,1,13,'2021-08-24 18:46:48',13,'2021-08-24 18:46:48'),(310,15,179,0,13,'2021-08-24 18:46:48',13,'2021-08-24 18:46:48'),(311,15,180,0,13,'2021-08-24 18:46:48',13,'2021-08-24 18:46:48'),(312,15,181,0,13,'2021-08-24 18:46:48',13,'2021-08-24 18:46:48'),(313,15,189,0,13,'2021-08-24 18:46:48',13,'2021-08-24 18:46:48'),(314,15,190,0,13,'2021-08-24 18:46:48',13,'2021-08-24 18:46:48'),(315,15,192,0,13,'2021-08-24 18:46:48',13,'2021-08-24 18:46:48'),(316,15,193,0,13,'2021-08-24 18:46:48',13,'2021-08-24 18:46:48'),(317,15,194,0,13,'2021-08-24 18:46:48',13,'2021-08-24 18:46:48'),(318,15,195,0,13,'2021-08-24 18:46:48',13,'2021-08-24 18:46:48'),(319,15,196,0,13,'2021-08-24 18:46:48',13,'2021-08-24 18:46:48'),(320,15,197,0,13,'2021-08-24 18:46:48',13,'2021-08-24 18:46:48'),(321,16,173,1,13,'2021-08-24 19:17:08',13,'2021-08-24 19:17:08'),(322,16,174,1,13,'2021-08-24 19:17:08',13,'2021-08-24 19:17:08'),(323,16,179,0,13,'2021-08-24 19:17:08',13,'2021-08-24 19:17:08'),(324,16,180,0,13,'2021-08-24 19:17:08',13,'2021-08-24 19:17:08'),(325,16,181,0,13,'2021-08-24 19:17:08',13,'2021-08-24 19:17:08'),(326,16,189,0,13,'2021-08-24 19:17:08',13,'2021-08-24 19:17:08'),(327,16,190,0,13,'2021-08-24 19:17:08',13,'2021-08-24 19:17:08'),(328,16,192,0,13,'2021-08-24 19:17:08',13,'2021-08-24 19:17:08'),(329,16,193,0,13,'2021-08-24 19:17:08',13,'2021-08-24 19:17:08'),(330,16,194,0,13,'2021-08-24 19:17:08',13,'2021-08-24 19:17:08'),(331,16,195,0,13,'2021-08-24 19:17:08',13,'2021-08-24 19:17:08'),(332,16,196,0,13,'2021-08-24 19:17:08',13,'2021-08-24 19:17:08'),(333,16,197,0,13,'2021-08-24 19:17:08',13,'2021-08-24 19:17:08'),(334,17,282,0,32,'2021-08-24 19:36:59',32,'2021-08-24 19:36:59'),(335,17,283,0,32,'2021-08-24 19:36:59',32,'2021-08-24 19:36:59'),(336,17,284,1,32,'2021-08-24 19:36:59',32,'2021-08-24 19:36:59'),(337,17,285,1,32,'2021-08-24 19:36:59',32,'2021-08-24 19:36:59'),(338,17,286,1,32,'2021-08-24 19:36:59',32,'2021-08-24 19:36:59'),(339,17,287,1,32,'2021-08-24 19:36:59',32,'2021-08-24 19:36:59'),(340,17,288,1,32,'2021-08-24 19:36:59',32,'2021-08-24 19:36:59'),(341,17,289,0,32,'2021-08-24 19:36:59',32,'2021-08-24 19:36:59'),(342,17,290,1,32,'2021-08-24 19:36:59',32,'2021-08-24 19:36:59'),(343,17,291,1,32,'2021-08-24 19:36:59',32,'2021-08-24 19:36:59'),(344,17,292,0,32,'2021-08-24 19:36:59',32,'2021-08-24 19:36:59'),(345,17,293,1,32,'2021-08-24 19:36:59',32,'2021-08-24 19:36:59'),(346,17,294,1,32,'2021-08-24 19:36:59',32,'2021-08-24 19:36:59'),(347,17,295,1,32,'2021-08-24 19:36:59',32,'2021-08-24 19:36:59'),(348,17,296,1,32,'2021-08-24 19:36:59',32,'2021-08-24 19:36:59'),(349,17,297,1,32,'2021-08-24 19:36:59',32,'2021-08-24 19:36:59'),(350,17,298,1,32,'2021-08-24 19:36:59',32,'2021-08-24 19:36:59'),(351,17,299,1,32,'2021-08-24 19:36:59',32,'2021-08-24 19:36:59'),(352,17,300,1,32,'2021-08-24 19:36:59',32,'2021-08-24 19:36:59'),(353,17,301,1,32,'2021-08-24 19:36:59',32,'2021-08-24 19:36:59'),(354,17,302,1,32,'2021-08-24 19:36:59',32,'2021-08-24 19:36:59'),(355,17,303,1,32,'2021-08-24 19:36:59',32,'2021-08-24 19:36:59'),(356,17,304,1,32,'2021-08-24 19:36:59',32,'2021-08-24 19:36:59'),(357,17,305,1,32,'2021-08-24 19:36:59',32,'2021-08-24 19:36:59'),(358,17,306,1,32,'2021-08-24 19:36:59',32,'2021-08-24 19:36:59'),(359,17,307,1,32,'2021-08-24 19:36:59',32,'2021-08-24 19:36:59'),(360,17,308,1,32,'2021-08-24 19:36:59',32,'2021-08-24 19:36:59'),(361,17,309,1,32,'2021-08-24 19:36:59',32,'2021-08-24 19:36:59'),(362,18,282,0,32,'2021-08-24 19:38:04',32,'2021-08-24 19:38:04'),(363,18,283,0,32,'2021-08-24 19:38:04',32,'2021-08-24 19:38:04'),(364,18,284,1,32,'2021-08-24 19:38:04',32,'2021-08-24 19:38:04'),(365,18,285,1,32,'2021-08-24 19:38:04',32,'2021-08-24 19:38:04'),(366,18,286,1,32,'2021-08-24 19:38:04',32,'2021-08-24 19:38:04'),(367,18,287,1,32,'2021-08-24 19:38:04',32,'2021-08-24 19:38:04'),(368,18,288,1,32,'2021-08-24 19:38:04',32,'2021-08-24 19:38:04'),(369,18,289,0,32,'2021-08-24 19:38:04',32,'2021-08-24 19:38:04'),(370,18,290,1,32,'2021-08-24 19:38:04',32,'2021-08-24 19:38:04'),(371,18,291,1,32,'2021-08-24 19:38:04',32,'2021-08-24 19:38:04'),(372,18,292,0,32,'2021-08-24 19:38:04',32,'2021-08-24 19:38:04'),(373,18,293,1,32,'2021-08-24 19:38:04',32,'2021-08-24 19:38:04'),(374,18,294,1,32,'2021-08-24 19:38:04',32,'2021-08-24 19:38:04'),(375,18,295,1,32,'2021-08-24 19:38:04',32,'2021-08-24 19:38:04'),(376,18,296,1,32,'2021-08-24 19:38:04',32,'2021-08-24 19:38:04'),(377,18,297,1,32,'2021-08-24 19:38:04',32,'2021-08-24 19:38:04'),(378,18,298,1,32,'2021-08-24 19:38:04',32,'2021-08-24 19:38:04'),(379,18,299,1,32,'2021-08-24 19:38:04',32,'2021-08-24 19:38:04'),(380,18,300,1,32,'2021-08-24 19:38:04',32,'2021-08-24 19:38:04'),(381,18,301,1,32,'2021-08-24 19:38:04',32,'2021-08-24 19:38:04'),(382,18,302,1,32,'2021-08-24 19:38:04',32,'2021-08-24 19:38:04'),(383,18,303,1,32,'2021-08-24 19:38:04',32,'2021-08-24 19:38:04'),(384,18,304,1,32,'2021-08-24 19:38:04',32,'2021-08-24 19:38:04'),(385,18,305,1,32,'2021-08-24 19:38:04',32,'2021-08-24 19:38:04'),(386,18,306,1,32,'2021-08-24 19:38:04',32,'2021-08-24 19:38:04'),(387,18,307,1,32,'2021-08-24 19:38:04',32,'2021-08-24 19:38:04'),(388,18,308,1,32,'2021-08-24 19:38:04',32,'2021-08-24 19:38:04'),(389,18,309,1,32,'2021-08-24 19:38:04',32,'2021-08-24 19:38:04'),(390,19,318,1,42,'2021-09-13 18:42:58',42,'2021-09-13 18:42:58'),(391,19,319,1,42,'2021-09-13 18:42:58',42,'2021-09-13 18:42:58'),(392,19,320,0,42,'2021-09-13 18:42:58',42,'2021-09-13 18:42:58');
/*!40000 ALTER TABLE `trs_tbl_irs_assets_for_document` ENABLE KEYS */;
UNLOCK TABLES;

--
-- Table structure for table `trs_tbl_irs_year_documents`
--

DROP TABLE IF EXISTS `trs_tbl_irs_year_documents`;
/*!40101 SET @saved_cs_client     = @@character_set_client */;
/*!50503 SET character_set_client = utf8mb4 */;
CREATE TABLE `trs_tbl_irs_year_documents` (
  `document_id` bigint NOT NULL AUTO_INCREMENT,
  `document_name` varchar(100) NOT NULL,
  `document_path` varchar(255) NOT NULL,
  `document_originalname` varchar(255) NOT NULL,
  `irs_id` bigint NOT NULL,
  `is_deleted` tinyint(1) NOT NULL DEFAULT '0',
  `is_removed_from_home` tinyint(1) NOT NULL DEFAULT '0',
  `created_by` bigint NOT NULL,
  `created_date` datetime NOT NULL DEFAULT CURRENT_TIMESTAMP,
  `modified_by` bigint NOT NULL,
  `modified_date` datetime NOT NULL DEFAULT CURRENT_TIMESTAMP ON UPDATE CURRENT_TIMESTAMP,
  PRIMARY KEY (`document_id`),
  KEY `irs_year_id_document_constraint` (`irs_id`)
) ENGINE=InnoDB AUTO_INCREMENT=20 DEFAULT CHARSET=latin1;
/*!40101 SET character_set_client = @saved_cs_client */;

--
-- Dumping data for table `trs_tbl_irs_year_documents`
--

LOCK TABLES `trs_tbl_irs_year_documents` WRITE;
/*!40000 ALTER TABLE `trs_tbl_irs_year_documents` DISABLE KEYS */;
INSERT INTO `trs_tbl_irs_year_documents` VALUES (1,'2290 Form Received','https://permishare.s3.us-east-2.amazonaws.com/dev/irs-documents/2290_Form_Received.pdf','2290_Form_Received.pdf',2,1,0,4,'2020-10-29 01:08:19',4,'2020-11-02 00:03:06'),(2,'2290 Schedule 1 @ Renewal','https://permishare.s3.us-east-2.amazonaws.com/dev/irs-documents/2290_Form_Received.pdf','2290_Form_Received.pdf',2,1,0,4,'2020-11-02 00:00:29',4,'2021-08-24 14:57:21'),(3,'2290 Schedule 1 6802','https://permishare.s3.us-east-2.amazonaws.com/dev/irs-documents/2290_Form_Received.pdf','2290_Form_Received.pdf',2,1,0,4,'2020-11-02 00:08:31',4,'2021-08-24 14:56:58'),(4,'2290 Schedule 1 JUL2019','https://permishare.s3.us-east-2.amazonaws.com/dev/irs-documents/2290_Form_Received_JUL_2019.pdf','2290_Form_Received_JUL_2019.pdf',8,0,0,8,'2020-11-28 20:10:53',8,'2020-11-28 20:10:53'),(5,'2290 Schedule 1 - July 2020','https://permishare.s3.us-east-2.amazonaws.com/dev/irs-documents/2290_Form_Received_JUL_2020.pdf','2290_Form_Received_JUL_2020.pdf',9,0,0,13,'2020-12-04 15:35:51',13,'2020-12-04 15:35:51'),(6,'2290 Schedule 1 - July 2019','https://permishare.s3.us-east-2.amazonaws.com/dev/irs-documents/2290_Schedule_1_received.pdf','2290_Schedule_1_received.pdf',10,0,0,13,'2020-12-04 15:38:47',13,'2020-12-04 15:38:47'),(7,'2290 Schedule 1 ','https://permishare.s3.us-east-2.amazonaws.com/dev/irs-documents/2290_Schedule_1_received_.pdf','2290_Schedule_1_received_.pdf',11,0,0,11,'2020-12-14 15:19:22',11,'2020-12-14 15:19:22'),(8,'2290 Schedule 1','https://permishare.s3.us-east-2.amazonaws.com/dev/irs-documents/2290_Form_Received.pdf','2290_Form_Received.pdf',12,0,0,11,'2020-12-14 15:21:55',11,'2020-12-14 15:21:55'),(9,'2290 Schedule 1 JUL2020','https://permishare.s3.us-east-2.amazonaws.com/dev/irs-documents/2290_Schedule_1_JUL2020.pdf','2290_Schedule_1_JUL2020.pdf',13,0,0,15,'2020-12-18 16:56:14',15,'2020-12-18 16:56:14'),(10,'2290 Schedule 1 JUL2020','https://permishare.s3.us-east-2.amazonaws.com/dev/irs-documents/2290_Schedule_1_received.pdf','2290_Schedule_1_received.pdf',14,0,0,15,'2020-12-18 21:30:30',15,'2020-12-18 21:30:30'),(11,'2290 Schedule 1 2020-2021','https://permishare.s3.us-east-2.amazonaws.com/dev/irs-documents/2290_Schedule_1_2020-2021_201%2C_202%2C_203.pdf','2290_Schedule_1_2020-2021_201,_202,_203.pdf',7,0,0,8,'2020-12-21 16:50:54',8,'2020-12-21 16:50:54'),(12,'IRS Form 2290 Schedule 1 JUL2021','https://permishare.s3.us-east-2.amazonaws.com/dev/irs-documents/IRS_Form_2290_Schedule_1_JUL2021.pdf','IRS_Form_2290_Schedule_1_JUL2021.pdf',15,0,0,29,'2021-08-23 18:41:03',29,'2021-08-23 18:41:03'),(13,'IRS Form 2290 Schedule 1 JUL2021','https://permishare.s3.us-east-2.amazonaws.com/dev/irs-documents/IRS_Form_2290_Schedule_1_JUL2021.pdf','IRS_Form_2290_Schedule_1_JUL2021.pdf',16,0,0,31,'2021-08-24 14:51:51',31,'2021-08-24 14:51:51'),(14,'IRS Form 2290 Schedule 1 JUL2021','https://permishare.s3.us-east-2.amazonaws.com/dev/irs-documents/IRS_Form_2290_Schedule_1_JUL2021.pdf','IRS_Form_2290_Schedule_1_JUL2021.pdf',2,0,0,4,'2021-08-24 14:54:31',4,'2021-08-24 14:54:31'),(15,'IRS Form 2290 Schedule 1 MMMYYYY','https://permishare.s3.us-east-2.amazonaws.com/dev/irs-documents/IRS_Form_2290_Schedule_1_JUL2021.pdf','IRS_Form_2290_Schedule_1_JUL2021.pdf',17,1,0,13,'2021-08-24 18:46:48',13,'2021-08-24 19:16:34'),(16,'IRS Form 2290 Schedule 1 JUL2021','https://permishare.s3.us-east-2.amazonaws.com/dev/irs-documents/IRS_Form_2290_Schedule_1_JUL2021.pdf','IRS_Form_2290_Schedule_1_JUL2021.pdf',17,0,0,13,'2021-08-24 19:17:08',13,'2021-08-24 19:17:08'),(17,'IRS Form 2290 Schedule 1 MMMYYYY','https://permishare.s3.us-east-2.amazonaws.com/dev/irs-documents/IRS_Form_2290_Schedule_1_JUL2021.pdf','IRS_Form_2290_Schedule_1_JUL2021.pdf',18,1,0,32,'2021-08-24 19:36:59',32,'2021-08-24 19:42:23'),(18,'IRS Form 2290 Schedule 1 JUL2021','https://permishare.s3.us-east-2.amazonaws.com/dev/irs-documents/IRS_Form_2290_Schedule_1_JUL2021.pdf','IRS_Form_2290_Schedule_1_JUL2021.pdf',18,0,0,32,'2021-08-24 19:38:04',32,'2021-08-24 19:38:04'),(19,'IRS Form 2290 Schedule 1 JUL2021','https://permishare.s3.us-east-2.amazonaws.com/dev/irs-documents/IRS_Form_2290_Schedule_1_JUL2021.pdf','IRS_Form_2290_Schedule_1_JUL2021.pdf',20,0,0,42,'2021-09-13 18:42:58',42,'2021-09-13 18:42:58');
/*!40000 ALTER TABLE `trs_tbl_irs_year_documents` ENABLE KEYS */;
UNLOCK TABLES;

--
-- Table structure for table `trs_tbl_packages`
--

DROP TABLE IF EXISTS `trs_tbl_packages`;
/*!40101 SET @saved_cs_client     = @@character_set_client */;
/*!50503 SET character_set_client = utf8mb4 */;
CREATE TABLE `trs_tbl_packages` (
  `package_id` bigint NOT NULL AUTO_INCREMENT,
  `package_level` varchar(3) NOT NULL,
  `package_name` varchar(50) NOT NULL,
  `number_of_fleets` varchar(10) NOT NULL,
  `monthly_price` varchar(10) NOT NULL,
  `max_asset_size` int NOT NULL,
  `stripe_plan_id` varchar(100) NOT NULL,
  `created_by` bigint NOT NULL,
  `created_date` datetime NOT NULL DEFAULT CURRENT_TIMESTAMP,
  `modified_by` bigint NOT NULL,
  `modified_date` datetime NOT NULL DEFAULT CURRENT_TIMESTAMP ON UPDATE CURRENT_TIMESTAMP,
  PRIMARY KEY (`package_id`)
) ENGINE=InnoDB AUTO_INCREMENT=15 DEFAULT CHARSET=latin1;
/*!40101 SET character_set_client = @saved_cs_client */;

--
-- Dumping data for table `trs_tbl_packages`
--

LOCK TABLES `trs_tbl_packages` WRITE;
/*!40000 ALTER TABLE `trs_tbl_packages` DISABLE KEYS */;
INSERT INTO `trs_tbl_packages` VALUES (1,'L1','Owner Operator 2','1-2','$15',2,'plan_H1DImlQP86oFoB',1,'2020-03-05 11:58:52',1,'2020-04-18 23:51:07'),(2,'L2','Small 6','3-6','$30',6,'plan_H1DKISJIl3Plkk',1,'2020-03-05 11:58:52',1,'2020-04-18 23:51:20'),(3,'L3','Small 14','7-14','$60',14,'plan_H1DLTjJVq2UFfK',1,'2020-03-05 11:58:52',1,'2020-04-18 23:51:35'),(4,'L4','Small 25','15-25','$100',25,'plan_H1DLnCWtfeLzsS',1,'2020-03-05 11:58:52',1,'2020-04-18 23:51:46'),(5,'L5','Medium 50','26-50','$190',50,'plan_H1DNmhtGtd2zE4',1,'2020-03-05 11:58:52',1,'2020-04-18 23:51:58'),(6,'L6','Medium 75','51-75','$265',75,'plan_H1DNkO5ujHdvid',1,'2020-03-05 11:58:52',1,'2020-04-18 23:52:10'),(7,'L7','Large 100','76-100','$325',100,'plan_H1DO1o4uaeewl6',1,'2020-03-05 11:58:52',1,'2020-04-18 23:52:21'),(8,'L8','Large 125','101-125','$390',125,'plan_H7aIHObgcTnTtY',1,'2020-04-06 22:11:01',1,'2020-04-18 23:52:39'),(9,'L9','Large 150','126-150','$455',150,'plan_H7aJfHLTbSw3Bd',1,'2020-04-06 22:12:47',1,'2020-04-18 23:52:51'),(10,'L10','Large 175','151-175','$520',175,'plan_H7aJUDCFEb1vkV',1,'2020-04-06 22:14:32',1,'2020-04-18 23:53:04'),(11,'L11','Large 200','176-200','$585',200,'plan_H7aKZdpA06bjMN',1,'2020-04-06 22:16:23',1,'2020-04-18 23:53:17'),(12,'L12','Large 300','201-300','$635',300,'plan_H7aKfB8D2MF27W',1,'2020-04-06 22:17:53',1,'2020-04-18 23:53:28'),(13,'L13','Large 400','301-400','$685',400,'plan_H7aLEh0XGRT0y0',1,'2020-04-06 22:19:02',1,'2020-04-18 23:53:40'),(14,'L14','Large 500','401-500','$735',500,'plan_H7aL8mzGiLgF18',1,'2020-04-06 22:26:31',1,'2020-04-18 23:53:52');
/*!40000 ALTER TABLE `trs_tbl_packages` ENABLE KEYS */;
UNLOCK TABLES;

--
-- Table structure for table `trs_tbl_permissions`
--

DROP TABLE IF EXISTS `trs_tbl_permissions`;
/*!40101 SET @saved_cs_client     = @@character_set_client */;
/*!50503 SET character_set_client = utf8mb4 */;
CREATE TABLE `trs_tbl_permissions` (
  `permission_id` bigint NOT NULL AUTO_INCREMENT,
  `role_id` bigint NOT NULL,
  `right_master_id` bigint NOT NULL,
  `permission_type` varchar(4) NOT NULL DEFAULT '0000',
  `created_by` bigint NOT NULL,
  `created_date` datetime NOT NULL DEFAULT CURRENT_TIMESTAMP,
  `modified_by` bigint NOT NULL,
  `modified_date` datetime NOT NULL DEFAULT CURRENT_TIMESTAMP ON UPDATE CURRENT_TIMESTAMP,
  PRIMARY KEY (`permission_id`),
  KEY `role_id_constraint` (`role_id`),
  KEY `right_master_id_constraint` (`right_master_id`)
) ENGINE=InnoDB AUTO_INCREMENT=1261 DEFAULT CHARSET=latin1;
/*!40101 SET character_set_client = @saved_cs_client */;

--
-- Dumping data for table `trs_tbl_permissions`
--

LOCK TABLES `trs_tbl_permissions` WRITE;
/*!40000 ALTER TABLE `trs_tbl_permissions` DISABLE KEYS */;
INSERT INTO `trs_tbl_permissions` VALUES (1,1,1,'0000',1,'2020-04-18 23:50:21',1,'2020-04-18 23:50:21'),(2,1,2,'0000',1,'2020-04-18 23:50:21',1,'2020-04-18 23:50:21'),(3,1,3,'0000',1,'2020-04-18 23:50:21',1,'2020-04-18 23:50:21'),(4,1,4,'0000',1,'2020-04-18 23:50:21',1,'2020-04-18 23:50:21'),(5,1,5,'0000',1,'2020-04-18 23:50:21',1,'2020-04-18 23:50:21'),(6,1,6,'0000',1,'2020-04-18 23:50:21',1,'2020-04-18 23:50:21'),(7,1,7,'0000',1,'2020-04-18 23:50:21',1,'2020-04-18 23:50:21'),(8,1,8,'0000',1,'2020-04-18 23:50:21',1,'2020-04-18 23:50:21'),(9,1,9,'0000',1,'2020-04-18 23:50:21',1,'2020-04-18 23:50:21'),(10,1,10,'0000',1,'2020-04-18 23:50:21',1,'2020-04-18 23:50:21'),(11,1,11,'0000',1,'2020-04-18 23:50:21',1,'2020-04-18 23:50:21'),(12,1,12,'1111',1,'2020-04-18 23:50:21',1,'2020-07-16 14:32:32'),(13,1,13,'1111',1,'2020-04-18 23:50:21',1,'2020-07-16 14:32:32'),(14,1,14,'1111',1,'2020-04-18 23:50:21',1,'2020-04-18 23:50:21'),(15,1,15,'1111',1,'2020-04-18 23:50:21',1,'2020-04-18 23:50:21'),(16,1,16,'1111',1,'2020-04-18 23:50:21',1,'2020-04-18 23:50:21'),(17,1,17,'1111',1,'2020-04-18 23:50:21',1,'2020-04-18 23:50:21'),(18,1,18,'1111',1,'2020-04-18 23:50:21',1,'2020-04-18 23:50:21'),(19,1,19,'0000',1,'2020-04-18 23:50:21',1,'2020-04-18 23:50:21'),(20,1,20,'0000',1,'2020-08-25 15:49:16',1,'2020-08-25 15:49:16'),(21,2,1,'1111',1,'2020-10-17 08:14:18',1,'2020-10-17 08:14:18'),(22,2,2,'1111',1,'2020-10-17 08:14:18',1,'2020-10-17 08:14:18'),(23,2,3,'1111',1,'2020-10-17 08:14:18',1,'2020-10-17 08:14:18'),(24,2,4,'1111',1,'2020-10-17 08:14:18',1,'2020-10-17 08:14:18'),(25,2,5,'1111',1,'2020-10-17 08:14:18',1,'2020-10-17 08:14:18'),(26,2,6,'1111',1,'2020-10-17 08:14:18',1,'2020-10-17 08:14:18'),(27,2,7,'1111',1,'2020-10-17 08:14:18',1,'2020-10-17 08:14:18'),(28,2,8,'1111',1,'2020-10-17 08:14:18',1,'2020-10-17 08:14:18'),(29,2,9,'1111',1,'2020-10-17 08:14:18',1,'2020-10-17 08:14:18'),(30,2,10,'1111',1,'2020-10-17 08:14:18',1,'2020-10-17 08:14:18'),(31,2,11,'1111',1,'2020-10-17 08:14:18',1,'2020-10-17 08:14:18'),(32,2,12,'0000',1,'2020-10-17 08:14:18',1,'2020-10-17 08:14:18'),(33,2,13,'0000',1,'2020-10-17 08:14:18',1,'2020-10-17 08:14:18'),(34,2,14,'0000',1,'2020-10-17 08:14:18',1,'2020-10-17 08:14:18'),(35,2,15,'0000',1,'2020-10-17 08:14:18',1,'2020-10-17 08:14:18'),(36,2,16,'0000',1,'2020-10-17 08:14:18',1,'2020-10-17 08:14:18'),(37,2,17,'0000',1,'2020-10-17 08:14:18',1,'2020-10-17 08:14:18'),(38,2,18,'0000',1,'2020-10-17 08:14:18',1,'2020-10-17 08:14:18'),(39,2,19,'0000',1,'2020-10-17 08:14:18',1,'2020-10-17 08:14:18'),(40,2,20,'1111',1,'2020-10-17 08:14:18',1,'2020-10-17 08:14:18'),(41,3,1,'0100',1,'2020-10-17 08:14:18',1,'2020-10-17 08:14:18'),(42,3,2,'0100',1,'2020-10-17 08:14:18',1,'2020-10-17 08:14:18'),(43,3,3,'0100',1,'2020-10-17 08:14:18',1,'2020-10-17 08:14:18'),(44,3,4,'0100',1,'2020-10-17 08:14:18',1,'2020-10-17 08:14:18'),(45,3,5,'0100',1,'2020-10-17 08:14:18',1,'2020-10-17 08:14:18'),(46,3,6,'0100',1,'2020-10-17 08:14:18',1,'2020-10-17 08:14:18'),(47,3,7,'0100',1,'2020-10-17 08:14:18',1,'2020-10-17 08:14:18'),(48,3,8,'0100',1,'2020-10-17 08:14:18',1,'2020-10-17 08:14:18'),(49,3,9,'0100',1,'2020-10-17 08:14:18',1,'2020-10-17 08:14:18'),(50,3,10,'0100',1,'2020-10-17 08:14:18',1,'2020-10-17 08:14:18'),(51,3,11,'0100',1,'2020-10-17 08:14:18',1,'2020-10-17 08:14:18'),(52,3,12,'0000',1,'2020-10-17 08:14:18',1,'2020-10-17 08:14:18'),(53,3,13,'0000',1,'2020-10-17 08:14:18',1,'2020-10-17 08:14:18'),(54,3,14,'0000',1,'2020-10-17 08:14:18',1,'2020-10-17 08:14:18'),(55,3,15,'0000',1,'2020-10-17 08:14:18',1,'2020-10-17 08:14:18'),(56,3,16,'0000',1,'2020-10-17 08:14:18',1,'2020-10-17 08:14:18'),(57,3,17,'0000',1,'2020-10-17 08:14:18',1,'2020-10-17 08:14:18'),(58,3,18,'0000',1,'2020-10-17 08:14:18',1,'2020-10-17 08:14:18'),(59,3,19,'0000',1,'2020-10-17 08:14:18',1,'2020-10-17 08:14:18'),(60,3,20,'0100',1,'2020-10-17 08:14:18',1,'2020-10-17 08:14:18'),(61,4,1,'1111',1,'2020-10-22 19:01:48',1,'2020-10-22 19:01:48'),(62,4,2,'1111',1,'2020-10-22 19:01:48',1,'2020-10-22 19:01:48'),(63,4,3,'1111',1,'2020-10-22 19:01:48',1,'2020-10-22 19:01:48'),(64,4,4,'1111',1,'2020-10-22 19:01:48',1,'2020-10-22 19:01:48'),(65,4,5,'1111',1,'2020-10-22 19:01:48',1,'2020-10-22 19:01:48'),(66,4,6,'1111',1,'2020-10-22 19:01:48',1,'2020-10-22 19:01:48'),(67,4,7,'1111',1,'2020-10-22 19:01:48',1,'2020-10-22 19:01:48'),(68,4,8,'1111',1,'2020-10-22 19:01:48',1,'2020-10-22 19:01:48'),(69,4,9,'1111',1,'2020-10-22 19:01:48',1,'2020-10-22 19:01:48'),(70,4,10,'1111',1,'2020-10-22 19:01:48',1,'2020-10-22 19:01:48'),(71,4,11,'1111',1,'2020-10-22 19:01:48',1,'2020-10-22 19:01:48'),(72,4,12,'0000',1,'2020-10-22 19:01:48',1,'2020-10-22 19:01:48'),(73,4,13,'0000',1,'2020-10-22 19:01:48',1,'2020-10-22 19:01:48'),(74,4,14,'0000',1,'2020-10-22 19:01:48',1,'2020-10-22 19:01:48'),(75,4,15,'0000',1,'2020-10-22 19:01:48',1,'2020-10-22 19:01:48'),(76,4,16,'0000',1,'2020-10-22 19:01:48',1,'2020-10-22 19:01:48'),(77,4,17,'0000',1,'2020-10-22 19:01:48',1,'2020-10-22 19:01:48'),(78,4,18,'0000',1,'2020-10-22 19:01:48',1,'2020-10-22 19:01:48'),(79,4,19,'0000',1,'2020-10-22 19:01:48',1,'2020-10-22 19:01:48'),(80,4,20,'1111',1,'2020-10-22 19:01:48',1,'2020-10-22 19:01:48'),(81,5,1,'0100',1,'2020-10-22 19:01:48',1,'2020-10-22 19:01:48'),(82,5,2,'0100',1,'2020-10-22 19:01:48',1,'2020-10-22 19:01:48'),(83,5,3,'0100',1,'2020-10-22 19:01:48',1,'2020-10-22 19:01:48'),(84,5,4,'0100',1,'2020-10-22 19:01:48',1,'2020-10-22 19:01:48'),(85,5,5,'0100',1,'2020-10-22 19:01:48',1,'2020-10-22 19:01:48'),(86,5,6,'0100',1,'2020-10-22 19:01:48',1,'2020-10-22 19:01:48'),(87,5,7,'0100',1,'2020-10-22 19:01:48',1,'2020-10-22 19:01:48'),(88,5,8,'0100',1,'2020-10-22 19:01:48',1,'2020-10-22 19:01:48'),(89,5,9,'0100',1,'2020-10-22 19:01:48',1,'2020-10-22 19:01:48'),(90,5,10,'0100',1,'2020-10-22 19:01:48',1,'2020-10-22 19:01:48'),(91,5,11,'0100',1,'2020-10-22 19:01:48',1,'2020-10-22 19:01:48'),(92,5,12,'0000',1,'2020-10-22 19:01:48',1,'2020-10-22 19:01:48'),(93,5,13,'0000',1,'2020-10-22 19:01:48',1,'2020-10-22 19:01:48'),(94,5,14,'0000',1,'2020-10-22 19:01:48',1,'2020-10-22 19:01:48'),(95,5,15,'0000',1,'2020-10-22 19:01:48',1,'2020-10-22 19:01:48'),(96,5,16,'0000',1,'2020-10-22 19:01:48',1,'2020-10-22 19:01:48'),(97,5,17,'0000',1,'2020-10-22 19:01:48',1,'2020-10-22 19:01:48'),(98,5,18,'0000',1,'2020-10-22 19:01:48',1,'2020-10-22 19:01:48'),(99,5,19,'0000',1,'2020-10-22 19:01:48',1,'2020-10-22 19:01:48'),(100,5,20,'0100',1,'2020-10-22 19:01:48',1,'2020-10-22 19:01:48'),(141,8,1,'1111',1,'2020-11-25 14:53:49',1,'2020-11-25 14:53:49'),(142,8,2,'1111',1,'2020-11-25 14:53:49',1,'2020-11-25 14:53:49'),(143,8,3,'1111',1,'2020-11-25 14:53:49',1,'2020-11-25 14:53:49'),(144,8,4,'1111',1,'2020-11-25 14:53:49',1,'2020-11-25 14:53:49'),(145,8,5,'1111',1,'2020-11-25 14:53:49',1,'2020-11-25 14:53:49'),(146,8,6,'1111',1,'2020-11-25 14:53:49',1,'2020-11-25 14:53:49'),(147,8,7,'1111',1,'2020-11-25 14:53:49',1,'2020-11-25 14:53:49'),(148,8,8,'1111',1,'2020-11-25 14:53:49',1,'2020-11-25 14:53:49'),(149,8,9,'1111',1,'2020-11-25 14:53:49',1,'2020-11-25 14:53:49'),(150,8,10,'1111',1,'2020-11-25 14:53:49',1,'2020-11-25 14:53:49'),(151,8,11,'1111',1,'2020-11-25 14:53:49',1,'2020-11-25 14:53:49'),(152,8,12,'0000',1,'2020-11-25 14:53:49',1,'2020-11-25 14:53:49'),(153,8,13,'0000',1,'2020-11-25 14:53:49',1,'2020-11-25 14:53:49'),(154,8,14,'0000',1,'2020-11-25 14:53:49',1,'2020-11-25 14:53:49'),(155,8,15,'0000',1,'2020-11-25 14:53:49',1,'2020-11-25 14:53:49'),(156,8,16,'0000',1,'2020-11-25 14:53:49',1,'2020-11-25 14:53:49'),(157,8,17,'0000',1,'2020-11-25 14:53:49',1,'2020-11-25 14:53:49'),(158,8,18,'0000',1,'2020-11-25 14:53:49',1,'2020-11-25 14:53:49'),(159,8,19,'1111',1,'2020-11-25 14:53:49',1,'2020-11-25 14:53:49'),(160,8,20,'1111',1,'2020-11-25 14:53:49',1,'2020-11-25 14:53:49'),(161,9,1,'0100',1,'2020-11-25 14:53:49',1,'2020-11-25 14:53:49'),(162,9,2,'0100',1,'2020-11-25 14:53:49',1,'2020-11-25 14:53:49'),(163,9,3,'0100',1,'2020-11-25 14:53:49',1,'2020-11-25 14:53:49'),(164,9,4,'0100',1,'2020-11-25 14:53:49',1,'2020-11-25 14:53:49'),(165,9,5,'0100',1,'2020-11-25 14:53:49',1,'2020-11-25 14:53:49'),(166,9,6,'0100',1,'2020-11-25 14:53:49',1,'2020-11-25 14:53:49'),(167,9,7,'0100',1,'2020-11-25 14:53:49',1,'2020-11-25 14:53:49'),(168,9,8,'0100',1,'2020-11-25 14:53:49',1,'2020-11-25 14:53:49'),(169,9,9,'0100',1,'2020-11-25 14:53:49',1,'2020-11-25 14:53:49'),(170,9,10,'0100',1,'2020-11-25 14:53:49',1,'2020-11-25 14:53:49'),(171,9,11,'0100',1,'2020-11-25 14:53:49',1,'2020-11-25 14:53:49'),(172,9,12,'0000',1,'2020-11-25 14:53:49',1,'2020-11-25 14:53:49'),(173,9,13,'0000',1,'2020-11-25 14:53:49',1,'2020-11-25 14:53:49'),(174,9,14,'0000',1,'2020-11-25 14:53:49',1,'2020-11-25 14:53:49'),(175,9,15,'0000',1,'2020-11-25 14:53:49',1,'2020-11-25 14:53:49'),(176,9,16,'0000',1,'2020-11-25 14:53:49',1,'2020-11-25 14:53:49'),(177,9,17,'0000',1,'2020-11-25 14:53:49',1,'2020-11-25 14:53:49'),(178,9,18,'0000',1,'2020-11-25 14:53:49',1,'2020-11-25 14:53:49'),(179,9,19,'0100',1,'2020-11-25 14:53:49',1,'2020-11-25 14:53:49'),(180,9,20,'0100',1,'2020-11-25 14:53:49',1,'2020-11-25 14:53:49'),(181,10,1,'1111',1,'2020-11-27 21:19:02',1,'2020-11-27 21:19:02'),(182,10,2,'1111',1,'2020-11-27 21:19:02',1,'2020-11-27 21:19:02'),(183,10,3,'1111',1,'2020-11-27 21:19:02',1,'2020-11-27 21:19:02'),(184,10,4,'1111',1,'2020-11-27 21:19:02',1,'2020-11-27 21:19:02'),(185,10,5,'1111',1,'2020-11-27 21:19:02',1,'2020-11-27 21:19:02'),(186,10,6,'1111',1,'2020-11-27 21:19:02',1,'2020-11-27 21:19:02'),(187,10,7,'1111',1,'2020-11-27 21:19:02',1,'2020-11-27 21:19:02'),(188,10,8,'1111',1,'2020-11-27 21:19:02',1,'2020-11-27 21:19:02'),(189,10,9,'1111',1,'2020-11-27 21:19:02',1,'2020-11-27 21:19:02'),(190,10,10,'1111',1,'2020-11-27 21:19:02',1,'2020-11-27 21:19:02'),(191,10,11,'1111',1,'2020-11-27 21:19:02',1,'2020-11-27 21:19:02'),(192,10,12,'0000',1,'2020-11-27 21:19:02',1,'2020-11-27 21:19:02'),(193,10,13,'0000',1,'2020-11-27 21:19:02',1,'2020-11-27 21:19:02'),(194,10,14,'0000',1,'2020-11-27 21:19:02',1,'2020-11-27 21:19:02'),(195,10,15,'0000',1,'2020-11-27 21:19:02',1,'2020-11-27 21:19:02'),(196,10,16,'0000',1,'2020-11-27 21:19:02',1,'2020-11-27 21:19:02'),(197,10,17,'0000',1,'2020-11-27 21:19:02',1,'2020-11-27 21:19:02'),(198,10,18,'0000',1,'2020-11-27 21:19:02',1,'2020-11-27 21:19:02'),(199,10,19,'0000',1,'2020-11-27 21:19:02',1,'2020-11-27 21:19:02'),(200,10,20,'1111',1,'2020-11-27 21:19:02',1,'2020-11-27 21:19:02'),(201,11,1,'0100',1,'2020-11-27 21:19:02',1,'2020-11-28 19:07:01'),(202,11,2,'0100',1,'2020-11-27 21:19:02',1,'2020-11-28 19:07:01'),(203,11,3,'0100',1,'2020-11-27 21:19:02',1,'2020-11-28 19:07:01'),(204,11,4,'0100',1,'2020-11-27 21:19:02',1,'2020-11-28 19:07:01'),(205,11,5,'0100',1,'2020-11-27 21:19:02',1,'2020-11-28 19:07:01'),(206,11,6,'0100',1,'2020-11-27 21:19:02',1,'2020-11-28 19:07:01'),(207,11,7,'0100',1,'2020-11-27 21:19:02',1,'2020-11-28 19:07:01'),(208,11,8,'0100',1,'2020-11-27 21:19:02',1,'2020-11-28 19:07:01'),(209,11,9,'0100',1,'2020-11-27 21:19:02',1,'2020-11-28 19:07:01'),(210,11,10,'0100',1,'2020-11-27 21:19:02',1,'2020-11-28 19:07:01'),(211,11,11,'0100',1,'2020-11-27 21:19:02',1,'2020-11-28 19:07:01'),(212,11,12,'0000',1,'2020-11-27 21:19:02',1,'2020-11-27 21:19:02'),(213,11,13,'0000',1,'2020-11-27 21:19:02',1,'2020-11-27 21:19:02'),(214,11,14,'0000',1,'2020-11-27 21:19:02',1,'2020-11-27 21:19:02'),(215,11,15,'0000',1,'2020-11-27 21:19:02',1,'2020-11-27 21:19:02'),(216,11,16,'0000',1,'2020-11-27 21:19:02',1,'2020-11-27 21:19:02'),(217,11,17,'0000',1,'2020-11-27 21:19:02',1,'2020-11-27 21:19:02'),(218,11,18,'0000',1,'2020-11-27 21:19:02',1,'2020-11-27 21:19:02'),(219,11,19,'0000',1,'2020-11-27 21:19:02',1,'2020-11-27 21:19:02'),(220,11,20,'0100',1,'2020-11-27 21:19:02',1,'2020-11-28 19:07:01'),(221,12,1,'1110',8,'2020-11-28 18:04:07',8,'2021-07-27 13:23:19'),(222,12,2,'1110',8,'2020-11-28 18:04:07',8,'2021-07-27 13:23:19'),(223,12,3,'1110',8,'2020-11-28 18:04:07',8,'2021-07-27 13:23:22'),(224,12,4,'1110',8,'2020-11-28 18:04:07',8,'2021-07-27 13:23:19'),(225,12,5,'1110',8,'2020-11-28 18:04:07',8,'2021-07-27 13:23:19'),(226,12,6,'1110',8,'2020-11-28 18:04:07',8,'2021-07-27 13:23:19'),(227,12,7,'1110',8,'2020-11-28 18:04:07',8,'2021-07-27 13:23:19'),(228,12,8,'1110',8,'2020-11-28 18:04:07',8,'2021-07-27 13:23:19'),(229,12,9,'1110',8,'2020-11-28 18:04:07',8,'2021-07-27 13:23:19'),(230,12,10,'1110',8,'2020-11-28 18:04:07',8,'2021-07-27 13:23:19'),(231,12,11,'1110',8,'2020-11-28 18:04:07',8,'2021-07-27 13:23:19'),(232,12,12,'0000',8,'2020-11-28 18:04:07',8,'2020-11-28 18:04:07'),(233,12,13,'0000',8,'2020-11-28 18:04:07',8,'2020-11-28 18:04:07'),(234,12,14,'0000',8,'2020-11-28 18:04:07',8,'2020-11-28 18:04:07'),(235,12,15,'0000',8,'2020-11-28 18:04:07',8,'2020-11-28 18:04:07'),(236,12,16,'0000',8,'2020-11-28 18:04:07',8,'2020-11-28 18:04:07'),(237,12,17,'0000',8,'2020-11-28 18:04:07',8,'2020-11-28 18:04:07'),(238,12,18,'0000',8,'2020-11-28 18:04:07',8,'2020-11-28 18:04:07'),(239,12,19,'0000',8,'2020-11-28 18:04:07',8,'2020-11-28 18:04:07'),(240,12,20,'1110',8,'2020-11-28 18:04:07',8,'2021-07-27 13:23:19'),(241,13,1,'1111',1,'2020-11-30 19:53:05',1,'2020-11-30 19:53:05'),(242,13,2,'1111',1,'2020-11-30 19:53:05',1,'2020-11-30 19:53:05'),(243,13,3,'1111',1,'2020-11-30 19:53:05',1,'2020-11-30 19:53:05'),(244,13,4,'1111',1,'2020-11-30 19:53:05',1,'2020-11-30 19:53:05'),(245,13,5,'1111',1,'2020-11-30 19:53:05',1,'2020-11-30 19:53:05'),(246,13,6,'1111',1,'2020-11-30 19:53:05',1,'2020-11-30 19:53:05'),(247,13,7,'1111',1,'2020-11-30 19:53:05',1,'2020-11-30 19:53:05'),(248,13,8,'1111',1,'2020-11-30 19:53:05',1,'2020-11-30 19:53:05'),(249,13,9,'1111',1,'2020-11-30 19:53:05',1,'2020-11-30 19:53:05'),(250,13,10,'1111',1,'2020-11-30 19:53:05',1,'2020-11-30 19:53:05'),(251,13,11,'1111',1,'2020-11-30 19:53:05',1,'2020-11-30 19:53:05'),(252,13,12,'0000',1,'2020-11-30 19:53:05',1,'2020-11-30 19:53:05'),(253,13,13,'0000',1,'2020-11-30 19:53:05',1,'2020-11-30 19:53:05'),(254,13,14,'0000',1,'2020-11-30 19:53:05',1,'2020-11-30 19:53:05'),(255,13,15,'0000',1,'2020-11-30 19:53:05',1,'2020-11-30 19:53:05'),(256,13,16,'0000',1,'2020-11-30 19:53:05',1,'2020-11-30 19:53:05'),(257,13,17,'0000',1,'2020-11-30 19:53:05',1,'2020-11-30 19:53:05'),(258,13,18,'0000',1,'2020-11-30 19:53:05',1,'2020-11-30 19:53:05'),(259,13,19,'0000',1,'2020-11-30 19:53:05',1,'2020-11-30 19:53:05'),(260,13,20,'1111',1,'2020-11-30 19:53:05',1,'2020-11-30 19:53:05'),(261,14,1,'0100',1,'2020-11-30 19:53:05',1,'2020-11-30 19:53:05'),(262,14,2,'0100',1,'2020-11-30 19:53:05',1,'2020-11-30 19:53:05'),(263,14,3,'0100',1,'2020-11-30 19:53:05',1,'2020-11-30 19:53:05'),(264,14,4,'0100',1,'2020-11-30 19:53:05',1,'2020-11-30 19:53:05'),(265,14,5,'0100',1,'2020-11-30 19:53:05',1,'2020-11-30 19:53:05'),(266,14,6,'0100',1,'2020-11-30 19:53:05',1,'2020-11-30 19:53:05'),(267,14,7,'0100',1,'2020-11-30 19:53:05',1,'2020-11-30 19:53:05'),(268,14,8,'0100',1,'2020-11-30 19:53:05',1,'2020-11-30 19:53:05'),(269,14,9,'0100',1,'2020-11-30 19:53:05',1,'2020-11-30 19:53:05'),(270,14,10,'0100',1,'2020-11-30 19:53:05',1,'2020-11-30 19:53:05'),(271,14,11,'0100',1,'2020-11-30 19:53:05',1,'2020-11-30 19:53:05'),(272,14,12,'0000',1,'2020-11-30 19:53:05',1,'2020-11-30 19:53:05'),(273,14,13,'0000',1,'2020-11-30 19:53:05',1,'2020-11-30 19:53:05'),(274,14,14,'0000',1,'2020-11-30 19:53:05',1,'2020-11-30 19:53:05'),(275,14,15,'0000',1,'2020-11-30 19:53:05',1,'2020-11-30 19:53:05'),(276,14,16,'0000',1,'2020-11-30 19:53:05',1,'2020-11-30 19:53:05'),(277,14,17,'0000',1,'2020-11-30 19:53:05',1,'2020-11-30 19:53:05'),(278,14,18,'0000',1,'2020-11-30 19:53:05',1,'2020-11-30 19:53:05'),(279,14,19,'0000',1,'2020-11-30 19:53:05',1,'2020-11-30 19:53:05'),(280,14,20,'0100',1,'2020-11-30 19:53:05',1,'2020-11-30 19:53:05'),(281,15,1,'1111',1,'2020-11-30 20:29:09',1,'2020-11-30 20:29:09'),(282,15,2,'1111',1,'2020-11-30 20:29:09',1,'2020-11-30 20:29:09'),(283,15,3,'1111',1,'2020-11-30 20:29:09',1,'2020-11-30 20:29:09'),(284,15,4,'1111',1,'2020-11-30 20:29:09',1,'2020-11-30 20:29:09'),(285,15,5,'1111',1,'2020-11-30 20:29:09',1,'2020-11-30 20:29:09'),(286,15,6,'1111',1,'2020-11-30 20:29:09',1,'2020-11-30 20:29:09'),(287,15,7,'1111',1,'2020-11-30 20:29:09',1,'2020-11-30 20:29:09'),(288,15,8,'1111',1,'2020-11-30 20:29:09',1,'2020-11-30 20:29:09'),(289,15,9,'1111',1,'2020-11-30 20:29:09',1,'2020-11-30 20:29:09'),(290,15,10,'1111',1,'2020-11-30 20:29:09',1,'2020-11-30 20:29:09'),(291,15,11,'1111',1,'2020-11-30 20:29:09',1,'2020-11-30 20:29:09'),(292,15,12,'0000',1,'2020-11-30 20:29:09',1,'2020-11-30 20:29:09'),(293,15,13,'0000',1,'2020-11-30 20:29:09',1,'2020-11-30 20:29:09'),(294,15,14,'0000',1,'2020-11-30 20:29:09',1,'2020-11-30 20:29:09'),(295,15,15,'0000',1,'2020-11-30 20:29:09',1,'2020-11-30 20:29:09'),(296,15,16,'0000',1,'2020-11-30 20:29:09',1,'2020-11-30 20:29:09'),(297,15,17,'0000',1,'2020-11-30 20:29:09',1,'2020-11-30 20:29:09'),(298,15,18,'0000',1,'2020-11-30 20:29:09',1,'2020-11-30 20:29:09'),(299,15,19,'0000',1,'2020-11-30 20:29:09',1,'2020-11-30 20:29:09'),(300,15,20,'1111',1,'2020-11-30 20:29:09',1,'2020-11-30 20:29:09'),(301,16,1,'0100',1,'2020-11-30 20:29:09',1,'2020-11-30 20:29:09'),(302,16,2,'0100',1,'2020-11-30 20:29:09',1,'2020-11-30 20:29:09'),(303,16,3,'0100',1,'2020-11-30 20:29:09',1,'2020-11-30 20:29:09'),(304,16,4,'0100',1,'2020-11-30 20:29:09',1,'2020-11-30 20:29:09'),(305,16,5,'0100',1,'2020-11-30 20:29:09',1,'2020-11-30 20:29:09'),(306,16,6,'0100',1,'2020-11-30 20:29:09',1,'2020-11-30 20:29:09'),(307,16,7,'0100',1,'2020-11-30 20:29:09',1,'2020-11-30 20:29:09'),(308,16,8,'0100',1,'2020-11-30 20:29:09',1,'2020-11-30 20:29:09'),(309,16,9,'0100',1,'2020-11-30 20:29:09',1,'2020-11-30 20:29:09'),(310,16,10,'0100',1,'2020-11-30 20:29:09',1,'2020-11-30 20:29:09'),(311,16,11,'0100',1,'2020-11-30 20:29:09',1,'2020-11-30 20:29:09'),(312,16,12,'0000',1,'2020-11-30 20:29:09',1,'2020-11-30 20:29:09'),(313,16,13,'0000',1,'2020-11-30 20:29:09',1,'2020-11-30 20:29:09'),(314,16,14,'0000',1,'2020-11-30 20:29:09',1,'2020-11-30 20:29:09'),(315,16,15,'0000',1,'2020-11-30 20:29:09',1,'2020-11-30 20:29:09'),(316,16,16,'0000',1,'2020-11-30 20:29:09',1,'2020-11-30 20:29:09'),(317,16,17,'0000',1,'2020-11-30 20:29:09',1,'2020-11-30 20:29:09'),(318,16,18,'0000',1,'2020-11-30 20:29:09',1,'2020-11-30 20:29:09'),(319,16,19,'0000',1,'2020-11-30 20:29:09',1,'2020-11-30 20:29:09'),(320,16,20,'0100',1,'2020-11-30 20:29:09',1,'2020-11-30 20:29:09'),(321,18,1,'0100',1,'2020-11-30 23:17:46',1,'2020-11-30 23:17:46'),(322,18,2,'0100',1,'2020-11-30 23:17:46',1,'2020-11-30 23:17:46'),(323,18,3,'0100',1,'2020-11-30 23:17:46',1,'2020-11-30 23:17:46'),(324,18,4,'0100',1,'2020-11-30 23:17:46',1,'2020-11-30 23:17:46'),(325,18,5,'0100',1,'2020-11-30 23:17:46',1,'2020-11-30 23:17:46'),(326,18,6,'0100',1,'2020-11-30 23:17:46',1,'2020-11-30 23:17:46'),(327,18,7,'0100',1,'2020-11-30 23:17:46',1,'2020-11-30 23:17:46'),(328,18,8,'0100',1,'2020-11-30 23:17:46',1,'2020-11-30 23:17:46'),(329,18,9,'0100',1,'2020-11-30 23:17:46',1,'2020-11-30 23:17:46'),(330,18,10,'0100',1,'2020-11-30 23:17:46',1,'2020-11-30 23:17:46'),(331,18,11,'0100',1,'2020-11-30 23:17:46',1,'2020-11-30 23:17:46'),(332,18,12,'0000',1,'2020-11-30 23:17:46',1,'2020-11-30 23:17:46'),(333,18,13,'0000',1,'2020-11-30 23:17:46',1,'2020-11-30 23:17:46'),(334,18,14,'0000',1,'2020-11-30 23:17:46',1,'2020-11-30 23:17:46'),(335,18,15,'0000',1,'2020-11-30 23:17:46',1,'2020-11-30 23:17:46'),(336,18,16,'0000',1,'2020-11-30 23:17:46',1,'2020-11-30 23:17:46'),(337,18,17,'0000',1,'2020-11-30 23:17:46',1,'2020-11-30 23:17:46'),(338,18,18,'0000',1,'2020-11-30 23:17:46',1,'2020-11-30 23:17:46'),(339,18,19,'0100',1,'2020-11-30 23:17:46',1,'2020-11-30 23:17:46'),(340,18,20,'0100',1,'2020-11-30 23:17:46',1,'2020-11-30 23:17:46'),(341,17,1,'1111',1,'2020-11-30 23:17:46',1,'2020-11-30 23:17:46'),(342,17,2,'1111',1,'2020-11-30 23:17:46',1,'2020-11-30 23:17:46'),(343,17,3,'1111',1,'2020-11-30 23:17:46',1,'2020-11-30 23:17:46'),(344,17,4,'1111',1,'2020-11-30 23:17:46',1,'2020-11-30 23:17:46'),(345,17,5,'1111',1,'2020-11-30 23:17:46',1,'2020-11-30 23:17:46'),(346,17,6,'1111',1,'2020-11-30 23:17:46',1,'2020-11-30 23:17:46'),(347,17,7,'1111',1,'2020-11-30 23:17:46',1,'2020-11-30 23:17:46'),(348,17,8,'1111',1,'2020-11-30 23:17:46',1,'2020-11-30 23:17:46'),(349,17,9,'1111',1,'2020-11-30 23:17:46',1,'2020-11-30 23:17:46'),(350,17,10,'1111',1,'2020-11-30 23:17:46',1,'2020-11-30 23:17:46'),(351,17,11,'1111',1,'2020-11-30 23:17:46',1,'2020-11-30 23:17:46'),(352,17,12,'0000',1,'2020-11-30 23:17:46',1,'2020-11-30 23:17:46'),(353,17,13,'0000',1,'2020-11-30 23:17:46',1,'2020-11-30 23:17:46'),(354,17,14,'0000',1,'2020-11-30 23:17:46',1,'2020-11-30 23:17:46'),(355,17,15,'0000',1,'2020-11-30 23:17:46',1,'2020-11-30 23:17:46'),(356,17,16,'0000',1,'2020-11-30 23:17:46',1,'2020-11-30 23:17:46'),(357,17,17,'0000',1,'2020-11-30 23:17:46',1,'2020-11-30 23:17:46'),(358,17,18,'0000',1,'2020-11-30 23:17:46',1,'2020-11-30 23:17:46'),(359,17,19,'1111',1,'2020-11-30 23:17:46',1,'2020-11-30 23:17:46'),(360,17,20,'1111',1,'2020-11-30 23:17:46',1,'2020-11-30 23:17:46'),(361,19,1,'1111',1,'2020-12-03 18:31:26',1,'2020-12-03 18:31:26'),(362,19,2,'1111',1,'2020-12-03 18:31:26',1,'2020-12-03 18:31:26'),(363,19,3,'1111',1,'2020-12-03 18:31:26',1,'2020-12-03 18:31:26'),(364,19,4,'1111',1,'2020-12-03 18:31:26',1,'2020-12-03 18:31:26'),(365,19,5,'1111',1,'2020-12-03 18:31:26',1,'2020-12-03 18:31:26'),(366,19,6,'1111',1,'2020-12-03 18:31:26',1,'2020-12-03 18:31:26'),(367,19,7,'1111',1,'2020-12-03 18:31:26',1,'2020-12-03 18:31:26'),(368,19,8,'1111',1,'2020-12-03 18:31:26',1,'2020-12-03 18:31:26'),(369,19,9,'1111',1,'2020-12-03 18:31:26',1,'2020-12-03 18:31:26'),(370,19,10,'1111',1,'2020-12-03 18:31:26',1,'2020-12-03 18:31:26'),(371,19,11,'1111',1,'2020-12-03 18:31:26',1,'2020-12-03 18:31:26'),(372,19,12,'0000',1,'2020-12-03 18:31:26',1,'2020-12-03 18:31:26'),(373,19,13,'0000',1,'2020-12-03 18:31:26',1,'2020-12-03 18:31:26'),(374,19,14,'0000',1,'2020-12-03 18:31:26',1,'2020-12-03 18:31:26'),(375,19,15,'0000',1,'2020-12-03 18:31:26',1,'2020-12-03 18:31:26'),(376,19,16,'0000',1,'2020-12-03 18:31:26',1,'2020-12-03 18:31:26'),(377,19,17,'0000',1,'2020-12-03 18:31:26',1,'2020-12-03 18:31:26'),(378,19,18,'0000',1,'2020-12-03 18:31:26',1,'2020-12-03 18:31:26'),(379,19,19,'0000',1,'2020-12-03 18:31:26',1,'2020-12-03 18:31:26'),(380,19,20,'1111',1,'2020-12-03 18:31:26',1,'2020-12-03 18:31:26'),(381,20,1,'0100',1,'2020-12-03 18:31:26',1,'2020-12-03 18:31:26'),(382,20,2,'0100',1,'2020-12-03 18:31:26',1,'2020-12-03 18:31:26'),(383,20,3,'0100',1,'2020-12-03 18:31:26',1,'2020-12-03 18:31:26'),(384,20,4,'0100',1,'2020-12-03 18:31:26',1,'2020-12-03 18:31:26'),(385,20,5,'0100',1,'2020-12-03 18:31:26',1,'2020-12-03 18:31:26'),(386,20,6,'0100',1,'2020-12-03 18:31:26',1,'2020-12-03 18:31:26'),(387,20,7,'0100',1,'2020-12-03 18:31:26',1,'2020-12-03 18:31:26'),(388,20,8,'0100',1,'2020-12-03 18:31:26',1,'2020-12-03 18:31:26'),(389,20,9,'0100',1,'2020-12-03 18:31:26',1,'2020-12-03 18:31:26'),(390,20,10,'0100',1,'2020-12-03 18:31:26',1,'2020-12-03 18:31:26'),(391,20,11,'0100',1,'2020-12-03 18:31:26',1,'2020-12-03 18:31:26'),(392,20,12,'0000',1,'2020-12-03 18:31:26',1,'2020-12-03 18:31:26'),(393,20,13,'0000',1,'2020-12-03 18:31:26',1,'2020-12-03 18:31:26'),(394,20,14,'0000',1,'2020-12-03 18:31:26',1,'2020-12-03 18:31:26'),(395,20,15,'0000',1,'2020-12-03 18:31:26',1,'2020-12-03 18:31:26'),(396,20,16,'0000',1,'2020-12-03 18:31:26',1,'2020-12-03 18:31:26'),(397,20,17,'0000',1,'2020-12-03 18:31:26',1,'2020-12-03 18:31:26'),(398,20,18,'0000',1,'2020-12-03 18:31:26',1,'2020-12-03 18:31:26'),(399,20,19,'0000',1,'2020-12-03 18:31:26',1,'2020-12-03 18:31:26'),(400,20,20,'0100',1,'2020-12-03 18:31:26',1,'2020-12-03 18:31:26'),(401,21,1,'1111',1,'2020-12-16 14:17:25',1,'2020-12-16 14:17:25'),(402,21,2,'1111',1,'2020-12-16 14:17:25',1,'2020-12-16 14:17:25'),(403,21,3,'1111',1,'2020-12-16 14:17:25',1,'2020-12-16 14:17:25'),(404,21,4,'1111',1,'2020-12-16 14:17:25',1,'2020-12-16 14:17:25'),(405,21,5,'1111',1,'2020-12-16 14:17:25',1,'2020-12-16 14:17:25'),(406,21,6,'1111',1,'2020-12-16 14:17:25',1,'2020-12-16 14:17:25'),(407,21,7,'1111',1,'2020-12-16 14:17:25',1,'2020-12-16 14:17:25'),(408,21,8,'1111',1,'2020-12-16 14:17:25',1,'2020-12-16 14:17:25'),(409,21,9,'1111',1,'2020-12-16 14:17:25',1,'2020-12-16 14:17:25'),(410,21,10,'1111',1,'2020-12-16 14:17:25',1,'2020-12-16 14:17:25'),(411,21,11,'1111',1,'2020-12-16 14:17:25',1,'2020-12-16 14:17:25'),(412,21,12,'0000',1,'2020-12-16 14:17:25',1,'2020-12-16 14:17:25'),(413,21,13,'0000',1,'2020-12-16 14:17:25',1,'2020-12-16 14:17:25'),(414,21,14,'0000',1,'2020-12-16 14:17:25',1,'2020-12-16 14:17:25'),(415,21,15,'0000',1,'2020-12-16 14:17:25',1,'2020-12-16 14:17:25'),(416,21,16,'0000',1,'2020-12-16 14:17:25',1,'2020-12-16 14:17:25'),(417,21,17,'0000',1,'2020-12-16 14:17:25',1,'2020-12-16 14:17:25'),(418,21,18,'0000',1,'2020-12-16 14:17:25',1,'2020-12-16 14:17:25'),(419,21,19,'0000',1,'2020-12-16 14:17:25',1,'2020-12-16 14:17:25'),(420,21,20,'1111',1,'2020-12-16 14:17:25',1,'2020-12-16 14:17:25'),(421,22,1,'0100',1,'2020-12-16 14:17:25',1,'2020-12-16 14:17:25'),(422,22,2,'0100',1,'2020-12-16 14:17:25',1,'2020-12-16 14:17:25'),(423,22,3,'0100',1,'2020-12-16 14:17:25',1,'2020-12-16 14:17:25'),(424,22,4,'0100',1,'2020-12-16 14:17:25',1,'2020-12-16 14:17:25'),(425,22,5,'0100',1,'2020-12-16 14:17:25',1,'2020-12-16 14:17:25'),(426,22,6,'0100',1,'2020-12-16 14:17:25',1,'2020-12-16 14:17:25'),(427,22,7,'0100',1,'2020-12-16 14:17:25',1,'2020-12-16 14:17:25'),(428,22,8,'0100',1,'2020-12-16 14:17:25',1,'2020-12-16 14:17:25'),(429,22,9,'0100',1,'2020-12-16 14:17:25',1,'2020-12-16 14:17:25'),(430,22,10,'0100',1,'2020-12-16 14:17:25',1,'2020-12-16 14:17:25'),(431,22,11,'0100',1,'2020-12-16 14:17:25',1,'2020-12-16 14:17:25'),(432,22,12,'0000',1,'2020-12-16 14:17:25',1,'2020-12-16 14:17:25'),(433,22,13,'0000',1,'2020-12-16 14:17:25',1,'2020-12-16 14:17:25'),(434,22,14,'0000',1,'2020-12-16 14:17:25',1,'2020-12-16 14:17:25'),(435,22,15,'0000',1,'2020-12-16 14:17:25',1,'2020-12-16 14:17:25'),(436,22,16,'0000',1,'2020-12-16 14:17:25',1,'2020-12-16 14:17:25'),(437,22,17,'0000',1,'2020-12-16 14:17:25',1,'2020-12-16 14:17:25'),(438,22,18,'0000',1,'2020-12-16 14:17:25',1,'2020-12-16 14:17:25'),(439,22,19,'0000',1,'2020-12-16 14:17:25',1,'2020-12-16 14:17:25'),(440,22,20,'0100',1,'2020-12-16 14:17:25',1,'2020-12-16 14:17:25'),(441,23,1,'0000',3,'2020-12-16 19:40:10',3,'2020-12-16 19:40:10'),(442,23,2,'0000',3,'2020-12-16 19:40:10',3,'2020-12-16 19:40:10'),(443,23,3,'0000',3,'2020-12-16 19:40:10',3,'2020-12-16 19:40:10'),(444,23,4,'0000',3,'2020-12-16 19:40:10',3,'2020-12-16 19:40:10'),(445,23,5,'0000',3,'2020-12-16 19:40:10',3,'2020-12-16 19:40:10'),(446,23,6,'0000',3,'2020-12-16 19:40:10',3,'2020-12-16 19:40:10'),(447,23,7,'0000',3,'2020-12-16 19:40:10',3,'2020-12-16 19:40:10'),(448,23,8,'0000',3,'2020-12-16 19:40:10',3,'2020-12-16 19:40:10'),(449,23,9,'0000',3,'2020-12-16 19:40:10',3,'2020-12-16 19:40:10'),(450,23,10,'0000',3,'2020-12-16 19:40:10',3,'2020-12-16 19:40:10'),(451,23,11,'0000',3,'2020-12-16 19:40:10',3,'2020-12-16 19:40:10'),(452,23,12,'0000',3,'2020-12-16 19:40:10',3,'2020-12-16 19:40:10'),(453,23,13,'0000',3,'2020-12-16 19:40:10',3,'2020-12-16 19:40:10'),(454,23,14,'0000',3,'2020-12-16 19:40:10',3,'2020-12-16 19:40:10'),(455,23,15,'0000',3,'2020-12-16 19:40:10',3,'2020-12-16 19:40:10'),(456,23,16,'0000',3,'2020-12-16 19:40:10',3,'2020-12-16 19:40:10'),(457,23,17,'0000',3,'2020-12-16 19:40:10',3,'2020-12-16 19:40:10'),(458,23,18,'0000',3,'2020-12-16 19:40:10',3,'2020-12-16 19:40:10'),(459,23,19,'0000',3,'2020-12-16 19:40:10',3,'2020-12-16 19:40:10'),(460,23,20,'0000',3,'2020-12-16 19:40:10',3,'2020-12-16 19:40:10'),(461,24,1,'1111',1,'2020-12-21 19:56:55',1,'2020-12-21 19:56:55'),(462,24,2,'1111',1,'2020-12-21 19:56:55',1,'2020-12-21 19:56:55'),(463,24,3,'1111',1,'2020-12-21 19:56:55',1,'2020-12-21 19:56:55'),(464,24,4,'1111',1,'2020-12-21 19:56:55',1,'2020-12-21 19:56:55'),(465,24,5,'1111',1,'2020-12-21 19:56:55',1,'2020-12-21 19:56:55'),(466,24,6,'1111',1,'2020-12-21 19:56:55',1,'2020-12-21 19:56:55'),(467,24,7,'1111',1,'2020-12-21 19:56:55',1,'2020-12-21 19:56:55'),(468,24,8,'1111',1,'2020-12-21 19:56:55',1,'2020-12-21 19:56:55'),(469,24,9,'1111',1,'2020-12-21 19:56:55',1,'2020-12-21 19:56:55'),(470,24,10,'1111',1,'2020-12-21 19:56:55',1,'2020-12-21 19:56:55'),(471,24,11,'1111',1,'2020-12-21 19:56:55',1,'2020-12-21 19:56:55'),(472,24,12,'0000',1,'2020-12-21 19:56:55',1,'2020-12-21 19:56:55'),(473,24,13,'0000',1,'2020-12-21 19:56:55',1,'2020-12-21 19:56:55'),(474,24,14,'0000',1,'2020-12-21 19:56:55',1,'2020-12-21 19:56:55'),(475,24,15,'0000',1,'2020-12-21 19:56:55',1,'2020-12-21 19:56:55'),(476,24,16,'0000',1,'2020-12-21 19:56:55',1,'2020-12-21 19:56:55'),(477,24,17,'0000',1,'2020-12-21 19:56:55',1,'2020-12-21 19:56:55'),(478,24,18,'0000',1,'2020-12-21 19:56:55',1,'2020-12-21 19:56:55'),(479,24,19,'1111',1,'2020-12-21 19:56:55',1,'2020-12-21 19:56:55'),(480,24,20,'1111',1,'2020-12-21 19:56:55',1,'2020-12-21 19:56:55'),(481,25,1,'0100',1,'2020-12-21 19:56:55',1,'2020-12-21 19:56:55'),(482,25,2,'0100',1,'2020-12-21 19:56:55',1,'2020-12-21 19:56:55'),(483,25,3,'0100',1,'2020-12-21 19:56:55',1,'2020-12-21 19:56:55'),(484,25,4,'0100',1,'2020-12-21 19:56:55',1,'2020-12-21 19:56:55'),(485,25,5,'0100',1,'2020-12-21 19:56:55',1,'2020-12-21 19:56:55'),(486,25,6,'0100',1,'2020-12-21 19:56:55',1,'2020-12-21 19:56:55'),(487,25,7,'0100',1,'2020-12-21 19:56:55',1,'2020-12-21 19:56:55'),(488,25,8,'0100',1,'2020-12-21 19:56:55',1,'2020-12-21 19:56:55'),(489,25,9,'0100',1,'2020-12-21 19:56:55',1,'2020-12-21 19:56:55'),(490,25,10,'0100',1,'2020-12-21 19:56:55',1,'2020-12-21 19:56:55'),(491,25,11,'0100',1,'2020-12-21 19:56:55',1,'2020-12-21 19:56:55'),(492,25,12,'0000',1,'2020-12-21 19:56:55',1,'2020-12-21 19:56:55'),(493,25,13,'0000',1,'2020-12-21 19:56:55',1,'2020-12-21 19:56:55'),(494,25,14,'0000',1,'2020-12-21 19:56:55',1,'2020-12-21 19:56:55'),(495,25,15,'0000',1,'2020-12-21 19:56:55',1,'2020-12-21 19:56:55'),(496,25,16,'0000',1,'2020-12-21 19:56:55',1,'2020-12-21 19:56:55'),(497,25,17,'0000',1,'2020-12-21 19:56:55',1,'2020-12-21 19:56:55'),(498,25,18,'0000',1,'2020-12-21 19:56:55',1,'2020-12-21 19:56:55'),(499,25,19,'0100',1,'2020-12-21 19:56:55',1,'2020-12-21 19:56:55'),(500,25,20,'0100',1,'2020-12-21 19:56:55',1,'2020-12-21 19:56:55'),(501,26,1,'1111',1,'2021-03-10 22:00:34',1,'2021-03-10 22:00:34'),(502,26,2,'1111',1,'2021-03-10 22:00:34',1,'2021-03-10 22:00:34'),(503,26,3,'1111',1,'2021-03-10 22:00:34',1,'2021-03-10 22:00:34'),(504,26,4,'1111',1,'2021-03-10 22:00:34',1,'2021-03-10 22:00:34'),(505,26,5,'1111',1,'2021-03-10 22:00:34',1,'2021-03-10 22:00:34'),(506,26,6,'1111',1,'2021-03-10 22:00:34',1,'2021-03-10 22:00:34'),(507,26,7,'1111',1,'2021-03-10 22:00:34',1,'2021-03-10 22:00:34'),(508,26,8,'1111',1,'2021-03-10 22:00:34',1,'2021-03-10 22:00:34'),(509,26,9,'1111',1,'2021-03-10 22:00:34',1,'2021-03-10 22:00:34'),(510,26,10,'1111',1,'2021-03-10 22:00:34',1,'2021-03-10 22:00:34'),(511,26,11,'1111',1,'2021-03-10 22:00:34',1,'2021-03-10 22:00:34'),(512,26,12,'0000',1,'2021-03-10 22:00:34',1,'2021-03-10 22:00:34'),(513,26,13,'0000',1,'2021-03-10 22:00:34',1,'2021-03-10 22:00:34'),(514,26,14,'0000',1,'2021-03-10 22:00:34',1,'2021-03-10 22:00:34'),(515,26,15,'0000',1,'2021-03-10 22:00:34',1,'2021-03-10 22:00:34'),(516,26,16,'0000',1,'2021-03-10 22:00:34',1,'2021-03-10 22:00:34'),(517,26,17,'0000',1,'2021-03-10 22:00:34',1,'2021-03-10 22:00:34'),(518,26,18,'0000',1,'2021-03-10 22:00:34',1,'2021-03-10 22:00:34'),(519,26,19,'1111',1,'2021-03-10 22:00:34',1,'2021-03-10 22:00:34'),(520,26,20,'1111',1,'2021-03-10 22:00:34',1,'2021-03-10 22:00:34'),(521,27,1,'0100',1,'2021-03-10 22:00:34',1,'2021-03-10 22:00:34'),(522,27,2,'0100',1,'2021-03-10 22:00:34',1,'2021-03-10 22:00:34'),(523,27,3,'0100',1,'2021-03-10 22:00:34',1,'2021-03-10 22:00:34'),(524,27,4,'0100',1,'2021-03-10 22:00:34',1,'2021-03-10 22:00:34'),(525,27,5,'0100',1,'2021-03-10 22:00:34',1,'2021-03-10 22:00:34'),(526,27,6,'0100',1,'2021-03-10 22:00:34',1,'2021-03-10 22:00:34'),(527,27,7,'0100',1,'2021-03-10 22:00:34',1,'2021-03-10 22:00:34'),(528,27,8,'0100',1,'2021-03-10 22:00:34',1,'2021-03-10 22:00:34'),(529,27,9,'0100',1,'2021-03-10 22:00:34',1,'2021-03-10 22:00:34'),(530,27,10,'0100',1,'2021-03-10 22:00:34',1,'2021-03-10 22:00:34'),(531,27,11,'0100',1,'2021-03-10 22:00:34',1,'2021-03-10 22:00:34'),(532,27,12,'0000',1,'2021-03-10 22:00:34',1,'2021-03-10 22:00:34'),(533,27,13,'0000',1,'2021-03-10 22:00:34',1,'2021-03-10 22:00:34'),(534,27,14,'0000',1,'2021-03-10 22:00:34',1,'2021-03-10 22:00:34'),(535,27,15,'0000',1,'2021-03-10 22:00:34',1,'2021-03-10 22:00:34'),(536,27,16,'0000',1,'2021-03-10 22:00:34',1,'2021-03-10 22:00:34'),(537,27,17,'0000',1,'2021-03-10 22:00:34',1,'2021-03-10 22:00:34'),(538,27,18,'0000',1,'2021-03-10 22:00:34',1,'2021-03-10 22:00:34'),(539,27,19,'0100',1,'2021-03-10 22:00:34',1,'2021-03-10 22:00:34'),(540,27,20,'0100',1,'2021-03-10 22:00:34',1,'2021-03-10 22:00:34'),(541,28,1,'1111',1,'2021-06-24 00:04:48',1,'2021-06-24 00:04:48'),(542,28,2,'1111',1,'2021-06-24 00:04:48',1,'2021-06-24 00:04:48'),(543,28,3,'1111',1,'2021-06-24 00:04:48',1,'2021-06-24 00:04:48'),(544,28,4,'1111',1,'2021-06-24 00:04:48',1,'2021-06-24 00:04:48'),(545,28,5,'1111',1,'2021-06-24 00:04:48',1,'2021-06-24 00:04:48'),(546,28,6,'1111',1,'2021-06-24 00:04:48',1,'2021-06-24 00:04:48'),(547,28,7,'1111',1,'2021-06-24 00:04:48',1,'2021-06-24 00:04:48'),(548,28,8,'1111',1,'2021-06-24 00:04:48',1,'2021-06-24 00:04:48'),(549,28,9,'1111',1,'2021-06-24 00:04:48',1,'2021-06-24 00:04:48'),(550,28,10,'1111',1,'2021-06-24 00:04:48',1,'2021-06-24 00:04:48'),(551,28,11,'1111',1,'2021-06-24 00:04:48',1,'2021-06-24 00:04:48'),(552,28,12,'0000',1,'2021-06-24 00:04:48',1,'2021-06-24 00:04:48'),(553,28,13,'0000',1,'2021-06-24 00:04:48',1,'2021-06-24 00:04:48'),(554,28,14,'0000',1,'2021-06-24 00:04:48',1,'2021-06-24 00:04:48'),(555,28,15,'0000',1,'2021-06-24 00:04:48',1,'2021-06-24 00:04:48'),(556,28,16,'0000',1,'2021-06-24 00:04:48',1,'2021-06-24 00:04:48'),(557,28,17,'0000',1,'2021-06-24 00:04:48',1,'2021-06-24 00:04:48'),(558,28,18,'0000',1,'2021-06-24 00:04:48',1,'2021-06-24 00:04:48'),(559,28,19,'1111',1,'2021-06-24 00:04:48',1,'2021-06-24 00:04:48'),(560,28,20,'1111',1,'2021-06-24 00:04:48',1,'2021-06-24 00:04:48'),(561,29,1,'0100',1,'2021-06-24 00:04:48',1,'2021-06-24 00:04:48'),(562,29,2,'0100',1,'2021-06-24 00:04:48',1,'2021-06-24 00:04:48'),(563,29,3,'0100',1,'2021-06-24 00:04:48',1,'2021-06-24 00:04:48'),(564,29,4,'0100',1,'2021-06-24 00:04:48',1,'2021-06-24 00:04:48'),(565,29,5,'0100',1,'2021-06-24 00:04:48',1,'2021-06-24 00:04:48'),(566,29,6,'0100',1,'2021-06-24 00:04:48',1,'2021-06-24 00:04:48'),(567,29,7,'0100',1,'2021-06-24 00:04:48',1,'2021-06-24 00:04:48'),(568,29,8,'0100',1,'2021-06-24 00:04:48',1,'2021-06-24 00:04:48'),(569,29,9,'0100',1,'2021-06-24 00:04:48',1,'2021-06-24 00:04:48'),(570,29,10,'0100',1,'2021-06-24 00:04:48',1,'2021-06-24 00:04:48'),(571,29,11,'0100',1,'2021-06-24 00:04:48',1,'2021-06-24 00:04:48'),(572,29,12,'0000',1,'2021-06-24 00:04:48',1,'2021-06-24 00:04:48'),(573,29,13,'0000',1,'2021-06-24 00:04:48',1,'2021-06-24 00:04:48'),(574,29,14,'0000',1,'2021-06-24 00:04:48',1,'2021-06-24 00:04:48'),(575,29,15,'0000',1,'2021-06-24 00:04:48',1,'2021-06-24 00:04:48'),(576,29,16,'0000',1,'2021-06-24 00:04:48',1,'2021-06-24 00:04:48'),(577,29,17,'0000',1,'2021-06-24 00:04:48',1,'2021-06-24 00:04:48'),(578,29,18,'0000',1,'2021-06-24 00:04:48',1,'2021-06-24 00:04:48'),(579,29,19,'0100',1,'2021-06-24 00:04:48',1,'2021-06-24 00:04:48'),(580,29,20,'0100',1,'2021-06-24 00:04:48',1,'2021-06-24 00:04:48'),(581,30,1,'1111',1,'2021-07-09 15:19:55',1,'2021-07-09 15:19:55'),(582,30,2,'1111',1,'2021-07-09 15:19:55',1,'2021-07-09 15:19:55'),(583,30,3,'1111',1,'2021-07-09 15:19:55',1,'2021-07-09 15:19:55'),(584,30,4,'1111',1,'2021-07-09 15:19:55',1,'2021-07-09 15:19:55'),(585,30,5,'1111',1,'2021-07-09 15:19:55',1,'2021-07-09 15:19:55'),(586,30,6,'1111',1,'2021-07-09 15:19:55',1,'2021-07-09 15:19:55'),(587,30,7,'1111',1,'2021-07-09 15:19:55',1,'2021-07-09 15:19:55'),(588,30,8,'1111',1,'2021-07-09 15:19:55',1,'2021-07-09 15:19:55'),(589,30,9,'1111',1,'2021-07-09 15:19:55',1,'2021-07-09 15:19:55'),(590,30,10,'1111',1,'2021-07-09 15:19:55',1,'2021-07-09 15:19:55'),(591,30,11,'1111',1,'2021-07-09 15:19:55',1,'2021-07-09 15:19:55'),(592,30,12,'0000',1,'2021-07-09 15:19:55',1,'2021-07-09 15:19:55'),(593,30,13,'0000',1,'2021-07-09 15:19:55',1,'2021-07-09 15:19:55'),(594,30,14,'0000',1,'2021-07-09 15:19:55',1,'2021-07-09 15:19:55'),(595,30,15,'0000',1,'2021-07-09 15:19:55',1,'2021-07-09 15:19:55'),(596,30,16,'0000',1,'2021-07-09 15:19:55',1,'2021-07-09 15:19:55'),(597,30,17,'0000',1,'2021-07-09 15:19:55',1,'2021-07-09 15:19:55'),(598,30,18,'0000',1,'2021-07-09 15:19:55',1,'2021-07-09 15:19:55'),(599,30,19,'0000',1,'2021-07-09 15:19:55',1,'2021-07-09 15:19:55'),(600,30,20,'1111',1,'2021-07-09 15:19:55',1,'2021-07-09 15:19:55'),(601,31,1,'0100',1,'2021-07-09 15:19:55',1,'2021-07-09 15:19:55'),(602,31,2,'0100',1,'2021-07-09 15:19:55',1,'2021-07-09 15:19:55'),(603,31,3,'0100',1,'2021-07-09 15:19:55',1,'2021-07-09 15:19:55'),(604,31,4,'0100',1,'2021-07-09 15:19:55',1,'2021-07-09 15:19:55'),(605,31,5,'0100',1,'2021-07-09 15:19:55',1,'2021-07-09 15:19:55'),(606,31,6,'0100',1,'2021-07-09 15:19:55',1,'2021-07-09 15:19:55'),(607,31,7,'0100',1,'2021-07-09 15:19:55',1,'2021-07-09 15:19:55'),(608,31,8,'0100',1,'2021-07-09 15:19:55',1,'2021-07-09 15:19:55'),(609,31,9,'0100',1,'2021-07-09 15:19:55',1,'2021-07-09 15:19:55'),(610,31,10,'0100',1,'2021-07-09 15:19:55',1,'2021-07-09 15:19:55'),(611,31,11,'0100',1,'2021-07-09 15:19:55',1,'2021-07-09 15:19:55'),(612,31,12,'0000',1,'2021-07-09 15:19:55',1,'2021-07-09 15:19:55'),(613,31,13,'0000',1,'2021-07-09 15:19:55',1,'2021-07-09 15:19:55'),(614,31,14,'0000',1,'2021-07-09 15:19:55',1,'2021-07-09 15:19:55'),(615,31,15,'0000',1,'2021-07-09 15:19:55',1,'2021-07-09 15:19:55'),(616,31,16,'0000',1,'2021-07-09 15:19:55',1,'2021-07-09 15:19:55'),(617,31,17,'0000',1,'2021-07-09 15:19:55',1,'2021-07-09 15:19:55'),(618,31,18,'0000',1,'2021-07-09 15:19:55',1,'2021-07-09 15:19:55'),(619,31,19,'0000',1,'2021-07-09 15:19:55',1,'2021-07-09 15:19:55'),(620,31,20,'0100',1,'2021-07-09 15:19:55',1,'2021-07-09 15:19:55'),(621,33,1,'0100',1,'2021-07-10 12:25:17',1,'2021-07-10 12:25:17'),(622,33,2,'0100',1,'2021-07-10 12:25:17',1,'2021-07-10 12:25:17'),(623,33,3,'0100',1,'2021-07-10 12:25:17',1,'2021-07-10 12:25:17'),(624,33,4,'0100',1,'2021-07-10 12:25:17',1,'2021-07-10 12:25:17'),(625,33,5,'0100',1,'2021-07-10 12:25:17',1,'2021-07-10 12:25:17'),(626,33,6,'0100',1,'2021-07-10 12:25:17',1,'2021-07-10 12:25:17'),(627,33,7,'0100',1,'2021-07-10 12:25:17',1,'2021-07-10 12:25:17'),(628,33,8,'0100',1,'2021-07-10 12:25:17',1,'2021-07-10 12:25:17'),(629,33,9,'0100',1,'2021-07-10 12:25:17',1,'2021-07-10 12:25:17'),(630,33,10,'0100',1,'2021-07-10 12:25:17',1,'2021-07-10 12:25:17'),(631,33,11,'0100',1,'2021-07-10 12:25:17',1,'2021-07-10 12:25:17'),(632,33,12,'0000',1,'2021-07-10 12:25:17',1,'2021-07-10 12:25:17'),(633,33,13,'0000',1,'2021-07-10 12:25:17',1,'2021-07-10 12:25:17'),(634,33,14,'0000',1,'2021-07-10 12:25:17',1,'2021-07-10 12:25:17'),(635,33,15,'0000',1,'2021-07-10 12:25:17',1,'2021-07-10 12:25:17'),(636,33,16,'0000',1,'2021-07-10 12:25:17',1,'2021-07-10 12:25:17'),(637,33,17,'0000',1,'2021-07-10 12:25:17',1,'2021-07-10 12:25:17'),(638,33,18,'0000',1,'2021-07-10 12:25:17',1,'2021-07-10 12:25:17'),(639,33,19,'0000',1,'2021-07-10 12:25:17',1,'2021-07-10 12:25:17'),(640,33,20,'0100',1,'2021-07-10 12:25:17',1,'2021-07-10 12:25:17'),(641,32,1,'1111',1,'2021-07-10 12:25:17',1,'2021-07-10 12:25:17'),(642,32,2,'1111',1,'2021-07-10 12:25:17',1,'2021-07-10 12:25:17'),(643,32,3,'1111',1,'2021-07-10 12:25:17',1,'2021-07-10 12:25:17'),(644,32,4,'1111',1,'2021-07-10 12:25:17',1,'2021-07-10 12:25:17'),(645,32,5,'1111',1,'2021-07-10 12:25:17',1,'2021-07-10 12:25:17'),(646,32,6,'1111',1,'2021-07-10 12:25:17',1,'2021-07-10 12:25:17'),(647,32,7,'1111',1,'2021-07-10 12:25:17',1,'2021-07-10 12:25:17'),(648,32,8,'1111',1,'2021-07-10 12:25:17',1,'2021-07-10 12:25:17'),(649,32,9,'1111',1,'2021-07-10 12:25:17',1,'2021-07-10 12:25:17'),(650,32,10,'1111',1,'2021-07-10 12:25:17',1,'2021-07-10 12:25:17'),(651,32,11,'1111',1,'2021-07-10 12:25:17',1,'2021-07-10 12:25:17'),(652,32,12,'0000',1,'2021-07-10 12:25:17',1,'2021-07-10 12:25:17'),(653,32,13,'0000',1,'2021-07-10 12:25:17',1,'2021-07-10 12:25:17'),(654,32,14,'0000',1,'2021-07-10 12:25:17',1,'2021-07-10 12:25:17'),(655,32,15,'0000',1,'2021-07-10 12:25:17',1,'2021-07-10 12:25:17'),(656,32,16,'0000',1,'2021-07-10 12:25:17',1,'2021-07-10 12:25:17'),(657,32,17,'0000',1,'2021-07-10 12:25:17',1,'2021-07-10 12:25:17'),(658,32,18,'0000',1,'2021-07-10 12:25:17',1,'2021-07-10 12:25:17'),(659,32,19,'0000',1,'2021-07-10 12:25:17',1,'2021-07-10 12:25:17'),(660,32,20,'1111',1,'2021-07-10 12:25:17',1,'2021-07-10 12:25:17'),(661,35,1,'0100',1,'2021-07-10 12:27:02',1,'2021-07-10 12:27:02'),(662,35,2,'0100',1,'2021-07-10 12:27:02',1,'2021-07-10 12:27:02'),(663,35,3,'0100',1,'2021-07-10 12:27:02',1,'2021-07-10 12:27:02'),(664,35,4,'0100',1,'2021-07-10 12:27:02',1,'2021-07-10 12:27:02'),(665,35,5,'0100',1,'2021-07-10 12:27:02',1,'2021-07-10 12:27:02'),(666,35,6,'0100',1,'2021-07-10 12:27:02',1,'2021-07-10 12:27:02'),(667,35,7,'0100',1,'2021-07-10 12:27:02',1,'2021-07-10 12:27:02'),(668,35,8,'0100',1,'2021-07-10 12:27:02',1,'2021-07-10 12:27:02'),(669,35,9,'0100',1,'2021-07-10 12:27:02',1,'2021-07-10 12:27:02'),(670,35,10,'0100',1,'2021-07-10 12:27:02',1,'2021-07-10 12:27:02'),(671,35,11,'0100',1,'2021-07-10 12:27:02',1,'2021-07-10 12:27:02'),(672,35,12,'0000',1,'2021-07-10 12:27:02',1,'2021-07-10 12:27:02'),(673,35,13,'0000',1,'2021-07-10 12:27:02',1,'2021-07-10 12:27:02'),(674,35,14,'0000',1,'2021-07-10 12:27:02',1,'2021-07-10 12:27:02'),(675,35,15,'0000',1,'2021-07-10 12:27:02',1,'2021-07-10 12:27:02'),(676,35,16,'0000',1,'2021-07-10 12:27:02',1,'2021-07-10 12:27:02'),(677,35,17,'0000',1,'2021-07-10 12:27:02',1,'2021-07-10 12:27:02'),(678,35,18,'0000',1,'2021-07-10 12:27:02',1,'2021-07-10 12:27:02'),(679,35,19,'0000',1,'2021-07-10 12:27:02',1,'2021-07-10 12:27:02'),(680,35,20,'0100',1,'2021-07-10 12:27:02',1,'2021-07-10 12:27:02'),(681,34,1,'1111',1,'2021-07-10 12:27:02',1,'2021-07-10 12:27:02'),(682,34,2,'1111',1,'2021-07-10 12:27:02',1,'2021-07-10 12:27:02'),(683,34,3,'1111',1,'2021-07-10 12:27:02',1,'2021-07-10 12:27:02'),(684,34,4,'1111',1,'2021-07-10 12:27:02',1,'2021-07-10 12:27:02'),(685,34,5,'1111',1,'2021-07-10 12:27:02',1,'2021-07-10 12:27:02'),(686,34,6,'1111',1,'2021-07-10 12:27:02',1,'2021-07-10 12:27:02'),(687,34,7,'1111',1,'2021-07-10 12:27:02',1,'2021-07-10 12:27:02'),(688,34,8,'1111',1,'2021-07-10 12:27:02',1,'2021-07-10 12:27:02'),(689,34,9,'1111',1,'2021-07-10 12:27:02',1,'2021-07-10 12:27:02'),(690,34,10,'1111',1,'2021-07-10 12:27:02',1,'2021-07-10 12:27:02'),(691,34,11,'1111',1,'2021-07-10 12:27:02',1,'2021-07-10 12:27:02'),(692,34,12,'0000',1,'2021-07-10 12:27:02',1,'2021-07-10 12:27:02'),(693,34,13,'0000',1,'2021-07-10 12:27:02',1,'2021-07-10 12:27:02'),(694,34,14,'0000',1,'2021-07-10 12:27:02',1,'2021-07-10 12:27:02'),(695,34,15,'0000',1,'2021-07-10 12:27:02',1,'2021-07-10 12:27:02'),(696,34,16,'0000',1,'2021-07-10 12:27:02',1,'2021-07-10 12:27:02'),(697,34,17,'0000',1,'2021-07-10 12:27:02',1,'2021-07-10 12:27:02'),(698,34,18,'0000',1,'2021-07-10 12:27:02',1,'2021-07-10 12:27:02'),(699,34,19,'0000',1,'2021-07-10 12:27:02',1,'2021-07-10 12:27:02'),(700,34,20,'1111',1,'2021-07-10 12:27:02',1,'2021-07-10 12:27:02'),(701,36,1,'1111',1,'2021-07-13 16:07:38',1,'2021-07-13 16:07:38'),(702,36,2,'1111',1,'2021-07-13 16:07:38',1,'2021-07-13 16:07:38'),(703,36,3,'1111',1,'2021-07-13 16:07:38',1,'2021-07-13 16:07:38'),(704,36,4,'1111',1,'2021-07-13 16:07:38',1,'2021-07-13 16:07:38'),(705,36,5,'1111',1,'2021-07-13 16:07:38',1,'2021-07-13 16:07:38'),(706,36,6,'1111',1,'2021-07-13 16:07:38',1,'2021-07-13 16:07:38'),(707,36,7,'1111',1,'2021-07-13 16:07:38',1,'2021-07-13 16:07:38'),(708,36,8,'1111',1,'2021-07-13 16:07:38',1,'2021-07-13 16:07:38'),(709,36,9,'1111',1,'2021-07-13 16:07:38',1,'2021-07-13 16:07:38'),(710,36,10,'1111',1,'2021-07-13 16:07:38',1,'2021-07-13 16:07:38'),(711,36,11,'1111',1,'2021-07-13 16:07:38',1,'2021-07-13 16:07:38'),(712,36,12,'0000',1,'2021-07-13 16:07:38',1,'2021-07-13 16:07:38'),(713,36,13,'0000',1,'2021-07-13 16:07:38',1,'2021-07-13 16:07:38'),(714,36,14,'0000',1,'2021-07-13 16:07:38',1,'2021-07-13 16:07:38'),(715,36,15,'0000',1,'2021-07-13 16:07:38',1,'2021-07-13 16:07:38'),(716,36,16,'0000',1,'2021-07-13 16:07:38',1,'2021-07-13 16:07:38'),(717,36,17,'0000',1,'2021-07-13 16:07:38',1,'2021-07-13 16:07:38'),(718,36,18,'0000',1,'2021-07-13 16:07:38',1,'2021-07-13 16:07:38'),(719,36,19,'1111',1,'2021-07-13 16:07:38',1,'2021-07-13 16:07:38'),(720,36,20,'1111',1,'2021-07-13 16:07:38',1,'2021-07-13 16:07:38'),(721,37,1,'0100',1,'2021-07-13 16:07:38',1,'2021-07-13 16:07:38'),(722,37,2,'0100',1,'2021-07-13 16:07:38',1,'2021-07-13 16:07:38'),(723,37,3,'0100',1,'2021-07-13 16:07:38',1,'2021-07-13 16:07:38'),(724,37,4,'0100',1,'2021-07-13 16:07:38',1,'2021-07-13 16:07:38'),(725,37,5,'0100',1,'2021-07-13 16:07:38',1,'2021-07-13 16:07:38'),(726,37,6,'0100',1,'2021-07-13 16:07:38',1,'2021-07-13 16:07:38'),(727,37,7,'0100',1,'2021-07-13 16:07:38',1,'2021-07-13 16:07:38'),(728,37,8,'0100',1,'2021-07-13 16:07:38',1,'2021-07-13 16:07:38'),(729,37,9,'0100',1,'2021-07-13 16:07:38',1,'2021-07-13 16:07:38'),(730,37,10,'0100',1,'2021-07-13 16:07:38',1,'2021-07-13 16:07:38'),(731,37,11,'0100',1,'2021-07-13 16:07:38',1,'2021-07-13 16:07:38'),(732,37,12,'0000',1,'2021-07-13 16:07:38',1,'2021-07-13 16:07:38'),(733,37,13,'0000',1,'2021-07-13 16:07:38',1,'2021-07-13 16:07:38'),(734,37,14,'0000',1,'2021-07-13 16:07:38',1,'2021-07-13 16:07:38'),(735,37,15,'0000',1,'2021-07-13 16:07:38',1,'2021-07-13 16:07:38'),(736,37,16,'0000',1,'2021-07-13 16:07:38',1,'2021-07-13 16:07:38'),(737,37,17,'0000',1,'2021-07-13 16:07:38',1,'2021-07-13 16:07:38'),(738,37,18,'0000',1,'2021-07-13 16:07:38',1,'2021-07-13 16:07:38'),(739,37,19,'0100',1,'2021-07-13 16:07:38',1,'2021-07-13 16:07:38'),(740,37,20,'0100',1,'2021-07-13 16:07:38',1,'2021-07-13 16:07:38'),(741,38,1,'1111',1,'2021-07-28 15:58:22',1,'2021-07-28 15:58:22'),(742,38,2,'1111',1,'2021-07-28 15:58:22',1,'2021-07-28 15:58:22'),(743,38,3,'1111',1,'2021-07-28 15:58:22',1,'2021-07-28 15:58:22'),(744,38,4,'1111',1,'2021-07-28 15:58:22',1,'2021-07-28 15:58:22'),(745,38,5,'1111',1,'2021-07-28 15:58:22',1,'2021-07-28 15:58:22'),(746,38,6,'1111',1,'2021-07-28 15:58:22',1,'2021-07-28 15:58:22'),(747,38,7,'1111',1,'2021-07-28 15:58:22',1,'2021-07-28 15:58:22'),(748,38,8,'1111',1,'2021-07-28 15:58:22',1,'2021-07-28 15:58:22'),(749,38,9,'1111',1,'2021-07-28 15:58:22',1,'2021-07-28 15:58:22'),(750,38,10,'1111',1,'2021-07-28 15:58:22',1,'2021-07-28 15:58:22'),(751,38,11,'1111',1,'2021-07-28 15:58:22',1,'2021-07-28 15:58:22'),(752,38,12,'0000',1,'2021-07-28 15:58:22',1,'2021-07-28 15:58:22'),(753,38,13,'0000',1,'2021-07-28 15:58:22',1,'2021-07-28 15:58:22'),(754,38,14,'0000',1,'2021-07-28 15:58:22',1,'2021-07-28 15:58:22'),(755,38,15,'0000',1,'2021-07-28 15:58:22',1,'2021-07-28 15:58:22'),(756,38,16,'0000',1,'2021-07-28 15:58:22',1,'2021-07-28 15:58:22'),(757,38,17,'0000',1,'2021-07-28 15:58:22',1,'2021-07-28 15:58:22'),(758,38,18,'0000',1,'2021-07-28 15:58:22',1,'2021-07-28 15:58:22'),(759,38,19,'0000',1,'2021-07-28 15:58:22',1,'2021-07-28 15:58:22'),(760,38,20,'1111',1,'2021-07-28 15:58:22',1,'2021-07-28 15:58:22'),(761,39,1,'0100',1,'2021-07-28 15:58:22',1,'2021-07-28 15:58:22'),(762,39,2,'0100',1,'2021-07-28 15:58:22',1,'2021-07-28 15:58:22'),(763,39,3,'0100',1,'2021-07-28 15:58:22',1,'2021-07-28 15:58:22'),(764,39,4,'0100',1,'2021-07-28 15:58:22',1,'2021-07-28 15:58:22'),(765,39,5,'0100',1,'2021-07-28 15:58:22',1,'2021-07-28 15:58:22'),(766,39,6,'0100',1,'2021-07-28 15:58:22',1,'2021-07-28 15:58:22'),(767,39,7,'0100',1,'2021-07-28 15:58:22',1,'2021-07-28 15:58:22'),(768,39,8,'0100',1,'2021-07-28 15:58:22',1,'2021-07-28 15:58:22'),(769,39,9,'0100',1,'2021-07-28 15:58:22',1,'2021-07-28 15:58:22'),(770,39,10,'0100',1,'2021-07-28 15:58:22',1,'2021-07-28 15:58:22'),(771,39,11,'0100',1,'2021-07-28 15:58:22',1,'2021-07-28 15:58:22'),(772,39,12,'0000',1,'2021-07-28 15:58:22',1,'2021-07-28 15:58:22'),(773,39,13,'0000',1,'2021-07-28 15:58:22',1,'2021-07-28 15:58:22'),(774,39,14,'0000',1,'2021-07-28 15:58:22',1,'2021-07-28 15:58:22'),(775,39,15,'0000',1,'2021-07-28 15:58:22',1,'2021-07-28 15:58:22'),(776,39,16,'0000',1,'2021-07-28 15:58:22',1,'2021-07-28 15:58:22'),(777,39,17,'0000',1,'2021-07-28 15:58:22',1,'2021-07-28 15:58:22'),(778,39,18,'0000',1,'2021-07-28 15:58:22',1,'2021-07-28 15:58:22'),(779,39,19,'0000',1,'2021-07-28 15:58:22',1,'2021-07-28 15:58:22'),(780,39,20,'0100',1,'2021-07-28 15:58:22',1,'2021-07-28 15:58:22'),(781,40,1,'1111',1,'2021-08-16 18:01:53',1,'2021-08-16 18:01:53'),(782,40,2,'1111',1,'2021-08-16 18:01:53',1,'2021-08-16 18:01:53'),(783,40,3,'1111',1,'2021-08-16 18:01:53',1,'2021-08-16 18:01:53'),(784,40,4,'1111',1,'2021-08-16 18:01:53',1,'2021-08-16 18:01:53'),(785,40,5,'1111',1,'2021-08-16 18:01:53',1,'2021-08-16 18:01:53'),(786,40,6,'1111',1,'2021-08-16 18:01:53',1,'2021-08-16 18:01:53'),(787,40,7,'1111',1,'2021-08-16 18:01:53',1,'2021-08-16 18:01:53'),(788,40,8,'1111',1,'2021-08-16 18:01:53',1,'2021-08-16 18:01:53'),(789,40,9,'1111',1,'2021-08-16 18:01:53',1,'2021-08-16 18:01:53'),(790,40,10,'1111',1,'2021-08-16 18:01:53',1,'2021-08-16 18:01:53'),(791,40,11,'1111',1,'2021-08-16 18:01:53',1,'2021-08-16 18:01:53'),(792,40,12,'0000',1,'2021-08-16 18:01:53',1,'2021-08-16 18:01:53'),(793,40,13,'0000',1,'2021-08-16 18:01:53',1,'2021-08-16 18:01:53'),(794,40,14,'0000',1,'2021-08-16 18:01:53',1,'2021-08-16 18:01:53'),(795,40,15,'0000',1,'2021-08-16 18:01:53',1,'2021-08-16 18:01:53'),(796,40,16,'0000',1,'2021-08-16 18:01:53',1,'2021-08-16 18:01:53'),(797,40,17,'0000',1,'2021-08-16 18:01:53',1,'2021-08-16 18:01:53'),(798,40,18,'0000',1,'2021-08-16 18:01:53',1,'2021-08-16 18:01:53'),(799,40,19,'0000',1,'2021-08-16 18:01:53',1,'2021-08-16 18:01:53'),(800,40,20,'1111',1,'2021-08-16 18:01:53',1,'2021-08-16 18:01:53'),(801,41,1,'0100',1,'2021-08-16 18:01:53',1,'2021-08-16 18:01:53'),(802,41,2,'0100',1,'2021-08-16 18:01:53',1,'2021-08-16 18:01:53'),(803,41,3,'0100',1,'2021-08-16 18:01:53',1,'2021-08-16 18:01:53'),(804,41,4,'0100',1,'2021-08-16 18:01:53',1,'2021-08-16 18:01:53'),(805,41,5,'0100',1,'2021-08-16 18:01:53',1,'2021-08-16 18:01:53'),(806,41,6,'0100',1,'2021-08-16 18:01:53',1,'2021-08-16 18:01:53'),(807,41,7,'0100',1,'2021-08-16 18:01:53',1,'2021-08-16 18:01:53'),(808,41,8,'0100',1,'2021-08-16 18:01:53',1,'2021-08-16 18:01:53'),(809,41,9,'0100',1,'2021-08-16 18:01:53',1,'2021-08-16 18:01:53'),(810,41,10,'0100',1,'2021-08-16 18:01:53',1,'2021-08-16 18:01:53'),(811,41,11,'0100',1,'2021-08-16 18:01:53',1,'2021-08-16 18:01:53'),(812,41,12,'0000',1,'2021-08-16 18:01:53',1,'2021-08-16 18:01:53'),(813,41,13,'0000',1,'2021-08-16 18:01:53',1,'2021-08-16 18:01:53'),(814,41,14,'0000',1,'2021-08-16 18:01:53',1,'2021-08-16 18:01:53'),(815,41,15,'0000',1,'2021-08-16 18:01:53',1,'2021-08-16 18:01:53'),(816,41,16,'0000',1,'2021-08-16 18:01:53',1,'2021-08-16 18:01:53'),(817,41,17,'0000',1,'2021-08-16 18:01:53',1,'2021-08-16 18:01:53'),(818,41,18,'0000',1,'2021-08-16 18:01:53',1,'2021-08-16 18:01:53'),(819,41,19,'0000',1,'2021-08-16 18:01:53',1,'2021-08-16 18:01:53'),(820,41,20,'0100',1,'2021-08-16 18:01:53',1,'2021-08-16 18:01:53'),(821,42,1,'1111',1,'2021-08-16 18:05:24',1,'2021-08-16 18:05:24'),(822,42,2,'1111',1,'2021-08-16 18:05:24',1,'2021-08-16 18:05:24'),(823,42,3,'1111',1,'2021-08-16 18:05:24',1,'2021-08-16 18:05:24'),(824,42,4,'1111',1,'2021-08-16 18:05:24',1,'2021-08-16 18:05:24'),(825,42,5,'1111',1,'2021-08-16 18:05:24',1,'2021-08-16 18:05:24'),(826,42,6,'1111',1,'2021-08-16 18:05:24',1,'2021-08-16 18:05:24'),(827,42,7,'1111',1,'2021-08-16 18:05:24',1,'2021-08-16 18:05:24'),(828,42,8,'1111',1,'2021-08-16 18:05:24',1,'2021-08-16 18:05:24'),(829,42,9,'1111',1,'2021-08-16 18:05:24',1,'2021-08-16 18:05:24'),(830,42,10,'1111',1,'2021-08-16 18:05:24',1,'2021-08-16 18:05:24'),(831,42,11,'1111',1,'2021-08-16 18:05:24',1,'2021-08-16 18:05:24'),(832,42,12,'0000',1,'2021-08-16 18:05:24',1,'2021-08-16 18:05:24'),(833,42,13,'0000',1,'2021-08-16 18:05:24',1,'2021-08-16 18:05:24'),(834,42,14,'0000',1,'2021-08-16 18:05:24',1,'2021-08-16 18:05:24'),(835,42,15,'0000',1,'2021-08-16 18:05:24',1,'2021-08-16 18:05:24'),(836,42,16,'0000',1,'2021-08-16 18:05:24',1,'2021-08-16 18:05:24'),(837,42,17,'0000',1,'2021-08-16 18:05:24',1,'2021-08-16 18:05:24'),(838,42,18,'0000',1,'2021-08-16 18:05:24',1,'2021-08-16 18:05:24'),(839,42,19,'0000',1,'2021-08-16 18:05:24',1,'2021-08-16 18:05:24'),(840,42,20,'1111',1,'2021-08-16 18:05:24',1,'2021-08-16 18:05:24'),(841,43,1,'0100',1,'2021-08-16 18:05:24',1,'2021-08-16 18:05:24'),(842,43,2,'0100',1,'2021-08-16 18:05:24',1,'2021-08-16 18:05:24'),(843,43,3,'0100',1,'2021-08-16 18:05:24',1,'2021-08-16 18:05:24'),(844,43,4,'0100',1,'2021-08-16 18:05:24',1,'2021-08-16 18:05:24'),(845,43,5,'0100',1,'2021-08-16 18:05:24',1,'2021-08-16 18:05:24'),(846,43,6,'0100',1,'2021-08-16 18:05:24',1,'2021-08-16 18:05:24'),(847,43,7,'0100',1,'2021-08-16 18:05:24',1,'2021-08-16 18:05:24'),(848,43,8,'0100',1,'2021-08-16 18:05:24',1,'2021-08-16 18:05:24'),(849,43,9,'0100',1,'2021-08-16 18:05:24',1,'2021-08-16 18:05:24'),(850,43,10,'0100',1,'2021-08-16 18:05:24',1,'2021-08-16 18:05:24'),(851,43,11,'0100',1,'2021-08-16 18:05:24',1,'2021-08-16 18:05:24'),(852,43,12,'0000',1,'2021-08-16 18:05:24',1,'2021-08-16 18:05:24'),(853,43,13,'0000',1,'2021-08-16 18:05:24',1,'2021-08-16 18:05:24'),(854,43,14,'0000',1,'2021-08-16 18:05:24',1,'2021-08-16 18:05:24'),(855,43,15,'0000',1,'2021-08-16 18:05:24',1,'2021-08-16 18:05:24'),(856,43,16,'0000',1,'2021-08-16 18:05:24',1,'2021-08-16 18:05:24'),(857,43,17,'0000',1,'2021-08-16 18:05:24',1,'2021-08-16 18:05:24'),(858,43,18,'0000',1,'2021-08-16 18:05:24',1,'2021-08-16 18:05:24'),(859,43,19,'0000',1,'2021-08-16 18:05:24',1,'2021-08-16 18:05:24'),(860,43,20,'0100',1,'2021-08-16 18:05:24',1,'2021-08-16 18:05:24'),(861,44,1,'1111',1,'2021-08-16 18:09:31',1,'2021-08-16 18:09:31'),(862,44,2,'1111',1,'2021-08-16 18:09:31',1,'2021-08-16 18:09:31'),(863,44,3,'1111',1,'2021-08-16 18:09:31',1,'2021-08-16 18:09:31'),(864,44,4,'1111',1,'2021-08-16 18:09:31',1,'2021-08-16 18:09:31'),(865,44,5,'1111',1,'2021-08-16 18:09:31',1,'2021-08-16 18:09:31'),(866,44,6,'1111',1,'2021-08-16 18:09:31',1,'2021-08-16 18:09:31'),(867,44,7,'1111',1,'2021-08-16 18:09:31',1,'2021-08-16 18:09:31'),(868,44,8,'1111',1,'2021-08-16 18:09:31',1,'2021-08-16 18:09:31'),(869,44,9,'1111',1,'2021-08-16 18:09:31',1,'2021-08-16 18:09:31'),(870,44,10,'1111',1,'2021-08-16 18:09:31',1,'2021-08-16 18:09:31'),(871,44,11,'1111',1,'2021-08-16 18:09:31',1,'2021-08-16 18:09:31'),(872,44,12,'0000',1,'2021-08-16 18:09:31',1,'2021-08-16 18:09:31'),(873,44,13,'0000',1,'2021-08-16 18:09:31',1,'2021-08-16 18:09:31'),(874,44,14,'0000',1,'2021-08-16 18:09:31',1,'2021-08-16 18:09:31'),(875,44,15,'0000',1,'2021-08-16 18:09:31',1,'2021-08-16 18:09:31'),(876,44,16,'0000',1,'2021-08-16 18:09:31',1,'2021-08-16 18:09:31'),(877,44,17,'0000',1,'2021-08-16 18:09:31',1,'2021-08-16 18:09:31'),(878,44,18,'0000',1,'2021-08-16 18:09:31',1,'2021-08-16 18:09:31'),(879,44,19,'0000',1,'2021-08-16 18:09:31',1,'2021-08-16 18:09:31'),(880,44,20,'1111',1,'2021-08-16 18:09:31',1,'2021-08-16 18:09:31'),(881,45,1,'0100',1,'2021-08-16 18:09:31',1,'2021-08-16 18:09:31'),(882,45,2,'0100',1,'2021-08-16 18:09:31',1,'2021-08-16 18:09:31'),(883,45,3,'0100',1,'2021-08-16 18:09:31',1,'2021-08-16 18:09:31'),(884,45,4,'0100',1,'2021-08-16 18:09:31',1,'2021-08-16 18:09:31'),(885,45,5,'0100',1,'2021-08-16 18:09:31',1,'2021-08-16 18:09:31'),(886,45,6,'0100',1,'2021-08-16 18:09:31',1,'2021-08-16 18:09:31'),(887,45,7,'0100',1,'2021-08-16 18:09:31',1,'2021-08-16 18:09:31'),(888,45,8,'0100',1,'2021-08-16 18:09:31',1,'2021-08-16 18:09:31'),(889,45,9,'0100',1,'2021-08-16 18:09:31',1,'2021-08-16 18:09:31'),(890,45,10,'0100',1,'2021-08-16 18:09:31',1,'2021-08-16 18:09:31'),(891,45,11,'0100',1,'2021-08-16 18:09:31',1,'2021-08-16 18:09:31'),(892,45,12,'0000',1,'2021-08-16 18:09:31',1,'2021-08-16 18:09:31'),(893,45,13,'0000',1,'2021-08-16 18:09:31',1,'2021-08-16 18:09:31'),(894,45,14,'0000',1,'2021-08-16 18:09:31',1,'2021-08-16 18:09:31'),(895,45,15,'0000',1,'2021-08-16 18:09:31',1,'2021-08-16 18:09:31'),(896,45,16,'0000',1,'2021-08-16 18:09:31',1,'2021-08-16 18:09:31'),(897,45,17,'0000',1,'2021-08-16 18:09:31',1,'2021-08-16 18:09:31'),(898,45,18,'0000',1,'2021-08-16 18:09:31',1,'2021-08-16 18:09:31'),(899,45,19,'0000',1,'2021-08-16 18:09:31',1,'2021-08-16 18:09:31'),(900,45,20,'0100',1,'2021-08-16 18:09:31',1,'2021-08-16 18:09:31'),(901,46,1,'1111',1,'2021-08-16 18:11:47',1,'2021-08-16 18:11:47'),(902,46,2,'1111',1,'2021-08-16 18:11:47',1,'2021-08-16 18:11:47'),(903,46,3,'1111',1,'2021-08-16 18:11:47',1,'2021-08-16 18:11:47'),(904,46,4,'1111',1,'2021-08-16 18:11:47',1,'2021-08-16 18:11:47'),(905,46,5,'1111',1,'2021-08-16 18:11:47',1,'2021-08-16 18:11:47'),(906,46,6,'1111',1,'2021-08-16 18:11:47',1,'2021-08-16 18:11:47'),(907,46,7,'1111',1,'2021-08-16 18:11:47',1,'2021-08-16 18:11:47'),(908,46,8,'1111',1,'2021-08-16 18:11:47',1,'2021-08-16 18:11:47'),(909,46,9,'1111',1,'2021-08-16 18:11:47',1,'2021-08-16 18:11:47'),(910,46,10,'1111',1,'2021-08-16 18:11:47',1,'2021-08-16 18:11:47'),(911,46,11,'1111',1,'2021-08-16 18:11:47',1,'2021-08-16 18:11:47'),(912,46,12,'0000',1,'2021-08-16 18:11:47',1,'2021-08-16 18:11:47'),(913,46,13,'0000',1,'2021-08-16 18:11:47',1,'2021-08-16 18:11:47'),(914,46,14,'0000',1,'2021-08-16 18:11:47',1,'2021-08-16 18:11:47'),(915,46,15,'0000',1,'2021-08-16 18:11:47',1,'2021-08-16 18:11:47'),(916,46,16,'0000',1,'2021-08-16 18:11:47',1,'2021-08-16 18:11:47'),(917,46,17,'0000',1,'2021-08-16 18:11:47',1,'2021-08-16 18:11:47'),(918,46,18,'0000',1,'2021-08-16 18:11:47',1,'2021-08-16 18:11:47'),(919,46,19,'0000',1,'2021-08-16 18:11:47',1,'2021-08-16 18:11:47'),(920,46,20,'1111',1,'2021-08-16 18:11:47',1,'2021-08-16 18:11:47'),(921,47,1,'0100',1,'2021-08-16 18:11:47',1,'2021-08-16 18:11:47'),(922,47,2,'0100',1,'2021-08-16 18:11:47',1,'2021-08-16 18:11:47'),(923,47,3,'0100',1,'2021-08-16 18:11:47',1,'2021-08-16 18:11:47'),(924,47,4,'0100',1,'2021-08-16 18:11:47',1,'2021-08-16 18:11:47'),(925,47,5,'0100',1,'2021-08-16 18:11:47',1,'2021-08-16 18:11:47'),(926,47,6,'0100',1,'2021-08-16 18:11:47',1,'2021-08-16 18:11:47'),(927,47,7,'0100',1,'2021-08-16 18:11:47',1,'2021-08-16 18:11:47'),(928,47,8,'0100',1,'2021-08-16 18:11:47',1,'2021-08-16 18:11:47'),(929,47,9,'0100',1,'2021-08-16 18:11:47',1,'2021-08-16 18:11:47'),(930,47,10,'0100',1,'2021-08-16 18:11:47',1,'2021-08-16 18:11:47'),(931,47,11,'0100',1,'2021-08-16 18:11:47',1,'2021-08-16 18:11:47'),(932,47,12,'0000',1,'2021-08-16 18:11:47',1,'2021-08-16 18:11:47'),(933,47,13,'0000',1,'2021-08-16 18:11:47',1,'2021-08-16 18:11:47'),(934,47,14,'0000',1,'2021-08-16 18:11:47',1,'2021-08-16 18:11:47'),(935,47,15,'0000',1,'2021-08-16 18:11:47',1,'2021-08-16 18:11:47'),(936,47,16,'0000',1,'2021-08-16 18:11:47',1,'2021-08-16 18:11:47'),(937,47,17,'0000',1,'2021-08-16 18:11:47',1,'2021-08-16 18:11:47'),(938,47,18,'0000',1,'2021-08-16 18:11:47',1,'2021-08-16 18:11:47'),(939,47,19,'0000',1,'2021-08-16 18:11:47',1,'2021-08-16 18:11:47'),(940,47,20,'0100',1,'2021-08-16 18:11:47',1,'2021-08-16 18:11:47'),(941,48,1,'1111',1,'2021-08-16 18:14:29',1,'2021-08-16 18:14:29'),(942,48,2,'1111',1,'2021-08-16 18:14:29',1,'2021-08-16 18:14:29'),(943,48,3,'1111',1,'2021-08-16 18:14:29',1,'2021-08-16 18:14:29'),(944,48,4,'1111',1,'2021-08-16 18:14:29',1,'2021-08-16 18:14:29'),(945,48,5,'1111',1,'2021-08-16 18:14:29',1,'2021-08-16 18:14:29'),(946,48,6,'1111',1,'2021-08-16 18:14:29',1,'2021-08-16 18:14:29'),(947,48,7,'1111',1,'2021-08-16 18:14:29',1,'2021-08-16 18:14:29'),(948,48,8,'1111',1,'2021-08-16 18:14:29',1,'2021-08-16 18:14:29'),(949,48,9,'1111',1,'2021-08-16 18:14:29',1,'2021-08-16 18:14:29'),(950,48,10,'1111',1,'2021-08-16 18:14:29',1,'2021-08-16 18:14:29'),(951,48,11,'1111',1,'2021-08-16 18:14:29',1,'2021-08-16 18:14:29'),(952,48,12,'0000',1,'2021-08-16 18:14:29',1,'2021-08-16 18:14:29'),(953,48,13,'0000',1,'2021-08-16 18:14:29',1,'2021-08-16 18:14:29'),(954,48,14,'0000',1,'2021-08-16 18:14:29',1,'2021-08-16 18:14:29'),(955,48,15,'0000',1,'2021-08-16 18:14:29',1,'2021-08-16 18:14:29'),(956,48,16,'0000',1,'2021-08-16 18:14:29',1,'2021-08-16 18:14:29'),(957,48,17,'0000',1,'2021-08-16 18:14:29',1,'2021-08-16 18:14:29'),(958,48,18,'0000',1,'2021-08-16 18:14:29',1,'2021-08-16 18:14:29'),(959,48,19,'0000',1,'2021-08-16 18:14:29',1,'2021-08-16 18:14:29'),(960,48,20,'1111',1,'2021-08-16 18:14:29',1,'2021-08-16 18:14:29'),(961,49,1,'0100',1,'2021-08-16 18:14:29',1,'2021-08-16 18:14:29'),(962,49,2,'0100',1,'2021-08-16 18:14:29',1,'2021-08-16 18:14:29'),(963,49,3,'0100',1,'2021-08-16 18:14:29',1,'2021-08-16 18:14:29'),(964,49,4,'0100',1,'2021-08-16 18:14:29',1,'2021-08-16 18:14:29'),(965,49,5,'0100',1,'2021-08-16 18:14:29',1,'2021-08-16 18:14:29'),(966,49,6,'0100',1,'2021-08-16 18:14:29',1,'2021-08-16 18:14:29'),(967,49,7,'0100',1,'2021-08-16 18:14:29',1,'2021-08-16 18:14:29'),(968,49,8,'0100',1,'2021-08-16 18:14:29',1,'2021-08-16 18:14:29'),(969,49,9,'0100',1,'2021-08-16 18:14:29',1,'2021-08-16 18:14:29'),(970,49,10,'0100',1,'2021-08-16 18:14:29',1,'2021-08-16 18:14:29'),(971,49,11,'0100',1,'2021-08-16 18:14:29',1,'2021-08-16 18:14:29'),(972,49,12,'0000',1,'2021-08-16 18:14:29',1,'2021-08-16 18:14:29'),(973,49,13,'0000',1,'2021-08-16 18:14:29',1,'2021-08-16 18:14:29'),(974,49,14,'0000',1,'2021-08-16 18:14:29',1,'2021-08-16 18:14:29'),(975,49,15,'0000',1,'2021-08-16 18:14:29',1,'2021-08-16 18:14:29'),(976,49,16,'0000',1,'2021-08-16 18:14:29',1,'2021-08-16 18:14:29'),(977,49,17,'0000',1,'2021-08-16 18:14:29',1,'2021-08-16 18:14:29'),(978,49,18,'0000',1,'2021-08-16 18:14:29',1,'2021-08-16 18:14:29'),(979,49,19,'0000',1,'2021-08-16 18:14:29',1,'2021-08-16 18:14:29'),(980,49,20,'0100',1,'2021-08-16 18:14:29',1,'2021-08-16 18:14:29'),(981,50,1,'1111',1,'2021-08-20 14:47:52',1,'2021-08-20 14:47:52'),(982,50,2,'1111',1,'2021-08-20 14:47:52',1,'2021-08-20 14:47:52'),(983,50,3,'1111',1,'2021-08-20 14:47:52',1,'2021-08-20 14:47:52'),(984,50,4,'1111',1,'2021-08-20 14:47:52',1,'2021-08-20 14:47:52'),(985,50,5,'1111',1,'2021-08-20 14:47:52',1,'2021-08-20 14:47:52'),(986,50,6,'1111',1,'2021-08-20 14:47:52',1,'2021-08-20 14:47:52'),(987,50,7,'1111',1,'2021-08-20 14:47:52',1,'2021-08-20 14:47:52'),(988,50,8,'1111',1,'2021-08-20 14:47:52',1,'2021-08-20 14:47:52'),(989,50,9,'1111',1,'2021-08-20 14:47:52',1,'2021-08-20 14:47:52'),(990,50,10,'1111',1,'2021-08-20 14:47:52',1,'2021-08-20 14:47:52'),(991,50,11,'1111',1,'2021-08-20 14:47:52',1,'2021-08-20 14:47:52'),(992,50,12,'0000',1,'2021-08-20 14:47:52',1,'2021-08-20 14:47:52'),(993,50,13,'0000',1,'2021-08-20 14:47:52',1,'2021-08-20 14:47:52'),(994,50,14,'0000',1,'2021-08-20 14:47:52',1,'2021-08-20 14:47:52'),(995,50,15,'0000',1,'2021-08-20 14:47:52',1,'2021-08-20 14:47:52'),(996,50,16,'0000',1,'2021-08-20 14:47:52',1,'2021-08-20 14:47:52'),(997,50,17,'0000',1,'2021-08-20 14:47:52',1,'2021-08-20 14:47:52'),(998,50,18,'0000',1,'2021-08-20 14:47:52',1,'2021-08-20 14:47:52'),(999,50,19,'0000',1,'2021-08-20 14:47:52',1,'2021-08-20 14:47:52'),(1000,50,20,'1111',1,'2021-08-20 14:47:52',1,'2021-08-20 14:47:52'),(1001,51,1,'0100',1,'2021-08-20 14:47:52',1,'2021-08-20 14:47:52'),(1002,51,2,'0100',1,'2021-08-20 14:47:52',1,'2021-08-20 14:47:52'),(1003,51,3,'0100',1,'2021-08-20 14:47:52',1,'2021-08-20 14:47:52'),(1004,51,4,'0100',1,'2021-08-20 14:47:52',1,'2021-08-20 14:47:52'),(1005,51,5,'0100',1,'2021-08-20 14:47:52',1,'2021-08-20 14:47:52'),(1006,51,6,'0100',1,'2021-08-20 14:47:52',1,'2021-08-20 14:47:52'),(1007,51,7,'0100',1,'2021-08-20 14:47:52',1,'2021-08-20 14:47:52'),(1008,51,8,'0100',1,'2021-08-20 14:47:52',1,'2021-08-20 14:47:52'),(1009,51,9,'0100',1,'2021-08-20 14:47:52',1,'2021-08-20 14:47:52'),(1010,51,10,'0100',1,'2021-08-20 14:47:52',1,'2021-08-20 14:47:52'),(1011,51,11,'0100',1,'2021-08-20 14:47:52',1,'2021-08-20 14:47:52'),(1012,51,12,'0000',1,'2021-08-20 14:47:52',1,'2021-08-20 14:47:52'),(1013,51,13,'0000',1,'2021-08-20 14:47:52',1,'2021-08-20 14:47:52'),(1014,51,14,'0000',1,'2021-08-20 14:47:52',1,'2021-08-20 14:47:52'),(1015,51,15,'0000',1,'2021-08-20 14:47:52',1,'2021-08-20 14:47:52'),(1016,51,16,'0000',1,'2021-08-20 14:47:52',1,'2021-08-20 14:47:52'),(1017,51,17,'0000',1,'2021-08-20 14:47:52',1,'2021-08-20 14:47:52'),(1018,51,18,'0000',1,'2021-08-20 14:47:52',1,'2021-08-20 14:47:52'),(1019,51,19,'0000',1,'2021-08-20 14:47:52',1,'2021-08-20 14:47:52'),(1020,51,20,'0100',1,'2021-08-20 14:47:52',1,'2021-08-20 14:47:52'),(1021,52,1,'0100',1,'2021-08-25 14:30:00',1,'2021-08-25 14:30:00'),(1022,52,2,'0100',1,'2021-08-25 14:30:00',1,'2021-08-25 14:30:00'),(1023,52,3,'0100',1,'2021-08-25 14:30:00',1,'2021-08-25 14:30:00'),(1024,52,4,'0100',1,'2021-08-25 14:30:00',1,'2021-08-25 14:30:00'),(1025,52,5,'0100',1,'2021-08-25 14:30:00',1,'2021-08-25 14:30:00'),(1026,52,6,'0100',1,'2021-08-25 14:30:00',1,'2021-08-25 14:30:00'),(1027,52,7,'0100',1,'2021-08-25 14:30:00',1,'2021-08-25 14:30:00'),(1028,52,8,'0100',1,'2021-08-25 14:30:00',1,'2021-08-25 14:30:00'),(1029,52,9,'0100',1,'2021-08-25 14:30:00',1,'2021-08-25 14:30:00'),(1030,52,10,'0100',1,'2021-08-25 14:30:00',1,'2021-08-25 14:30:00'),(1031,52,11,'0100',1,'2021-08-25 14:30:00',1,'2021-08-25 14:30:00'),(1032,52,12,'0000',1,'2021-08-25 14:30:00',1,'2021-08-25 14:30:00'),(1033,52,13,'0000',1,'2021-08-25 14:30:00',1,'2021-08-25 14:30:00'),(1034,52,14,'0000',1,'2021-08-25 14:30:00',1,'2021-08-25 14:30:00'),(1035,52,15,'0000',1,'2021-08-25 14:30:00',1,'2021-08-25 14:30:00'),(1036,52,16,'0000',1,'2021-08-25 14:30:00',1,'2021-08-25 14:30:00'),(1037,52,17,'0000',1,'2021-08-25 14:30:00',1,'2021-08-25 14:30:00'),(1038,52,18,'0000',1,'2021-08-25 14:30:00',1,'2021-08-25 14:30:00'),(1039,52,19,'0000',1,'2021-08-25 14:30:00',1,'2021-08-25 14:30:00'),(1040,52,20,'0100',1,'2021-08-25 14:30:00',1,'2021-08-25 14:30:00'),(1041,53,1,'1111',1,'2021-08-25 14:30:00',1,'2021-08-25 14:30:00'),(1042,53,2,'1111',1,'2021-08-25 14:30:00',1,'2021-08-25 14:30:00'),(1043,53,3,'1111',1,'2021-08-25 14:30:00',1,'2021-08-25 14:30:00'),(1044,53,4,'1111',1,'2021-08-25 14:30:00',1,'2021-08-25 14:30:00'),(1045,53,5,'1111',1,'2021-08-25 14:30:00',1,'2021-08-25 14:30:00'),(1046,53,6,'1111',1,'2021-08-25 14:30:00',1,'2021-08-25 14:30:00'),(1047,53,7,'1111',1,'2021-08-25 14:30:00',1,'2021-08-25 14:30:00'),(1048,53,8,'1111',1,'2021-08-25 14:30:00',1,'2021-08-25 14:30:00'),(1049,53,9,'1111',1,'2021-08-25 14:30:00',1,'2021-08-25 14:30:00'),(1050,53,10,'1111',1,'2021-08-25 14:30:00',1,'2021-08-25 14:30:00'),(1051,53,11,'1111',1,'2021-08-25 14:30:00',1,'2021-08-25 14:30:00'),(1052,53,12,'0000',1,'2021-08-25 14:30:00',1,'2021-08-25 14:30:00'),(1053,53,13,'0000',1,'2021-08-25 14:30:00',1,'2021-08-25 14:30:00'),(1054,53,14,'0000',1,'2021-08-25 14:30:00',1,'2021-08-25 14:30:00'),(1055,53,15,'0000',1,'2021-08-25 14:30:00',1,'2021-08-25 14:30:00'),(1056,53,16,'0000',1,'2021-08-25 14:30:00',1,'2021-08-25 14:30:00'),(1057,53,17,'0000',1,'2021-08-25 14:30:00',1,'2021-08-25 14:30:00'),(1058,53,18,'0000',1,'2021-08-25 14:30:00',1,'2021-08-25 14:30:00'),(1059,53,19,'0000',1,'2021-08-25 14:30:00',1,'2021-08-25 14:30:00'),(1060,53,20,'1111',1,'2021-08-25 14:30:00',1,'2021-08-25 14:30:00'),(1061,54,1,'1111',1,'2021-09-07 15:10:29',1,'2021-09-07 15:10:29'),(1062,54,2,'1111',1,'2021-09-07 15:10:29',1,'2021-09-07 15:10:29'),(1063,54,3,'1111',1,'2021-09-07 15:10:29',1,'2021-09-07 15:10:29'),(1064,54,4,'1111',1,'2021-09-07 15:10:29',1,'2021-09-07 15:10:29'),(1065,54,5,'1111',1,'2021-09-07 15:10:29',1,'2021-09-07 15:10:29'),(1066,54,6,'1111',1,'2021-09-07 15:10:29',1,'2021-09-07 15:10:29'),(1067,54,7,'1111',1,'2021-09-07 15:10:29',1,'2021-09-07 15:10:29'),(1068,54,8,'1111',1,'2021-09-07 15:10:29',1,'2021-09-07 15:10:29'),(1069,54,9,'1111',1,'2021-09-07 15:10:29',1,'2021-09-07 15:10:29'),(1070,54,10,'1111',1,'2021-09-07 15:10:29',1,'2021-09-07 15:10:29'),(1071,54,11,'1111',1,'2021-09-07 15:10:29',1,'2021-09-07 15:10:29'),(1072,54,12,'0000',1,'2021-09-07 15:10:29',1,'2021-09-07 15:10:29'),(1073,54,13,'0000',1,'2021-09-07 15:10:29',1,'2021-09-07 15:10:29'),(1074,54,14,'0000',1,'2021-09-07 15:10:29',1,'2021-09-07 15:10:29'),(1075,54,15,'0000',1,'2021-09-07 15:10:29',1,'2021-09-07 15:10:29'),(1076,54,16,'0000',1,'2021-09-07 15:10:29',1,'2021-09-07 15:10:29'),(1077,54,17,'0000',1,'2021-09-07 15:10:29',1,'2021-09-07 15:10:29'),(1078,54,18,'0000',1,'2021-09-07 15:10:29',1,'2021-09-07 15:10:29'),(1079,54,19,'0000',1,'2021-09-07 15:10:29',1,'2021-09-07 15:10:29'),(1080,54,20,'1111',1,'2021-09-07 15:10:29',1,'2021-09-07 15:10:29'),(1081,55,1,'0100',1,'2021-09-07 15:10:29',1,'2021-09-07 15:10:29'),(1082,55,2,'0100',1,'2021-09-07 15:10:29',1,'2021-09-07 15:10:29'),(1083,55,3,'0100',1,'2021-09-07 15:10:29',1,'2021-09-07 15:10:29'),(1084,55,4,'0100',1,'2021-09-07 15:10:29',1,'2021-09-07 15:10:29'),(1085,55,5,'0100',1,'2021-09-07 15:10:29',1,'2021-09-07 15:10:29'),(1086,55,6,'0100',1,'2021-09-07 15:10:29',1,'2021-09-07 15:10:29'),(1087,55,7,'0100',1,'2021-09-07 15:10:29',1,'2021-09-07 15:10:29'),(1088,55,8,'0100',1,'2021-09-07 15:10:29',1,'2021-09-07 15:10:29'),(1089,55,9,'0100',1,'2021-09-07 15:10:29',1,'2021-09-07 15:10:29'),(1090,55,10,'0100',1,'2021-09-07 15:10:29',1,'2021-09-07 15:10:29'),(1091,55,11,'0100',1,'2021-09-07 15:10:29',1,'2021-09-07 15:10:29'),(1092,55,12,'0000',1,'2021-09-07 15:10:29',1,'2021-09-07 15:10:29'),(1093,55,13,'0000',1,'2021-09-07 15:10:29',1,'2021-09-07 15:10:29'),(1094,55,14,'0000',1,'2021-09-07 15:10:29',1,'2021-09-07 15:10:29'),(1095,55,15,'0000',1,'2021-09-07 15:10:29',1,'2021-09-07 15:10:29'),(1096,55,16,'0000',1,'2021-09-07 15:10:29',1,'2021-09-07 15:10:29'),(1097,55,17,'0000',1,'2021-09-07 15:10:29',1,'2021-09-07 15:10:29'),(1098,55,18,'0000',1,'2021-09-07 15:10:29',1,'2021-09-07 15:10:29'),(1099,55,19,'0000',1,'2021-09-07 15:10:29',1,'2021-09-07 15:10:29'),(1100,55,20,'0100',1,'2021-09-07 15:10:29',1,'2021-09-07 15:10:29'),(1101,56,1,'1111',1,'2021-09-08 13:55:32',1,'2021-09-08 13:55:32'),(1102,56,2,'1111',1,'2021-09-08 13:55:32',1,'2021-09-08 13:55:32'),(1103,56,3,'1111',1,'2021-09-08 13:55:32',1,'2021-09-08 13:55:32'),(1104,56,4,'1111',1,'2021-09-08 13:55:32',1,'2021-09-08 13:55:32'),(1105,56,5,'1111',1,'2021-09-08 13:55:32',1,'2021-09-08 13:55:32'),(1106,56,6,'1111',1,'2021-09-08 13:55:32',1,'2021-09-08 13:55:32'),(1107,56,7,'1111',1,'2021-09-08 13:55:32',1,'2021-09-08 13:55:32'),(1108,56,8,'1111',1,'2021-09-08 13:55:32',1,'2021-09-08 13:55:32'),(1109,56,9,'1111',1,'2021-09-08 13:55:32',1,'2021-09-08 13:55:32'),(1110,56,10,'1111',1,'2021-09-08 13:55:32',1,'2021-09-08 13:55:32'),(1111,56,11,'1111',1,'2021-09-08 13:55:32',1,'2021-09-08 13:55:32'),(1112,56,12,'0000',1,'2021-09-08 13:55:32',1,'2021-09-08 13:55:32'),(1113,56,13,'0000',1,'2021-09-08 13:55:32',1,'2021-09-08 13:55:32'),(1114,56,14,'0000',1,'2021-09-08 13:55:32',1,'2021-09-08 13:55:32'),(1115,56,15,'0000',1,'2021-09-08 13:55:32',1,'2021-09-08 13:55:32'),(1116,56,16,'0000',1,'2021-09-08 13:55:32',1,'2021-09-08 13:55:32'),(1117,56,17,'0000',1,'2021-09-08 13:55:32',1,'2021-09-08 13:55:32'),(1118,56,18,'0000',1,'2021-09-08 13:55:32',1,'2021-09-08 13:55:32'),(1119,56,19,'0000',1,'2021-09-08 13:55:32',1,'2021-09-08 13:55:32'),(1120,56,20,'1111',1,'2021-09-08 13:55:32',1,'2021-09-08 13:55:32'),(1121,57,1,'0100',1,'2021-09-08 13:55:32',1,'2021-09-08 13:55:32'),(1122,57,2,'0100',1,'2021-09-08 13:55:32',1,'2021-09-08 13:55:32'),(1123,57,3,'0100',1,'2021-09-08 13:55:32',1,'2021-09-08 13:55:32'),(1124,57,4,'0100',1,'2021-09-08 13:55:32',1,'2021-09-08 13:55:32'),(1125,57,5,'0100',1,'2021-09-08 13:55:32',1,'2021-09-08 13:55:32'),(1126,57,6,'0100',1,'2021-09-08 13:55:32',1,'2021-09-08 13:55:32'),(1127,57,7,'0100',1,'2021-09-08 13:55:32',1,'2021-09-08 13:55:32'),(1128,57,8,'0100',1,'2021-09-08 13:55:32',1,'2021-09-08 13:55:32'),(1129,57,9,'0100',1,'2021-09-08 13:55:32',1,'2021-09-08 13:55:32'),(1130,57,10,'0100',1,'2021-09-08 13:55:32',1,'2021-09-08 13:55:32'),(1131,57,11,'0100',1,'2021-09-08 13:55:32',1,'2021-09-08 13:55:32'),(1132,57,12,'0000',1,'2021-09-08 13:55:32',1,'2021-09-08 13:55:32'),(1133,57,13,'0000',1,'2021-09-08 13:55:32',1,'2021-09-08 13:55:32'),(1134,57,14,'0000',1,'2021-09-08 13:55:32',1,'2021-09-08 13:55:32'),(1135,57,15,'0000',1,'2021-09-08 13:55:32',1,'2021-09-08 13:55:32'),(1136,57,16,'0000',1,'2021-09-08 13:55:32',1,'2021-09-08 13:55:32'),(1137,57,17,'0000',1,'2021-09-08 13:55:32',1,'2021-09-08 13:55:32'),(1138,57,18,'0000',1,'2021-09-08 13:55:32',1,'2021-09-08 13:55:32'),(1139,57,19,'0000',1,'2021-09-08 13:55:32',1,'2021-09-08 13:55:32'),(1140,57,20,'0100',1,'2021-09-08 13:55:32',1,'2021-09-08 13:55:32'),(1141,58,1,'1111',1,'2021-09-09 15:02:33',1,'2021-09-09 15:02:33'),(1142,58,2,'1111',1,'2021-09-09 15:02:33',1,'2021-09-09 15:02:33'),(1143,58,3,'1111',1,'2021-09-09 15:02:33',1,'2021-09-09 15:02:33'),(1144,58,4,'1111',1,'2021-09-09 15:02:33',1,'2021-09-09 15:02:33'),(1145,58,5,'1111',1,'2021-09-09 15:02:33',1,'2021-09-09 15:02:33'),(1146,58,6,'1111',1,'2021-09-09 15:02:33',1,'2021-09-09 15:02:33'),(1147,58,7,'1111',1,'2021-09-09 15:02:33',1,'2021-09-09 15:02:33'),(1148,58,8,'1111',1,'2021-09-09 15:02:33',1,'2021-09-09 15:02:33'),(1149,58,9,'1111',1,'2021-09-09 15:02:33',1,'2021-09-09 15:02:33'),(1150,58,10,'1111',1,'2021-09-09 15:02:33',1,'2021-09-09 15:02:33'),(1151,58,11,'1111',1,'2021-09-09 15:02:33',1,'2021-09-09 15:02:33'),(1152,58,12,'0000',1,'2021-09-09 15:02:33',1,'2021-09-09 15:02:33'),(1153,58,13,'0000',1,'2021-09-09 15:02:33',1,'2021-09-09 15:02:33'),(1154,58,14,'0000',1,'2021-09-09 15:02:33',1,'2021-09-09 15:02:33'),(1155,58,15,'0000',1,'2021-09-09 15:02:33',1,'2021-09-09 15:02:33'),(1156,58,16,'0000',1,'2021-09-09 15:02:33',1,'2021-09-09 15:02:33'),(1157,58,17,'0000',1,'2021-09-09 15:02:33',1,'2021-09-09 15:02:33'),(1158,58,18,'0000',1,'2021-09-09 15:02:33',1,'2021-09-09 15:02:33'),(1159,58,19,'0000',1,'2021-09-09 15:02:33',1,'2021-09-09 15:02:33'),(1160,58,20,'1111',1,'2021-09-09 15:02:33',1,'2021-09-09 15:02:33'),(1161,59,1,'0100',1,'2021-09-09 15:02:33',1,'2021-09-09 15:02:33'),(1162,59,2,'0100',1,'2021-09-09 15:02:33',1,'2021-09-09 15:02:33'),(1163,59,3,'0100',1,'2021-09-09 15:02:33',1,'2021-09-09 15:02:33'),(1164,59,4,'0100',1,'2021-09-09 15:02:33',1,'2021-09-09 15:02:33'),(1165,59,5,'0100',1,'2021-09-09 15:02:33',1,'2021-09-09 15:02:33'),(1166,59,6,'0100',1,'2021-09-09 15:02:33',1,'2021-09-09 15:02:33'),(1167,59,7,'0100',1,'2021-09-09 15:02:33',1,'2021-09-09 15:02:33'),(1168,59,8,'0100',1,'2021-09-09 15:02:33',1,'2021-09-09 15:02:33'),(1169,59,9,'0100',1,'2021-09-09 15:02:33',1,'2021-09-09 15:02:33'),(1170,59,10,'0100',1,'2021-09-09 15:02:33',1,'2021-09-09 15:02:33'),(1171,59,11,'0100',1,'2021-09-09 15:02:33',1,'2021-09-09 15:02:33'),(1172,59,12,'0000',1,'2021-09-09 15:02:33',1,'2021-09-09 15:02:33'),(1173,59,13,'0000',1,'2021-09-09 15:02:33',1,'2021-09-09 15:02:33'),(1174,59,14,'0000',1,'2021-09-09 15:02:33',1,'2021-09-09 15:02:33'),(1175,59,15,'0000',1,'2021-09-09 15:02:33',1,'2021-09-09 15:02:33'),(1176,59,16,'0000',1,'2021-09-09 15:02:33',1,'2021-09-09 15:02:33'),(1177,59,17,'0000',1,'2021-09-09 15:02:33',1,'2021-09-09 15:02:33'),(1178,59,18,'0000',1,'2021-09-09 15:02:33',1,'2021-09-09 15:02:33'),(1179,59,19,'0000',1,'2021-09-09 15:02:33',1,'2021-09-09 15:02:33'),(1180,59,20,'0100',1,'2021-09-09 15:02:33',1,'2021-09-09 15:02:33'),(1181,60,1,'1111',1,'2021-09-24 15:35:42',1,'2021-09-24 15:35:42'),(1182,60,2,'1111',1,'2021-09-24 15:35:42',1,'2021-09-24 15:35:42'),(1183,60,3,'1111',1,'2021-09-24 15:35:42',1,'2021-09-24 15:35:42'),(1184,60,4,'1111',1,'2021-09-24 15:35:42',1,'2021-09-24 15:35:42'),(1185,60,5,'1111',1,'2021-09-24 15:35:42',1,'2021-09-24 15:35:42'),(1186,60,6,'1111',1,'2021-09-24 15:35:42',1,'2021-09-24 15:35:42'),(1187,60,7,'1111',1,'2021-09-24 15:35:42',1,'2021-09-24 15:35:42'),(1188,60,8,'1111',1,'2021-09-24 15:35:42',1,'2021-09-24 15:35:42'),(1189,60,9,'1111',1,'2021-09-24 15:35:42',1,'2021-09-24 15:35:42'),(1190,60,10,'1111',1,'2021-09-24 15:35:42',1,'2021-09-24 15:35:42'),(1191,60,11,'1111',1,'2021-09-24 15:35:42',1,'2021-09-24 15:35:42'),(1192,60,12,'0000',1,'2021-09-24 15:35:42',1,'2021-09-24 15:35:42'),(1193,60,13,'0000',1,'2021-09-24 15:35:42',1,'2021-09-24 15:35:42'),(1194,60,14,'0000',1,'2021-09-24 15:35:42',1,'2021-09-24 15:35:42'),(1195,60,15,'0000',1,'2021-09-24 15:35:42',1,'2021-09-24 15:35:42'),(1196,60,16,'0000',1,'2021-09-24 15:35:42',1,'2021-09-24 15:35:42'),(1197,60,17,'0000',1,'2021-09-24 15:35:42',1,'2021-09-24 15:35:42'),(1198,60,18,'0000',1,'2021-09-24 15:35:42',1,'2021-09-24 15:35:42'),(1199,60,19,'0000',1,'2021-09-24 15:35:42',1,'2021-09-24 15:35:42'),(1200,60,20,'1111',1,'2021-09-24 15:35:42',1,'2021-09-24 15:35:42'),(1201,61,1,'0100',1,'2021-09-24 15:35:42',1,'2021-09-24 15:35:42'),(1202,61,2,'0100',1,'2021-09-24 15:35:42',1,'2021-09-24 15:35:42'),(1203,61,3,'0100',1,'2021-09-24 15:35:42',1,'2021-09-24 15:35:42'),(1204,61,4,'0100',1,'2021-09-24 15:35:42',1,'2021-09-24 15:35:42'),(1205,61,5,'0100',1,'2021-09-24 15:35:42',1,'2021-09-24 15:35:42'),(1206,61,6,'0100',1,'2021-09-24 15:35:42',1,'2021-09-24 15:35:42'),(1207,61,7,'0100',1,'2021-09-24 15:35:42',1,'2021-09-24 15:35:42'),(1208,61,8,'0100',1,'2021-09-24 15:35:42',1,'2021-09-24 15:35:42'),(1209,61,9,'0100',1,'2021-09-24 15:35:42',1,'2021-09-24 15:35:42'),(1210,61,10,'0100',1,'2021-09-24 15:35:42',1,'2021-09-24 15:35:42'),(1211,61,11,'0100',1,'2021-09-24 15:35:42',1,'2021-09-24 15:35:42'),(1212,61,12,'0000',1,'2021-09-24 15:35:42',1,'2021-09-24 15:35:42'),(1213,61,13,'0000',1,'2021-09-24 15:35:42',1,'2021-09-24 15:35:42'),(1214,61,14,'0000',1,'2021-09-24 15:35:42',1,'2021-09-24 15:35:42'),(1215,61,15,'0000',1,'2021-09-24 15:35:42',1,'2021-09-24 15:35:42'),(1216,61,16,'0000',1,'2021-09-24 15:35:42',1,'2021-09-24 15:35:42'),(1217,61,17,'0000',1,'2021-09-24 15:35:42',1,'2021-09-24 15:35:42'),(1218,61,18,'0000',1,'2021-09-24 15:35:42',1,'2021-09-24 15:35:42'),(1219,61,19,'0000',1,'2021-09-24 15:35:42',1,'2021-09-24 15:35:42'),(1220,61,20,'0100',1,'2021-09-24 15:35:42',1,'2021-09-24 15:35:42'),(1221,62,1,'1111',1,'2021-09-30 19:51:28',1,'2021-09-30 19:51:28'),(1222,62,2,'1111',1,'2021-09-30 19:51:28',1,'2021-09-30 19:51:28'),(1223,62,3,'1111',1,'2021-09-30 19:51:28',1,'2021-09-30 19:51:28'),(1224,62,4,'1111',1,'2021-09-30 19:51:28',1,'2021-09-30 19:51:28'),(1225,62,5,'1111',1,'2021-09-30 19:51:28',1,'2021-09-30 19:51:28'),(1226,62,6,'1111',1,'2021-09-30 19:51:28',1,'2021-09-30 19:51:28'),(1227,62,7,'1111',1,'2021-09-30 19:51:28',1,'2021-09-30 19:51:28'),(1228,62,8,'1111',1,'2021-09-30 19:51:28',1,'2021-09-30 19:51:28'),(1229,62,9,'1111',1,'2021-09-30 19:51:28',1,'2021-09-30 19:51:28'),(1230,62,10,'1111',1,'2021-09-30 19:51:28',1,'2021-09-30 19:51:28'),(1231,62,11,'1111',1,'2021-09-30 19:51:28',1,'2021-09-30 19:51:28'),(1232,62,12,'0000',1,'2021-09-30 19:51:28',1,'2021-09-30 19:51:28'),(1233,62,13,'0000',1,'2021-09-30 19:51:28',1,'2021-09-30 19:51:28'),(1234,62,14,'0000',1,'2021-09-30 19:51:28',1,'2021-09-30 19:51:28'),(1235,62,15,'0000',1,'2021-09-30 19:51:28',1,'2021-09-30 19:51:28'),(1236,62,16,'0000',1,'2021-09-30 19:51:28',1,'2021-09-30 19:51:28'),(1237,62,17,'0000',1,'2021-09-30 19:51:28',1,'2021-09-30 19:51:28'),(1238,62,18,'0000',1,'2021-09-30 19:51:28',1,'2021-09-30 19:51:28'),(1239,62,19,'0000',1,'2021-09-30 19:51:28',1,'2021-09-30 19:51:28'),(1240,62,20,'1111',1,'2021-09-30 19:51:28',1,'2021-09-30 19:51:28'),(1241,63,1,'0100',1,'2021-09-30 19:51:28',1,'2021-09-30 19:51:28'),(1242,63,2,'0100',1,'2021-09-30 19:51:28',1,'2021-09-30 19:51:28'),(1243,63,3,'0100',1,'2021-09-30 19:51:28',1,'2021-09-30 19:51:28'),(1244,63,4,'0100',1,'2021-09-30 19:51:28',1,'2021-09-30 19:51:28'),(1245,63,5,'0100',1,'2021-09-30 19:51:28',1,'2021-09-30 19:51:28'),(1246,63,6,'0100',1,'2021-09-30 19:51:28',1,'2021-09-30 19:51:28'),(1247,63,7,'0100',1,'2021-09-30 19:51:28',1,'2021-09-30 19:51:28'),(1248,63,8,'0100',1,'2021-09-30 19:51:28',1,'2021-09-30 19:51:28'),(1249,63,9,'0100',1,'2021-09-30 19:51:28',1,'2021-09-30 19:51:28'),(1250,63,10,'0100',1,'2021-09-30 19:51:28',1,'2021-09-30 19:51:28'),(1251,63,11,'0100',1,'2021-09-30 19:51:28',1,'2021-09-30 19:51:28'),(1252,63,12,'0000',1,'2021-09-30 19:51:28',1,'2021-09-30 19:51:28'),(1253,63,13,'0000',1,'2021-09-30 19:51:28',1,'2021-09-30 19:51:28'),(1254,63,14,'0000',1,'2021-09-30 19:51:28',1,'2021-09-30 19:51:28'),(1255,63,15,'0000',1,'2021-09-30 19:51:28',1,'2021-09-30 19:51:28'),(1256,63,16,'0000',1,'2021-09-30 19:51:28',1,'2021-09-30 19:51:28'),(1257,63,17,'0000',1,'2021-09-30 19:51:28',1,'2021-09-30 19:51:28'),(1258,63,18,'0000',1,'2021-09-30 19:51:28',1,'2021-09-30 19:51:28'),(1259,63,19,'0000',1,'2021-09-30 19:51:28',1,'2021-09-30 19:51:28'),(1260,63,20,'0100',1,'2021-09-30 19:51:28',1,'2021-09-30 19:51:28');
/*!40000 ALTER TABLE `trs_tbl_permissions` ENABLE KEYS */;
UNLOCK TABLES;

--
-- Table structure for table `trs_tbl_right_master`
--

DROP TABLE IF EXISTS `trs_tbl_right_master`;
/*!40101 SET @saved_cs_client     = @@character_set_client */;
/*!50503 SET character_set_client = utf8mb4 */;
CREATE TABLE `trs_tbl_right_master` (
  `right_master_id` bigint NOT NULL AUTO_INCREMENT,
  `right_master_name` text NOT NULL,
  `is_active` tinyint(1) NOT NULL DEFAULT '1',
  `is_deleted` tinyint(1) NOT NULL DEFAULT '0',
  PRIMARY KEY (`right_master_id`)
) ENGINE=InnoDB AUTO_INCREMENT=21 DEFAULT CHARSET=latin1;
/*!40101 SET character_set_client = @saved_cs_client */;

--
-- Dumping data for table `trs_tbl_right_master`
--

LOCK TABLES `trs_tbl_right_master` WRITE;
/*!40000 ALTER TABLE `trs_tbl_right_master` DISABLE KEYS */;
INSERT INTO `trs_tbl_right_master` VALUES (1,'Home',1,0),(2,'Corporate',1,0),(3,'Drivers',1,0),(4,'Fleet',1,0),(5,'Assets',1,0),(6,'IRP',1,0),(7,'IFTA',1,0),(8,'IRS',1,0),(9,'Settings',1,0),(10,'Users',1,0),(11,'Roles & Permissions',1,0),(12,'Asset-Types',0,0),(13,'Asset-Make',0,0),(14,'Dashboard',0,0),(15,'Clients',0,0),(16,'Pricing',0,0),(17,'Subscriptions',0,0),(18,'Admin-Settings',0,0),(19,'Subscriptions',1,0),(20,'History',1,0);
/*!40000 ALTER TABLE `trs_tbl_right_master` ENABLE KEYS */;
UNLOCK TABLES;

--
-- Table structure for table `trs_tbl_roles`
--

DROP TABLE IF EXISTS `trs_tbl_roles`;
/*!40101 SET @saved_cs_client     = @@character_set_client */;
/*!50503 SET character_set_client = utf8mb4 */;
CREATE TABLE `trs_tbl_roles` (
  `role_id` bigint NOT NULL AUTO_INCREMENT,
  `role_name` varchar(30) NOT NULL,
  `carrier_id` bigint NOT NULL,
  `is_active` tinyint(1) NOT NULL DEFAULT '1',
  `is_deleted` tinyint(1) NOT NULL DEFAULT '0',
  `created_by` bigint NOT NULL,
  `modified_by` bigint NOT NULL,
  `created_date` datetime NOT NULL DEFAULT CURRENT_TIMESTAMP,
  `modified_date` datetime NOT NULL DEFAULT CURRENT_TIMESTAMP ON UPDATE CURRENT_TIMESTAMP,
  PRIMARY KEY (`role_id`),
  KEY `role_carrier_id_constraint` (`carrier_id`)
) ENGINE=InnoDB AUTO_INCREMENT=64 DEFAULT CHARSET=latin1;
/*!40101 SET character_set_client = @saved_cs_client */;

--
-- Dumping data for table `trs_tbl_roles`
--

LOCK TABLES `trs_tbl_roles` WRITE;
/*!40000 ALTER TABLE `trs_tbl_roles` DISABLE KEYS */;
INSERT INTO `trs_tbl_roles` VALUES (1,'Super Admin',1,1,0,1,1,'2020-04-18 23:50:21','2020-04-18 23:50:21'),(2,'Super Admin',2,1,0,1,1,'2020-10-17 08:14:18','2020-10-17 08:14:18'),(3,'Read-Only',2,1,0,1,1,'2020-10-17 08:14:18','2020-10-17 08:14:18'),(4,'Super Admin',3,1,0,1,1,'2020-10-22 19:01:48','2020-10-22 19:01:48'),(5,'Read-Only',3,1,0,1,1,'2020-10-22 19:01:48','2020-10-22 19:01:48'),(8,'Super Admin',5,1,0,1,1,'2020-11-25 14:53:49','2020-11-25 14:53:49'),(9,'Read-Only',5,1,0,1,1,'2020-11-25 14:53:49','2020-11-25 14:53:49'),(10,'Super Admin',6,1,0,1,1,'2020-11-27 21:19:02','2020-11-27 21:19:02'),(11,'Read-Only',6,1,0,1,1,'2020-11-27 21:19:02','2020-11-28 19:06:02'),(12,'Safety & Compliance',6,1,0,8,8,'2020-11-28 18:04:07','2020-11-28 18:04:07'),(13,'Super Admin',7,1,0,1,1,'2020-11-30 19:53:05','2020-11-30 19:53:05'),(14,'Read-Only',7,1,0,1,1,'2020-11-30 19:53:05','2020-11-30 19:53:05'),(15,'Super Admin',8,1,0,1,1,'2020-11-30 20:29:09','2020-11-30 20:29:09'),(16,'Read-Only',8,1,0,1,1,'2020-11-30 20:29:09','2020-11-30 20:29:09'),(17,'Super Admin',9,1,0,1,1,'2020-11-30 23:17:46','2020-11-30 23:17:46'),(18,'Read-Only',9,1,0,1,1,'2020-11-30 23:17:46','2020-11-30 23:17:46'),(19,'Super Admin',10,1,0,1,1,'2020-12-03 18:31:26','2020-12-03 18:31:26'),(20,'Read-Only',10,1,0,1,1,'2020-12-03 18:31:26','2020-12-03 18:31:26'),(21,'Super Admin',11,1,0,1,1,'2020-12-16 14:17:25','2020-12-16 14:17:25'),(22,'Read-Only',11,1,0,1,1,'2020-12-16 14:17:25','2020-12-16 14:17:25'),(23,'Safety Department',3,1,1,3,3,'2020-12-16 19:40:10','2020-12-16 19:40:18'),(24,'Super Admin',12,1,0,1,1,'2020-12-21 19:56:55','2020-12-21 19:56:55'),(25,'Read-Only',12,1,0,1,1,'2020-12-21 19:56:55','2020-12-21 19:56:55'),(26,'Super Admin',13,1,0,1,1,'2021-03-10 22:00:34','2021-03-10 22:00:34'),(27,'Read-Only',13,1,0,1,1,'2021-03-10 22:00:34','2021-03-10 22:00:34'),(28,'Super Admin',14,1,0,1,1,'2021-06-24 00:04:48','2021-07-10 12:40:42'),(29,'Read-Only',14,1,0,1,1,'2021-06-24 00:04:48','2021-06-24 00:04:48'),(30,'Super Admin',15,1,0,1,1,'2021-07-09 15:19:55','2021-07-09 15:19:55'),(31,'Read-Only',15,1,0,1,1,'2021-07-09 15:19:55','2021-07-09 15:19:55'),(32,'Super Admin',16,1,0,1,1,'2021-07-10 12:25:17','2021-07-10 12:25:17'),(33,'Read-Only',16,1,0,1,1,'2021-07-10 12:25:17','2021-07-10 12:25:17'),(34,'Super Admin',17,1,0,1,1,'2021-07-10 12:27:02','2021-07-10 12:27:02'),(35,'Read-Only',17,1,0,1,1,'2021-07-10 12:27:02','2021-07-10 12:27:02'),(36,'Super Admin',18,1,0,1,1,'2021-07-13 16:07:38','2021-07-13 16:07:38'),(37,'Read-Only',18,1,0,1,1,'2021-07-13 16:07:38','2021-07-13 16:07:38'),(38,'Super Admin',19,1,0,1,1,'2021-07-28 15:58:22','2021-07-28 15:58:22'),(39,'Read-Only',19,1,0,1,1,'2021-07-28 15:58:22','2021-07-28 15:58:22'),(40,'Super Admin',20,1,0,1,1,'2021-08-16 18:01:53','2021-08-16 18:01:53'),(41,'Read-Only',20,1,0,1,1,'2021-08-16 18:01:53','2021-08-16 18:01:53'),(42,'Super Admin',21,1,0,1,1,'2021-08-16 18:05:24','2021-08-16 18:05:24'),(43,'Read-Only',21,1,0,1,1,'2021-08-16 18:05:24','2021-08-16 18:05:24'),(44,'Super Admin',22,1,0,1,1,'2021-08-16 18:09:31','2021-08-16 18:09:31'),(45,'Read-Only',22,1,0,1,1,'2021-08-16 18:09:31','2021-08-16 18:09:31'),(46,'Super Admin',23,1,0,1,1,'2021-08-16 18:11:47','2021-08-16 18:11:47'),(47,'Read-Only',23,1,0,1,1,'2021-08-16 18:11:47','2021-08-16 18:11:47'),(48,'Super Admin',24,1,0,1,1,'2021-08-16 18:14:29','2021-08-16 18:14:29'),(49,'Read-Only',24,1,0,1,1,'2021-08-16 18:14:29','2021-08-16 18:14:29'),(50,'Super Admin',25,1,0,1,1,'2021-08-20 14:47:52','2021-08-20 14:47:52'),(51,'Read-Only',25,1,0,1,1,'2021-08-20 14:47:52','2021-08-20 14:47:52'),(52,'Read-Only',26,1,0,1,1,'2021-08-25 14:30:00','2021-08-25 14:30:00'),(53,'Super Admin',26,1,0,1,1,'2021-08-25 14:30:00','2021-08-25 14:30:00'),(54,'Super Admin',27,1,0,1,1,'2021-09-07 15:10:29','2021-09-07 15:10:29'),(55,'Read-Only',27,1,0,1,1,'2021-09-07 15:10:29','2021-09-07 15:10:29'),(56,'Super Admin',28,1,0,1,1,'2021-09-08 13:55:32','2021-09-08 13:55:32'),(57,'Read-Only',28,1,0,1,1,'2021-09-08 13:55:32','2021-09-08 13:55:32'),(58,'Super Admin',29,1,0,1,1,'2021-09-09 15:02:33','2021-09-09 15:02:33'),(59,'Read-Only',29,1,0,1,1,'2021-09-09 15:02:33','2021-09-09 15:02:33'),(60,'Super Admin',30,1,0,1,1,'2021-09-24 15:35:42','2021-09-24 15:35:42'),(61,'Read-Only',30,1,0,1,1,'2021-09-24 15:35:42','2021-09-24 15:35:42'),(62,'Super Admin',31,1,0,1,1,'2021-09-30 19:51:28','2021-09-30 19:51:28'),(63,'Read-Only',31,1,0,1,1,'2021-09-30 19:51:28','2021-09-30 19:51:28');
/*!40000 ALTER TABLE `trs_tbl_roles` ENABLE KEYS */;
UNLOCK TABLES;

--
-- Table structure for table `trs_tbl_settings`
--

DROP TABLE IF EXISTS `trs_tbl_settings`;
/*!40101 SET @saved_cs_client     = @@character_set_client */;
/*!50503 SET character_set_client = utf8mb4 */;
CREATE TABLE `trs_tbl_settings` (
  `settings_id` bigint NOT NULL AUTO_INCREMENT,
  `name` varchar(255) NOT NULL,
  `description` text NOT NULL,
  `modified_date` datetime NOT NULL DEFAULT CURRENT_TIMESTAMP ON UPDATE CURRENT_TIMESTAMP,
  `modified_by` bigint NOT NULL,
  PRIMARY KEY (`settings_id`)
) ENGINE=InnoDB AUTO_INCREMENT=11 DEFAULT CHARSET=latin1;
/*!40101 SET character_set_client = @saved_cs_client */;

--
-- Dumping data for table `trs_tbl_settings`
--

LOCK TABLES `trs_tbl_settings` WRITE;
/*!40000 ALTER TABLE `trs_tbl_settings` DISABLE KEYS */;
INSERT INTO `trs_tbl_settings` VALUES (1,'Grid Length','Default Grid Length','2020-02-29 05:47:45',1),(2,'Notification Email','Default Admin Notification Email','2020-02-03 11:22:52',1),(3,'Primary Notification Email','Primary Notification Email','2020-02-26 12:19:43',1),(4,'Secondary Notification Email','Secondary Notification Email','2020-02-26 06:24:03',1),(5,'Driver Document Expiry Follow-up Days','Driver Default Document Expiry Follow-up Days','2020-02-26 12:19:43',1),(6,'Asset Document Expiry Follow-up Days','Asset Document Expiry Follow-up Days','2020-02-26 06:24:03',1),(7,'IRP Document Expiry Follow-up Days','IRP Document Expiry Follow-up Days','2020-02-26 20:44:20',1),(8,'IRS Document Expiry Follow-up Days','IRS Document Expiry Follow-up Days','2020-02-26 12:19:48',1),(9,'IFTA Document Expiry Follow-up Days','IFTA Document Expiry Follow-up Days','2020-02-26 11:51:00',1),(10,'Corporate Information Document Expiry Follow-up Days','Corporate Information Document Expiry Follow-up Days','2020-03-17 20:18:09',1);
/*!40000 ALTER TABLE `trs_tbl_settings` ENABLE KEYS */;
UNLOCK TABLES;

--
-- Table structure for table `trs_tbl_settings_for_carriers`
--

DROP TABLE IF EXISTS `trs_tbl_settings_for_carriers`;
/*!40101 SET @saved_cs_client     = @@character_set_client */;
/*!50503 SET character_set_client = utf8mb4 */;
CREATE TABLE `trs_tbl_settings_for_carriers` (
  `carrier_settings_id` bigint NOT NULL AUTO_INCREMENT,
  `settings_id` bigint NOT NULL,
  `setting_value` varchar(255) DEFAULT NULL,
  `carrier_id` bigint NOT NULL,
  `created_by` bigint NOT NULL,
  `created_date` datetime NOT NULL DEFAULT CURRENT_TIMESTAMP,
  `modified_by` bigint NOT NULL,
  `modified_date` datetime NOT NULL DEFAULT CURRENT_TIMESTAMP ON UPDATE CURRENT_TIMESTAMP,
  PRIMARY KEY (`carrier_settings_id`),
  KEY `settings_for_carriers_constraint` (`settings_id`),
  KEY `carrier_id_in_settings_constraint` (`carrier_id`)
) ENGINE=InnoDB AUTO_INCREMENT=301 DEFAULT CHARSET=latin1;
/*!40101 SET character_set_client = @saved_cs_client */;

--
-- Dumping data for table `trs_tbl_settings_for_carriers`
--

LOCK TABLES `trs_tbl_settings_for_carriers` WRITE;
/*!40000 ALTER TABLE `trs_tbl_settings_for_carriers` DISABLE KEYS */;
INSERT INTO `trs_tbl_settings_for_carriers` VALUES (1,1,'50',2,1,'2020-10-17 08:14:20',1,'2021-02-10 04:15:34'),(2,2,'prashanth.chivukula1997@gmail.com',2,1,'2020-10-17 08:14:20',1,'2020-10-17 08:14:20'),(3,3,'prashanth.chivukula1997@gmail.com',2,1,'2020-10-17 08:14:20',1,'2020-10-17 08:14:20'),(4,4,'prashanth.chivukula1997@gmail.com',2,1,'2020-10-17 08:14:20',1,'2020-10-17 08:14:20'),(5,5,'30',2,1,'2020-10-17 08:14:20',1,'2020-10-17 08:14:20'),(6,6,'30',2,1,'2020-10-17 08:14:20',1,'2020-10-17 08:14:20'),(7,7,'30',2,1,'2020-10-17 08:14:20',1,'2020-10-17 08:14:20'),(8,8,'30',2,1,'2020-10-17 08:14:20',1,'2020-10-17 08:14:20'),(9,9,'30',2,1,'2020-10-17 08:14:20',1,'2020-10-17 08:14:20'),(10,10,'30',2,1,'2020-10-17 08:14:20',1,'2020-10-17 08:14:20'),(11,1,'50',3,1,'2020-10-22 19:01:48',1,'2020-10-24 13:25:35'),(12,2,'collin@transreportservices.com',3,1,'2020-10-22 19:01:48',1,'2020-10-22 19:01:48'),(13,3,'collin@transreportservices.com',3,1,'2020-10-22 19:01:48',1,'2020-10-22 19:01:48'),(14,4,'clive@transreportservices.com',3,1,'2020-10-22 19:01:48',1,'2020-11-02 00:09:46'),(15,5,'60',3,1,'2020-10-22 19:01:48',1,'2020-12-17 21:24:28'),(16,6,'30',3,1,'2020-10-22 19:01:48',1,'2021-10-02 12:02:31'),(17,7,'30',3,1,'2020-10-22 19:01:48',1,'2020-10-22 19:01:48'),(18,8,'30',3,1,'2020-10-22 19:01:48',1,'2020-10-22 19:01:48'),(19,9,'30',3,1,'2020-10-22 19:01:48',1,'2020-10-22 19:01:48'),(20,10,'75',3,1,'2020-10-22 19:01:48',1,'2020-10-25 11:39:03'),(31,1,'10',5,1,'2020-11-25 14:53:49',1,'2020-11-25 14:53:49'),(32,2,'sales@permishare.com',5,1,'2020-11-25 14:53:49',1,'2020-11-25 14:53:49'),(33,3,'sales@permishare.com',5,1,'2020-11-25 14:53:49',1,'2020-11-25 14:53:49'),(34,4,'sales@permishare.com',5,1,'2020-11-25 14:53:49',1,'2020-11-25 14:53:49'),(35,5,'30',5,1,'2020-11-25 14:53:49',1,'2020-11-25 14:53:49'),(36,6,'30',5,1,'2020-11-25 14:53:49',1,'2020-11-25 14:53:49'),(37,7,'30',5,1,'2020-11-25 14:53:49',1,'2020-11-25 14:53:49'),(38,8,'30',5,1,'2020-11-25 14:53:49',1,'2020-11-25 14:53:49'),(39,9,'30',5,1,'2020-11-25 14:53:49',1,'2020-11-25 14:53:49'),(40,10,'30',5,1,'2020-11-25 14:53:49',1,'2020-11-25 14:53:49'),(41,1,'100',6,1,'2020-11-27 21:19:02',1,'2020-11-30 16:15:57'),(42,2,'tgerber@flashfreight.ca',6,1,'2020-11-27 21:19:02',1,'2020-11-27 21:19:02'),(43,3,'tgerber@flashfreight.ca',6,1,'2020-11-27 21:19:02',1,'2020-11-27 21:19:02'),(44,4,'tgerber@flashfreight.ca',6,1,'2020-11-27 21:19:02',1,'2020-11-27 21:19:02'),(45,5,'30',6,1,'2020-11-27 21:19:02',1,'2020-11-27 21:19:02'),(46,6,'30',6,1,'2020-11-27 21:19:02',1,'2020-11-27 21:19:02'),(47,7,'35',6,1,'2020-11-27 21:19:02',1,'2020-11-30 16:18:04'),(48,8,'30',6,1,'2020-11-27 21:19:02',1,'2020-11-27 21:19:02'),(49,9,'30',6,1,'2020-11-27 21:19:02',1,'2020-11-27 21:19:02'),(50,10,'50',6,1,'2020-11-27 21:19:02',1,'2020-11-28 19:44:24'),(51,1,'10',7,1,'2020-11-30 19:53:06',1,'2020-11-30 19:53:06'),(52,2,'christine@tfxinternational.com',7,1,'2020-11-30 19:53:06',1,'2020-11-30 19:53:06'),(53,3,'christine@tfxinternational.com',7,1,'2020-11-30 19:53:06',1,'2020-11-30 19:53:06'),(54,4,'christine@tfxinternational.com',7,1,'2020-11-30 19:53:06',1,'2020-11-30 19:53:06'),(55,5,'30',7,1,'2020-11-30 19:53:06',1,'2020-11-30 19:53:06'),(56,6,'30',7,1,'2020-11-30 19:53:06',1,'2020-11-30 19:53:06'),(57,7,'30',7,1,'2020-11-30 19:53:06',1,'2020-11-30 19:53:06'),(58,8,'30',7,1,'2020-11-30 19:53:06',1,'2020-11-30 19:53:06'),(59,9,'30',7,1,'2020-11-30 19:53:06',1,'2020-11-30 19:53:06'),(60,10,'30',7,1,'2020-11-30 19:53:06',1,'2020-11-30 19:53:06'),(61,1,'25',8,1,'2020-11-30 20:29:09',1,'2020-12-04 19:47:18'),(62,2,'chris@sstransport.ca',8,1,'2020-11-30 20:29:09',1,'2020-11-30 20:29:09'),(63,3,'chris@sstransport.ca',8,1,'2020-11-30 20:29:09',1,'2020-11-30 20:29:09'),(64,4,'chris@sstransport.ca',8,1,'2020-11-30 20:29:09',1,'2020-11-30 20:29:09'),(65,5,'30',8,1,'2020-11-30 20:29:09',1,'2020-11-30 20:29:09'),(66,6,'30',8,1,'2020-11-30 20:29:09',1,'2020-11-30 20:29:09'),(67,7,'30',8,1,'2020-11-30 20:29:09',1,'2020-11-30 20:29:09'),(68,8,'30',8,1,'2020-11-30 20:29:09',1,'2020-11-30 20:29:09'),(69,9,'30',8,1,'2020-11-30 20:29:09',1,'2020-11-30 20:29:09'),(70,10,'30',8,1,'2020-11-30 20:29:09',1,'2020-11-30 20:29:09'),(71,1,'10',9,1,'2020-11-30 23:17:46',1,'2020-11-30 23:17:46'),(72,2,'lux20.invex@gmail.com',9,1,'2020-11-30 23:17:46',1,'2020-11-30 23:17:46'),(73,3,'lux20.invex@gmail.com',9,1,'2020-11-30 23:17:46',1,'2020-11-30 23:17:46'),(74,4,'lux20.invex@gmail.com',9,1,'2020-11-30 23:17:46',1,'2020-11-30 23:17:46'),(75,5,'30',9,1,'2020-11-30 23:17:46',1,'2020-11-30 23:17:46'),(76,6,'30',9,1,'2020-11-30 23:17:46',1,'2020-11-30 23:17:46'),(77,7,'30',9,1,'2020-11-30 23:17:46',1,'2020-11-30 23:17:46'),(78,8,'30',9,1,'2020-11-30 23:17:46',1,'2020-11-30 23:17:46'),(79,9,'30',9,1,'2020-11-30 23:17:46',1,'2020-11-30 23:17:46'),(80,10,'30',9,1,'2020-11-30 23:17:46',1,'2020-11-30 23:17:46'),(81,1,'25',10,1,'2020-12-03 18:31:26',1,'2021-08-24 19:05:42'),(82,2,'don.n@stonestransport.com',10,1,'2020-12-03 18:31:26',1,'2020-12-03 18:31:26'),(83,3,'NA',10,1,'2020-12-03 18:31:26',1,'2021-08-24 18:29:31'),(84,4,'NA',10,1,'2020-12-03 18:31:26',1,'2021-08-24 18:29:37'),(85,5,'90',10,1,'2020-12-03 18:31:26',1,'2021-08-24 18:29:21'),(86,6,'30',10,1,'2020-12-03 18:31:26',1,'2020-12-03 18:31:26'),(87,7,'60',10,1,'2020-12-03 18:31:26',1,'2021-08-24 18:28:55'),(88,8,'30',10,1,'2020-12-03 18:31:26',1,'2020-12-03 18:31:26'),(89,9,'60',10,1,'2020-12-03 18:31:26',1,'2021-08-24 18:29:03'),(90,10,'60',10,1,'2020-12-03 18:31:26',1,'2021-08-24 18:29:07'),(91,1,'10',11,1,'2020-12-16 14:17:26',1,'2020-12-16 14:17:26'),(92,2,'pete.hennin@usecology.ca',11,1,'2020-12-16 14:17:26',1,'2020-12-16 14:17:26'),(93,3,'pete.hennin@usecology.ca',11,1,'2020-12-16 14:17:26',1,'2020-12-16 14:17:26'),(94,4,'pete.hennin@usecology.ca',11,1,'2020-12-16 14:17:26',1,'2020-12-16 14:17:26'),(95,5,'30',11,1,'2020-12-16 14:17:26',1,'2020-12-16 14:17:26'),(96,6,'30',11,1,'2020-12-16 14:17:26',1,'2020-12-16 14:17:26'),(97,7,'30',11,1,'2020-12-16 14:17:26',1,'2020-12-16 14:17:26'),(98,8,'30',11,1,'2020-12-16 14:17:26',1,'2020-12-16 14:17:26'),(99,9,'30',11,1,'2020-12-16 14:17:26',1,'2020-12-16 14:17:26'),(100,10,'30',11,1,'2020-12-16 14:17:26',1,'2020-12-16 14:17:26'),(101,1,'10',12,1,'2020-12-21 19:56:56',1,'2020-12-21 19:56:56'),(102,2,'sabaaenterprises@gmail.com',12,1,'2020-12-21 19:56:56',1,'2020-12-21 19:56:56'),(103,3,'sabaaenterprises@gmail.com',12,1,'2020-12-21 19:56:56',1,'2020-12-21 19:56:56'),(104,4,'sabaaenterprises@gmail.com',12,1,'2020-12-21 19:56:56',1,'2020-12-21 19:56:56'),(105,5,'30',12,1,'2020-12-21 19:56:56',1,'2020-12-21 19:56:56'),(106,6,'30',12,1,'2020-12-21 19:56:56',1,'2020-12-21 19:56:56'),(107,7,'30',12,1,'2020-12-21 19:56:56',1,'2020-12-21 19:56:56'),(108,8,'30',12,1,'2020-12-21 19:56:56',1,'2020-12-21 19:56:56'),(109,9,'30',12,1,'2020-12-21 19:56:56',1,'2020-12-21 19:56:56'),(110,10,'30',12,1,'2020-12-21 19:56:56',1,'2020-12-21 19:56:56'),(111,1,'10',13,1,'2021-03-10 22:00:35',1,'2021-03-10 22:00:35'),(112,2,'prasanth.chivukula@yahoo.com',13,1,'2021-03-10 22:00:35',1,'2021-03-10 22:00:35'),(113,3,'prasanth.chivukula@yahoo.com',13,1,'2021-03-10 22:00:35',1,'2021-03-10 22:00:35'),(114,4,'prasanth.chivukula@yahoo.com',13,1,'2021-03-10 22:00:35',1,'2021-03-10 22:00:35'),(115,5,'30',13,1,'2021-03-10 22:00:35',1,'2021-03-10 22:00:35'),(116,6,'30',13,1,'2021-03-10 22:00:35',1,'2021-03-10 22:00:35'),(117,7,'30',13,1,'2021-03-10 22:00:35',1,'2021-03-10 22:00:35'),(118,8,'30',13,1,'2021-03-10 22:00:35',1,'2021-03-10 22:00:35'),(119,9,'30',13,1,'2021-03-10 22:00:35',1,'2021-03-10 22:00:35'),(120,10,'30',13,1,'2021-03-10 22:00:35',1,'2021-03-10 22:00:35'),(121,1,'10',14,1,'2021-06-24 00:04:49',1,'2021-06-24 00:04:49'),(122,2,'TruckinCentral@gmail.com',14,1,'2021-06-24 00:04:49',1,'2021-06-24 00:04:49'),(123,3,'TruckinCentral@gmail.com',14,1,'2021-06-24 00:04:49',1,'2021-06-24 00:04:49'),(124,4,'TruckinCentral@gmail.com',14,1,'2021-06-24 00:04:49',1,'2021-06-24 00:04:49'),(125,5,'30',14,1,'2021-06-24 00:04:49',1,'2021-06-24 00:04:49'),(126,6,'30',14,1,'2021-06-24 00:04:49',1,'2021-06-24 00:04:49'),(127,7,'30',14,1,'2021-06-24 00:04:49',1,'2021-06-24 00:04:49'),(128,8,'30',14,1,'2021-06-24 00:04:49',1,'2021-06-24 00:04:49'),(129,9,'30',14,1,'2021-06-24 00:04:49',1,'2021-06-24 00:04:49'),(130,10,'30',14,1,'2021-06-24 00:04:49',1,'2021-06-24 00:04:49'),(131,1,'10',15,1,'2021-07-09 15:19:56',1,'2021-07-09 15:19:56'),(132,2,'jacob@drivepony.com',15,1,'2021-07-09 15:19:56',1,'2021-07-09 15:19:56'),(133,3,'jacob@drivepony.com',15,1,'2021-07-09 15:19:56',1,'2021-07-09 15:19:56'),(134,4,'jacob@drivepony.com',15,1,'2021-07-09 15:19:56',1,'2021-07-09 15:19:56'),(135,5,'30',15,1,'2021-07-09 15:19:56',1,'2021-07-09 15:19:56'),(136,6,'30',15,1,'2021-07-09 15:19:56',1,'2021-07-09 15:19:56'),(137,7,'30',15,1,'2021-07-09 15:19:56',1,'2021-07-09 15:19:56'),(138,8,'30',15,1,'2021-07-09 15:19:56',1,'2021-07-09 15:19:56'),(139,9,'30',15,1,'2021-07-09 15:19:56',1,'2021-07-09 15:19:56'),(140,10,'30',15,1,'2021-07-09 15:19:56',1,'2021-07-09 15:19:56'),(141,1,'10',16,1,'2021-07-10 12:25:17',1,'2021-07-10 12:25:17'),(142,2,'profreightdispatch2021@gmail.com',16,1,'2021-07-10 12:25:17',1,'2021-07-10 12:25:17'),(143,3,'profreightdispatch2021@gmail.com',16,1,'2021-07-10 12:25:17',1,'2021-07-10 12:25:17'),(144,4,'profreightdispatch2021@gmail.com',16,1,'2021-07-10 12:25:17',1,'2021-07-10 12:25:17'),(145,5,'30',16,1,'2021-07-10 12:25:17',1,'2021-07-10 12:25:17'),(146,6,'30',16,1,'2021-07-10 12:25:17',1,'2021-07-10 12:25:17'),(147,7,'30',16,1,'2021-07-10 12:25:17',1,'2021-07-10 12:25:17'),(148,8,'30',16,1,'2021-07-10 12:25:17',1,'2021-07-10 12:25:17'),(149,9,'30',16,1,'2021-07-10 12:25:17',1,'2021-07-10 12:25:17'),(150,10,'30',16,1,'2021-07-10 12:25:17',1,'2021-07-10 12:25:17'),(151,1,'10',17,1,'2021-07-10 12:27:02',1,'2021-07-10 12:27:02'),(152,2,'oncetransport@yahoo.com',17,1,'2021-07-10 12:27:02',1,'2021-07-10 12:27:02'),(153,3,'oncetransport@yahoo.com',17,1,'2021-07-10 12:27:02',1,'2021-07-10 12:27:02'),(154,4,'oncetransport@yahoo.com',17,1,'2021-07-10 12:27:02',1,'2021-07-10 12:27:02'),(155,5,'30',17,1,'2021-07-10 12:27:02',1,'2021-07-10 12:27:02'),(156,6,'30',17,1,'2021-07-10 12:27:02',1,'2021-07-10 12:27:02'),(157,7,'30',17,1,'2021-07-10 12:27:02',1,'2021-07-10 12:27:02'),(158,8,'30',17,1,'2021-07-10 12:27:02',1,'2021-07-10 12:27:02'),(159,9,'30',17,1,'2021-07-10 12:27:02',1,'2021-07-10 12:27:02'),(160,10,'30',17,1,'2021-07-10 12:27:02',1,'2021-07-10 12:27:02'),(161,1,'10',18,1,'2021-07-13 16:07:38',1,'2021-07-13 16:07:38'),(162,2,'ahmed@whitehorse.com',18,1,'2021-07-13 16:07:38',1,'2021-07-13 16:07:38'),(163,3,'ahmed@whitehorse.com',18,1,'2021-07-13 16:07:38',1,'2021-07-13 16:07:38'),(164,4,'ahmed@whitehorse.com',18,1,'2021-07-13 16:07:38',1,'2021-07-13 16:07:38'),(165,5,'30',18,1,'2021-07-13 16:07:38',1,'2021-07-13 16:07:38'),(166,6,'30',18,1,'2021-07-13 16:07:38',1,'2021-07-13 16:07:38'),(167,7,'30',18,1,'2021-07-13 16:07:38',1,'2021-07-13 16:07:38'),(168,8,'30',18,1,'2021-07-13 16:07:38',1,'2021-07-13 16:07:38'),(169,9,'30',18,1,'2021-07-13 16:07:38',1,'2021-07-13 16:07:38'),(170,10,'30',18,1,'2021-07-13 16:07:38',1,'2021-07-13 16:07:38'),(171,1,'10',19,1,'2021-07-28 15:58:23',1,'2021-07-28 15:58:23'),(172,2,'btenorio05.bt@gmail.com',19,1,'2021-07-28 15:58:23',1,'2021-07-28 15:58:23'),(173,3,'btenorio05.bt@gmail.com',19,1,'2021-07-28 15:58:23',1,'2021-07-28 15:58:23'),(174,4,'btenorio05.bt@gmail.com',19,1,'2021-07-28 15:58:23',1,'2021-07-28 15:58:23'),(175,5,'30',19,1,'2021-07-28 15:58:23',1,'2021-07-28 15:58:23'),(176,6,'30',19,1,'2021-07-28 15:58:23',1,'2021-07-28 15:58:23'),(177,7,'30',19,1,'2021-07-28 15:58:23',1,'2021-07-28 15:58:23'),(178,8,'30',19,1,'2021-07-28 15:58:23',1,'2021-07-28 15:58:23'),(179,9,'30',19,1,'2021-07-28 15:58:23',1,'2021-07-28 15:58:23'),(180,10,'30',19,1,'2021-07-28 15:58:23',1,'2021-07-28 15:58:23'),(181,1,'10',20,1,'2021-08-16 18:01:53',1,'2021-08-16 18:01:53'),(182,2,'teresa@flemingfastfreight.ca',20,1,'2021-08-16 18:01:53',1,'2021-08-16 18:01:53'),(183,3,'NA',20,1,'2021-08-16 18:01:53',1,'2021-08-24 18:18:58'),(184,4,'NA',20,1,'2021-08-16 18:01:53',1,'2021-08-24 18:19:09'),(185,5,'30',20,1,'2021-08-16 18:01:53',1,'2021-08-16 18:01:53'),(186,6,'30',20,1,'2021-08-16 18:01:53',1,'2021-08-16 18:01:53'),(187,7,'30',20,1,'2021-08-16 18:01:53',1,'2021-08-16 18:01:53'),(188,8,'30',20,1,'2021-08-16 18:01:53',1,'2021-08-16 18:01:53'),(189,9,'30',20,1,'2021-08-16 18:01:53',1,'2021-08-16 18:01:53'),(190,10,'30',20,1,'2021-08-16 18:01:53',1,'2021-08-16 18:01:53'),(191,1,'10',21,1,'2021-08-16 18:05:24',1,'2021-08-16 18:05:24'),(192,2,'gar-lor@hotmail.com',21,1,'2021-08-16 18:05:24',1,'2021-08-16 18:05:24'),(193,3,'gar-lor@hotmail.com',21,1,'2021-08-16 18:05:24',1,'2021-08-16 18:05:24'),(194,4,'gar-lor@hotmail.com',21,1,'2021-08-16 18:05:24',1,'2021-08-16 18:05:24'),(195,5,'30',21,1,'2021-08-16 18:05:24',1,'2021-08-16 18:05:24'),(196,6,'30',21,1,'2021-08-16 18:05:24',1,'2021-08-16 18:05:24'),(197,7,'30',21,1,'2021-08-16 18:05:24',1,'2021-08-16 18:05:24'),(198,8,'30',21,1,'2021-08-16 18:05:24',1,'2021-08-16 18:05:24'),(199,9,'30',21,1,'2021-08-16 18:05:24',1,'2021-08-16 18:05:24'),(200,10,'30',21,1,'2021-08-16 18:05:24',1,'2021-08-16 18:05:24'),(201,1,'10',22,1,'2021-08-16 18:09:31',1,'2021-08-16 18:09:31'),(202,2,'dmdurst@sympatico.ca',22,1,'2021-08-16 18:09:31',1,'2021-08-16 18:09:31'),(203,3,'dmdurst@sympatico.ca',22,1,'2021-08-16 18:09:31',1,'2021-08-16 18:09:31'),(204,4,'dmdurst@sympatico.ca',22,1,'2021-08-16 18:09:31',1,'2021-08-16 18:09:31'),(205,5,'30',22,1,'2021-08-16 18:09:31',1,'2021-08-16 18:09:31'),(206,6,'30',22,1,'2021-08-16 18:09:31',1,'2021-08-16 18:09:31'),(207,7,'60',22,1,'2021-08-16 18:09:31',1,'2021-08-23 18:31:27'),(208,8,'30',22,1,'2021-08-16 18:09:31',1,'2021-08-16 18:09:31'),(209,9,'60',22,1,'2021-08-16 18:09:31',1,'2021-08-23 18:31:37'),(210,10,'30',22,1,'2021-08-16 18:09:31',1,'2021-08-16 18:09:31'),(211,1,'10',23,1,'2021-08-16 18:11:47',1,'2021-08-16 18:11:47'),(212,2,'AndrewN@lakesideproduce.com',23,1,'2021-08-16 18:11:47',1,'2021-08-16 18:11:47'),(213,3,'AndrewN@lakesideproduce.com',23,1,'2021-08-16 18:11:47',1,'2021-08-16 18:11:47'),(214,4,'AndrewN@lakesideproduce.com',23,1,'2021-08-16 18:11:47',1,'2021-08-16 18:11:47'),(215,5,'30',23,1,'2021-08-16 18:11:47',1,'2021-08-16 18:11:47'),(216,6,'30',23,1,'2021-08-16 18:11:47',1,'2021-08-16 18:11:47'),(217,7,'30',23,1,'2021-08-16 18:11:47',1,'2021-08-16 18:11:47'),(218,8,'30',23,1,'2021-08-16 18:11:47',1,'2021-08-16 18:11:47'),(219,9,'30',23,1,'2021-08-16 18:11:47',1,'2021-08-16 18:11:47'),(220,10,'30',23,1,'2021-08-16 18:11:47',1,'2021-08-16 18:11:47'),(221,1,'25',24,1,'2021-08-16 18:14:29',1,'2021-08-24 18:06:07'),(222,2,'brad@vergelogistics.com',24,1,'2021-08-16 18:14:29',1,'2021-08-16 18:14:29'),(223,3,'NA',24,1,'2021-08-16 18:14:29',1,'2021-08-24 18:04:31'),(224,4,'NA',24,1,'2021-08-16 18:14:29',1,'2021-08-24 18:04:23'),(225,5,'60',24,1,'2021-08-16 18:14:29',1,'2021-08-24 18:05:04'),(226,6,'60',24,1,'2021-08-16 18:14:29',1,'2021-08-24 18:03:30'),(227,7,'60',24,1,'2021-08-16 18:14:29',1,'2021-08-24 18:03:37'),(228,8,'30',24,1,'2021-08-16 18:14:29',1,'2021-08-16 18:14:29'),(229,9,'30',24,1,'2021-08-16 18:14:29',1,'2021-08-16 18:14:29'),(230,10,'90',24,1,'2021-08-16 18:14:29',1,'2021-08-24 18:06:46'),(231,1,'50',25,1,'2021-08-20 14:47:52',1,'2021-08-24 21:11:06'),(232,2,'ivadell@tfxinternational.com',25,1,'2021-08-20 14:47:52',1,'2021-08-20 14:47:52'),(233,3,'ivadell@tfxinternational.com',25,1,'2021-08-20 14:47:52',1,'2021-08-20 14:47:52'),(234,4,'N/A',25,1,'2021-08-20 14:47:52',1,'2021-08-24 18:04:22'),(235,5,'30',25,1,'2021-08-20 14:47:52',1,'2021-08-20 14:47:52'),(236,6,'0',25,1,'2021-08-20 14:47:52',1,'2021-08-27 18:55:21'),(237,7,'30',25,1,'2021-08-20 14:47:52',1,'2021-08-20 14:47:52'),(238,8,'30',25,1,'2021-08-20 14:47:52',1,'2021-08-20 14:47:52'),(239,9,'30',25,1,'2021-08-20 14:47:52',1,'2021-08-20 14:47:52'),(240,10,'60',25,1,'2021-08-20 14:47:52',1,'2021-08-24 18:03:25'),(241,1,'10',26,1,'2021-08-25 14:30:01',1,'2021-08-25 14:30:01'),(242,2,'workhorseh@gmail.com',26,1,'2021-08-25 14:30:01',1,'2021-08-25 14:30:01'),(243,3,'workhorseh@gmail.com',26,1,'2021-08-25 14:30:01',1,'2021-08-25 14:30:01'),(244,4,'workhorseh@gmail.com',26,1,'2021-08-25 14:30:01',1,'2021-08-25 14:30:01'),(245,5,'30',26,1,'2021-08-25 14:30:01',1,'2021-08-25 14:30:01'),(246,6,'30',26,1,'2021-08-25 14:30:01',1,'2021-08-25 14:30:01'),(247,7,'30',26,1,'2021-08-25 14:30:01',1,'2021-08-25 14:30:01'),(248,8,'30',26,1,'2021-08-25 14:30:01',1,'2021-08-25 14:30:01'),(249,9,'30',26,1,'2021-08-25 14:30:01',1,'2021-08-25 14:30:01'),(250,10,'30',26,1,'2021-08-25 14:30:01',1,'2021-08-25 14:30:01'),(251,1,'10',27,1,'2021-09-07 15:10:30',1,'2021-09-07 15:10:30'),(252,2,'ridhima@optionmatrix.com',27,1,'2021-09-07 15:10:30',1,'2021-09-07 15:10:30'),(253,3,'ridhima@optionmatrix.com',27,1,'2021-09-07 15:10:30',1,'2021-09-07 15:10:30'),(254,4,'ridhima@optionmatrix.com',27,1,'2021-09-07 15:10:30',1,'2021-09-07 15:10:30'),(255,5,'30',27,1,'2021-09-07 15:10:30',1,'2021-09-07 15:10:30'),(256,6,'30',27,1,'2021-09-07 15:10:30',1,'2021-09-07 15:10:30'),(257,7,'30',27,1,'2021-09-07 15:10:30',1,'2021-09-07 15:10:30'),(258,8,'30',27,1,'2021-09-07 15:10:30',1,'2021-09-07 15:10:30'),(259,9,'30',27,1,'2021-09-07 15:10:30',1,'2021-09-07 15:10:30'),(260,10,'30',27,1,'2021-09-07 15:10:30',1,'2021-09-07 15:10:30'),(261,1,'10',28,1,'2021-09-08 13:55:32',1,'2021-09-08 13:55:32'),(262,2,'ridhimarao8@gmail.com',28,1,'2021-09-08 13:55:32',1,'2021-09-08 13:55:32'),(263,3,'ridhimarao8@gmail.com',28,1,'2021-09-08 13:55:32',1,'2021-09-08 13:55:32'),(264,4,'ridhimarao8@gmail.com',28,1,'2021-09-08 13:55:32',1,'2021-09-08 13:55:32'),(265,5,'30',28,1,'2021-09-08 13:55:32',1,'2021-09-08 13:55:32'),(266,6,'30',28,1,'2021-09-08 13:55:32',1,'2021-09-08 13:55:32'),(267,7,'30',28,1,'2021-09-08 13:55:32',1,'2021-09-08 13:55:32'),(268,8,'30',28,1,'2021-09-08 13:55:32',1,'2021-09-08 13:55:32'),(269,9,'30',28,1,'2021-09-08 13:55:32',1,'2021-09-08 13:55:32'),(270,10,'30',28,1,'2021-09-08 13:55:32',1,'2021-09-08 13:55:32'),(271,1,'10',29,1,'2021-09-09 15:02:34',1,'2021-09-09 15:02:34'),(272,2,'gar-lor@hotmail.com',29,1,'2021-09-09 15:02:34',1,'2021-09-09 15:02:34'),(273,3,'gar-lor@hotmail.com',29,1,'2021-09-09 15:02:34',1,'2021-09-09 15:02:34'),(274,4,'gar-lor@hotmail.com',29,1,'2021-09-09 15:02:34',1,'2021-09-09 15:02:34'),(275,5,'30',29,1,'2021-09-09 15:02:34',1,'2021-09-09 15:02:34'),(276,6,'30',29,1,'2021-09-09 15:02:34',1,'2021-09-09 15:02:34'),(277,7,'30',29,1,'2021-09-09 15:02:34',1,'2021-09-09 15:02:34'),(278,8,'30',29,1,'2021-09-09 15:02:34',1,'2021-09-09 15:02:34'),(279,9,'30',29,1,'2021-09-09 15:02:34',1,'2021-09-09 15:02:34'),(280,10,'30',29,1,'2021-09-09 15:02:34',1,'2021-09-09 15:02:34'),(281,1,'10',30,1,'2021-09-24 15:35:43',1,'2021-09-24 15:35:43'),(282,2,'AndrewN@lakesideproduce.com',30,1,'2021-09-24 15:35:43',1,'2021-09-24 15:35:43'),(283,3,'AndrewN@lakesideproduce.com',30,1,'2021-09-24 15:35:43',1,'2021-09-24 15:35:43'),(284,4,'AndrewN@lakesideproduce.com',30,1,'2021-09-24 15:35:43',1,'2021-09-24 15:35:43'),(285,5,'30',30,1,'2021-09-24 15:35:43',1,'2021-09-24 15:35:43'),(286,6,'30',30,1,'2021-09-24 15:35:43',1,'2021-09-24 15:35:43'),(287,7,'30',30,1,'2021-09-24 15:35:43',1,'2021-09-24 15:35:43'),(288,8,'30',30,1,'2021-09-24 15:35:43',1,'2021-09-24 15:35:43'),(289,9,'30',30,1,'2021-09-24 15:35:43',1,'2021-09-24 15:35:43'),(290,10,'45',30,1,'2021-09-24 15:35:43',1,'2021-09-30 15:20:00'),(291,1,'10',31,1,'2021-09-30 19:51:28',1,'2021-09-30 19:51:28'),(292,2,'toddpaton@toddpaton.com',31,1,'2021-09-30 19:51:28',1,'2021-09-30 19:51:28'),(293,3,'toddpaton@toddpaton.com',31,1,'2021-09-30 19:51:28',1,'2021-09-30 19:51:28'),(294,4,'toddpaton@toddpaton.com',31,1,'2021-09-30 19:51:28',1,'2021-09-30 19:51:28'),(295,5,'30',31,1,'2021-09-30 19:51:28',1,'2021-09-30 19:51:28'),(296,6,'30',31,1,'2021-09-30 19:51:28',1,'2021-09-30 19:51:28'),(297,7,'30',31,1,'2021-09-30 19:51:28',1,'2021-09-30 19:51:28'),(298,8,'30',31,1,'2021-09-30 19:51:28',1,'2021-09-30 19:51:28'),(299,9,'30',31,1,'2021-09-30 19:51:28',1,'2021-09-30 19:51:28'),(300,10,'30',31,1,'2021-09-30 19:51:28',1,'2021-09-30 19:51:28');
/*!40000 ALTER TABLE `trs_tbl_settings_for_carriers` ENABLE KEYS */;
UNLOCK TABLES;

--
-- Table structure for table `trs_tbl_states`
--

DROP TABLE IF EXISTS `trs_tbl_states`;
/*!40101 SET @saved_cs_client     = @@character_set_client */;
/*!50503 SET character_set_client = utf8mb4 */;
CREATE TABLE `trs_tbl_states` (
  `state_id` bigint NOT NULL AUTO_INCREMENT,
  `state_name` varchar(255) NOT NULL,
  `is_active` tinyint NOT NULL DEFAULT '0',
  `is_deleted` tinyint NOT NULL DEFAULT '1',
  `country_id` bigint NOT NULL,
  PRIMARY KEY (`state_id`),
  KEY `states_country_constraint` (`country_id`)
) ENGINE=InnoDB AUTO_INCREMENT=4122 DEFAULT CHARSET=latin1;
/*!40101 SET character_set_client = @saved_cs_client */;

--
-- Dumping data for table `trs_tbl_states`
--

LOCK TABLES `trs_tbl_states` WRITE;
/*!40000 ALTER TABLE `trs_tbl_states` DISABLE KEYS */;
INSERT INTO `trs_tbl_states` VALUES (1,'Andaman and Nicobar Islands',1,0,101),(2,'Andhra Pradesh',1,0,101),(3,'Arunachal Pradesh',1,0,101),(4,'Assam',1,0,101),(5,'Bihar',1,0,101),(6,'Chandigarh',1,0,101),(7,'Chhattisgarh',1,0,101),(8,'Dadra and Nagar Haveli',1,0,101),(9,'Daman and Diu',1,0,101),(10,'Delhi',1,0,101),(11,'Goa',1,0,101),(12,'Gujarat',1,0,101),(13,'Haryana',1,0,101),(14,'Himachal Pradesh',1,0,101),(15,'Jammu and Kashmir',1,0,101),(16,'Jharkhand',1,0,101),(17,'Karnataka',1,0,101),(18,'Kenmore',1,1,101),(19,'Kerala',1,0,101),(20,'Lakshadweep',1,0,101),(21,'Madhya Pradesh',1,0,101),(22,'Maharashtra',1,0,101),(23,'Manipur',1,0,101),(24,'Meghalaya',1,0,101),(25,'Mizoram',1,0,101),(26,'Nagaland',1,0,101),(27,'Narora',1,1,101),(28,'Natwar',1,1,101),(29,'Odisha',1,0,101),(30,'Paschim Medinipur',1,1,101),(31,'Pondicherry',1,0,101),(32,'Punjab',1,0,101),(33,'Rajasthan',1,0,101),(34,'Sikkim',1,0,101),(35,'Tamil Nadu',1,0,101),(36,'Telangana',1,0,101),(37,'Tripura',1,0,101),(38,'Uttar Pradesh',1,0,101),(39,'Uttarakhand',1,0,101),(40,'Vaishali',1,1,101),(41,'West Bengal',1,0,101),(42,'Badakhshan',1,0,1),(43,'Badgis',1,0,1),(44,'Baglan',1,0,1),(45,'Balkh',1,0,1),(46,'Bamiyan',1,0,1),(47,'Farah',1,0,1),(48,'Faryab',1,0,1),(49,'Gawr',1,0,1),(50,'Gazni',1,0,1),(51,'Herat',1,0,1),(52,'Hilmand',1,0,1),(53,'Jawzjan',1,0,1),(54,'Kabul',1,0,1),(55,'Kapisa',1,0,1),(56,'Khawst',1,0,1),(57,'Kunar',1,0,1),(58,'Lagman',1,0,1),(59,'Lawghar',1,0,1),(60,'Nangarhar',1,0,1),(61,'Nimruz',1,0,1),(62,'Nuristan',1,0,1),(63,'Paktika',1,0,1),(64,'Paktiya',1,0,1),(65,'Parwan',1,0,1),(66,'Qandahar',1,0,1),(67,'Qunduz',1,0,1),(68,'Samangan',1,0,1),(69,'Sar-e Pul',1,0,1),(70,'Takhar',1,0,1),(71,'Uruzgan',1,0,1),(72,'Wardag',1,0,1),(73,'Zabul',1,0,1),(74,'Berat',1,0,2),(75,'Bulqize',1,0,2),(76,'Delvine',1,0,2),(77,'Devoll',1,0,2),(78,'Dibre',1,0,2),(79,'Durres',1,0,2),(80,'Elbasan',1,0,2),(81,'Fier',1,0,2),(82,'Gjirokaster',1,0,2),(83,'Gramsh',1,0,2),(84,'Has',1,0,2),(85,'Kavaje',1,0,2),(86,'Kolonje',1,0,2),(87,'Korce',1,0,2),(88,'Kruje',1,0,2),(89,'Kucove',1,0,2),(90,'Kukes',1,0,2),(91,'Kurbin',1,0,2),(92,'Lezhe',1,0,2),(93,'Librazhd',1,0,2),(94,'Lushnje',1,0,2),(95,'Mallakaster',1,0,2),(96,'Malsi e Madhe',1,0,2),(97,'Mat',1,0,2),(98,'Mirdite',1,0,2),(99,'Peqin',1,0,2),(100,'Permet',1,0,2),(101,'Pogradec',1,0,2),(102,'Puke',1,0,2),(103,'Sarande',1,0,2),(104,'Shkoder',1,0,2),(105,'Skrapar',1,0,2),(106,'Tepelene',1,0,2),(107,'Tirane',1,0,2),(108,'Tropoje',1,0,2),(109,'Vlore',1,0,2),(110,'\'Ayn Daflah',1,0,3),(111,'\'Ayn Tamushanat',1,0,3),(112,'Adrar',1,0,3),(113,'Algiers',1,0,3),(114,'Annabah',1,0,3),(115,'Bashshar',1,0,3),(116,'Batnah',1,0,3),(117,'Bijayah',1,0,3),(118,'Biskrah',1,0,3),(119,'Blidah',1,0,3),(120,'Buirah',1,0,3),(121,'Bumardas',1,0,3),(122,'Burj Bu Arririj',1,0,3),(123,'Ghalizan',1,0,3),(124,'Ghardayah',1,0,3),(125,'Ilizi',1,0,3),(126,'Jijili',1,0,3),(127,'Jilfah',1,0,3),(128,'Khanshalah',1,0,3),(129,'Masilah',1,0,3),(130,'Midyah',1,0,3),(131,'Milah',1,0,3),(132,'Muaskar',1,0,3),(133,'Mustaghanam',1,0,3),(134,'Naama',1,0,3),(135,'Oran',1,0,3),(136,'Ouargla',1,0,3),(137,'Qalmah',1,0,3),(138,'Qustantinah',1,0,3),(139,'Sakikdah',1,0,3),(140,'Satif',1,0,3),(141,'Sayda\'',1,0,3),(142,'Sidi ban-al-\'Abbas',1,0,3),(143,'Suq Ahras',1,0,3),(144,'Tamanghasat',1,0,3),(145,'Tibazah',1,0,3),(146,'Tibissah',1,0,3),(147,'Tilimsan',1,0,3),(148,'Tinduf',1,0,3),(149,'Tisamsilt',1,0,3),(150,'Tiyarat',1,0,3),(151,'Tizi Wazu',1,0,3),(152,'Umm-al-Bawaghi',1,0,3),(153,'Wahran',1,0,3),(154,'Warqla',1,0,3),(155,'Wilaya d Alger',1,0,3),(156,'Wilaya de Bejaia',1,0,3),(157,'Wilaya de Constantine',1,0,3),(158,'al-Aghwat',1,0,3),(159,'al-Bayadh',1,0,3),(160,'al-Jaza\'ir',1,0,3),(161,'al-Wad',1,0,3),(162,'ash-Shalif',1,0,3),(163,'at-Tarif',1,0,3),(164,'Eastern',1,0,4),(165,'Manu\'a',1,0,4),(166,'Swains Island',1,0,4),(167,'Western',1,0,4),(168,'Andorra la Vella',1,0,5),(169,'Canillo',1,0,5),(170,'Encamp',1,0,5),(171,'La Massana',1,0,5),(172,'Les Escaldes',1,0,5),(173,'Ordino',1,0,5),(174,'Sant Julia de Loria',1,0,5),(175,'Bengo',1,0,6),(176,'Benguela',1,0,6),(177,'Bie',1,0,6),(178,'Cabinda',1,0,6),(179,'Cunene',1,0,6),(180,'Huambo',1,0,6),(181,'Huila',1,0,6),(182,'Kuando-Kubango',1,0,6),(183,'Kwanza Norte',1,0,6),(184,'Kwanza Sul',1,0,6),(185,'Luanda',1,0,6),(186,'Lunda Norte',1,0,6),(187,'Lunda Sul',1,0,6),(188,'Malanje',1,0,6),(189,'Moxico',1,0,6),(190,'Namibe',1,0,6),(191,'Uige',1,0,6),(192,'Zaire',1,0,6),(193,'Other Provinces',1,0,7),(194,'Sector claimed by Argentina/Ch',1,0,8),(195,'Sector claimed by Argentina/UK',1,0,8),(196,'Sector claimed by Australia',1,0,8),(197,'Sector claimed by France',1,0,8),(198,'Sector claimed by New Zealand',1,0,8),(199,'Sector claimed by Norway',1,0,8),(200,'Unclaimed Sector',1,0,8),(201,'Barbuda',1,0,9),(202,'Saint George',1,0,9),(203,'Saint John',1,0,9),(204,'Saint Mary',1,0,9),(205,'Saint Paul',1,0,9),(206,'Saint Peter',1,0,9),(207,'Saint Philip',1,0,9),(208,'Buenos Aires',1,0,10),(209,'Catamarca',1,0,10),(210,'Chaco',1,0,10),(211,'Chubut',1,0,10),(212,'Cordoba',1,0,10),(213,'Corrientes',1,0,10),(214,'Distrito Federal',1,0,10),(215,'Entre Rios',1,0,10),(216,'Formosa',1,0,10),(217,'Jujuy',1,0,10),(218,'La Pampa',1,0,10),(219,'La Rioja',1,0,10),(220,'Mendoza',1,0,10),(221,'Misiones',1,0,10),(222,'Neuquen',1,0,10),(223,'Rio Negro',1,0,10),(224,'Salta',1,0,10),(225,'San Juan',1,0,10),(226,'San Luis',1,0,10),(227,'Santa Cruz',1,0,10),(228,'Santa Fe',1,0,10),(229,'Santiago del Estero',1,0,10),(230,'Tierra del Fuego',1,0,10),(231,'Tucuman',1,0,10),(232,'Aragatsotn',1,0,11),(233,'Ararat',1,0,11),(234,'Armavir',1,0,11),(235,'Gegharkunik',1,0,11),(236,'Kotaik',1,0,11),(237,'Lori',1,0,11),(238,'Shirak',1,0,11),(239,'Stepanakert',1,0,11),(240,'Syunik',1,0,11),(241,'Tavush',1,0,11),(242,'Vayots Dzor',1,0,11),(243,'Yerevan',1,0,11),(244,'Aruba',1,0,12),(245,'Auckland',1,0,13),(246,'Australian Capital Territory',1,0,13),(247,'Balgowlah',1,0,13),(248,'Balmain',1,0,13),(249,'Bankstown',1,0,13),(250,'Baulkham Hills',1,0,13),(251,'Bonnet Bay',1,0,13),(252,'Camberwell',1,0,13),(253,'Carole Park',1,0,13),(254,'Castle Hill',1,0,13),(255,'Caulfield',1,0,13),(256,'Chatswood',1,0,13),(257,'Cheltenham',1,0,13),(258,'Cherrybrook',1,0,13),(259,'Clayton',1,0,13),(260,'Collingwood',1,0,13),(261,'Frenchs Forest',1,0,13),(262,'Hawthorn',1,0,13),(263,'Jannnali',1,0,13),(264,'Knoxfield',1,0,13),(265,'Melbourne',1,0,13),(266,'New South Wales',1,0,13),(267,'Northern Territory',1,0,13),(268,'Perth',1,0,13),(269,'Queensland',1,0,13),(270,'South Australia',1,0,13),(271,'Tasmania',1,0,13),(272,'Templestowe',1,0,13),(273,'Victoria',1,0,13),(274,'Werribee south',1,0,13),(275,'Western Australia',1,0,13),(276,'Wheeler',1,0,13),(277,'Bundesland Salzburg',1,0,14),(278,'Bundesland Steiermark',1,0,14),(279,'Bundesland Tirol',1,0,14),(280,'Burgenland',1,0,14),(281,'Carinthia',1,0,14),(282,'Karnten',1,0,14),(283,'Liezen',1,0,14),(284,'Lower Austria',1,0,14),(285,'Niederosterreich',1,0,14),(286,'Oberosterreich',1,0,14),(287,'Salzburg',1,0,14),(288,'Schleswig-Holstein',1,0,14),(289,'Steiermark',1,0,14),(290,'Styria',1,0,14),(291,'Tirol',1,0,14),(292,'Upper Austria',1,0,14),(293,'Vorarlberg',1,0,14),(294,'Wien',1,0,14),(295,'Abseron',1,0,15),(296,'Baki Sahari',1,0,15),(297,'Ganca',1,0,15),(298,'Ganja',1,0,15),(299,'Kalbacar',1,0,15),(300,'Lankaran',1,0,15),(301,'Mil-Qarabax',1,0,15),(302,'Mugan-Salyan',1,0,15),(303,'Nagorni-Qarabax',1,0,15),(304,'Naxcivan',1,0,15),(305,'Priaraks',1,0,15),(306,'Qazax',1,0,15),(307,'Saki',1,0,15),(308,'Sirvan',1,0,15),(309,'Xacmaz',1,0,15),(310,'Abaco',1,0,16),(311,'Acklins Island',1,0,16),(312,'Andros',1,0,16),(313,'Berry Islands',1,0,16),(314,'Biminis',1,0,16),(315,'Cat Island',1,0,16),(316,'Crooked Island',1,0,16),(317,'Eleuthera',1,0,16),(318,'Exuma and Cays',1,0,16),(319,'Grand Bahama',1,0,16),(320,'Inagua Islands',1,0,16),(321,'Long Island',1,0,16),(322,'Mayaguana',1,0,16),(323,'New Providence',1,0,16),(324,'Ragged Island',1,0,16),(325,'Rum Cay',1,0,16),(326,'San Salvador',1,0,16),(327,'\'Isa',1,0,17),(328,'Badiyah',1,0,17),(329,'Hidd',1,0,17),(330,'Jidd Hafs',1,0,17),(331,'Mahama',1,0,17),(332,'Manama',1,0,17),(333,'Sitrah',1,0,17),(334,'al-Manamah',1,0,17),(335,'al-Muharraq',1,0,17),(336,'ar-Rifa\'a',1,0,17),(337,'Bagar Hat',1,0,18),(338,'Bandarban',1,0,18),(339,'Barguna',1,0,18),(340,'Barisal',1,0,18),(341,'Bhola',1,0,18),(342,'Bogora',1,0,18),(343,'Brahman Bariya',1,0,18),(344,'Chandpur',1,0,18),(345,'Chattagam',1,0,18),(346,'Chittagong Division',1,0,18),(347,'Chuadanga',1,0,18),(348,'Dhaka',1,0,18),(349,'Dinajpur',1,0,18),(350,'Faridpur',1,0,18),(351,'Feni',1,0,18),(352,'Gaybanda',1,0,18),(353,'Gazipur',1,0,18),(354,'Gopalganj',1,0,18),(355,'Habiganj',1,0,18),(356,'Jaipur Hat',1,0,18),(357,'Jamalpur',1,0,18),(358,'Jessor',1,0,18),(359,'Jhalakati',1,0,18),(360,'Jhanaydah',1,0,18),(361,'Khagrachhari',1,0,18),(362,'Khulna',1,0,18),(363,'Kishorganj',1,0,18),(364,'Koks Bazar',1,0,18),(365,'Komilla',1,0,18),(366,'Kurigram',1,0,18),(367,'Kushtiya',1,0,18),(368,'Lakshmipur',1,0,18),(369,'Lalmanir Hat',1,0,18),(370,'Madaripur',1,0,18),(371,'Magura',1,0,18),(372,'Maimansingh',1,0,18),(373,'Manikganj',1,0,18),(374,'Maulvi Bazar',1,0,18),(375,'Meherpur',1,0,18),(376,'Munshiganj',1,0,18),(377,'Naral',1,0,18),(378,'Narayanganj',1,0,18),(379,'Narsingdi',1,0,18),(380,'Nator',1,0,18),(381,'Naugaon',1,0,18),(382,'Nawabganj',1,0,18),(383,'Netrakona',1,0,18),(384,'Nilphamari',1,0,18),(385,'Noakhali',1,0,18),(386,'Pabna',1,0,18),(387,'Panchagarh',1,0,18),(388,'Patuakhali',1,0,18),(389,'Pirojpur',1,0,18),(390,'Rajbari',1,0,18),(391,'Rajshahi',1,0,18),(392,'Rangamati',1,0,18),(393,'Rangpur',1,0,18),(394,'Satkhira',1,0,18),(395,'Shariatpur',1,0,18),(396,'Sherpur',1,0,18),(397,'Silhat',1,0,18),(398,'Sirajganj',1,0,18),(399,'Sunamganj',1,0,18),(400,'Tangayal',1,0,18),(401,'Thakurgaon',1,0,18),(402,'Christ Church',1,0,19),(403,'Saint Andrew',1,0,19),(404,'Saint George',1,0,19),(405,'Saint James',1,0,19),(406,'Saint John',1,0,19),(407,'Saint Joseph',1,0,19),(408,'Saint Lucy',1,0,19),(409,'Saint Michael',1,0,19),(410,'Saint Peter',1,0,19),(411,'Saint Philip',1,0,19),(412,'Saint Thomas',1,0,19),(413,'Brest',1,0,20),(414,'Homjel\'',1,0,20),(415,'Hrodna',1,0,20),(416,'Mahiljow',1,0,20),(417,'Mahilyowskaya Voblasts',1,0,20),(418,'Minsk',1,0,20),(419,'Minskaja Voblasts\'',1,0,20),(420,'Petrik',1,0,20),(421,'Vicebsk',1,0,20),(422,'Antwerpen',1,0,21),(423,'Berchem',1,0,21),(424,'Brabant',1,0,21),(425,'Brabant Wallon',1,0,21),(426,'Brussel',1,0,21),(427,'East Flanders',1,0,21),(428,'Hainaut',1,0,21),(429,'Liege',1,0,21),(430,'Limburg',1,0,21),(431,'Luxembourg',1,0,21),(432,'Namur',1,0,21),(433,'Ontario',1,0,21),(434,'Oost-Vlaanderen',1,0,21),(435,'Provincie Brabant',1,0,21),(436,'Vlaams-Brabant',1,0,21),(437,'Wallonne',1,0,21),(438,'West-Vlaanderen',1,0,21),(439,'Belize',1,0,22),(440,'Cayo',1,0,22),(441,'Corozal',1,0,22),(442,'Orange Walk',1,0,22),(443,'Stann Creek',1,0,22),(444,'Toledo',1,0,22),(445,'Alibori',1,0,23),(446,'Atacora',1,0,23),(447,'Atlantique',1,0,23),(448,'Borgou',1,0,23),(449,'Collines',1,0,23),(450,'Couffo',1,0,23),(451,'Donga',1,0,23),(452,'Littoral',1,0,23),(453,'Mono',1,0,23),(454,'Oueme',1,0,23),(455,'Plateau',1,0,23),(456,'Zou',1,0,23),(457,'Hamilton',1,0,24),(458,'Saint George',1,0,24),(459,'Bumthang',1,0,25),(460,'Chhukha',1,0,25),(461,'Chirang',1,0,25),(462,'Daga',1,0,25),(463,'Geylegphug',1,0,25),(464,'Ha',1,0,25),(465,'Lhuntshi',1,0,25),(466,'Mongar',1,0,25),(467,'Pemagatsel',1,0,25),(468,'Punakha',1,0,25),(469,'Rinpung',1,0,25),(470,'Samchi',1,0,25),(471,'Samdrup Jongkhar',1,0,25),(472,'Shemgang',1,0,25),(473,'Tashigang',1,0,25),(474,'Timphu',1,0,25),(475,'Tongsa',1,0,25),(476,'Wangdiphodrang',1,0,25),(477,'Beni',1,0,26),(478,'Chuquisaca',1,0,26),(479,'Cochabamba',1,0,26),(480,'La Paz',1,0,26),(481,'Oruro',1,0,26),(482,'Pando',1,0,26),(483,'Potosi',1,0,26),(484,'Santa Cruz',1,0,26),(485,'Tarija',1,0,26),(486,'Federacija Bosna i Hercegovina',1,0,27),(487,'Republika Srpska',1,0,27),(488,'Central Bobonong',1,0,28),(489,'Central Boteti',1,0,28),(490,'Central Mahalapye',1,0,28),(491,'Central Serowe-Palapye',1,0,28),(492,'Central Tutume',1,0,28),(493,'Chobe',1,0,28),(494,'Francistown',1,0,28),(495,'Gaborone',1,0,28),(496,'Ghanzi',1,0,28),(497,'Jwaneng',1,0,28),(498,'Kgalagadi North',1,0,28),(499,'Kgalagadi South',1,0,28),(500,'Kgatleng',1,0,28),(501,'Kweneng',1,0,28),(502,'Lobatse',1,0,28),(503,'Ngamiland',1,0,28),(504,'Ngwaketse',1,0,28),(505,'North East',1,0,28),(506,'Okavango',1,0,28),(507,'Orapa',1,0,28),(508,'Selibe Phikwe',1,0,28),(509,'South East',1,0,28),(510,'Sowa',1,0,28),(511,'Bouvet Island',1,0,29),(512,'Acre',1,0,30),(513,'Alagoas',1,0,30),(514,'Amapa',1,0,30),(515,'Amazonas',1,0,30),(516,'Bahia',1,0,30),(517,'Ceara',1,0,30),(518,'Distrito Federal',1,0,30),(519,'Espirito Santo',1,0,30),(520,'Estado de Sao Paulo',1,0,30),(521,'Goias',1,0,30),(522,'Maranhao',1,0,30),(523,'Mato Grosso',1,0,30),(524,'Mato Grosso do Sul',1,0,30),(525,'Minas Gerais',1,0,30),(526,'Para',1,0,30),(527,'Paraiba',1,0,30),(528,'Parana',1,0,30),(529,'Pernambuco',1,0,30),(530,'Piaui',1,0,30),(531,'Rio Grande do Norte',1,0,30),(532,'Rio Grande do Sul',1,0,30),(533,'Rio de Janeiro',1,0,30),(534,'Rondonia',1,0,30),(535,'Roraima',1,0,30),(536,'Santa Catarina',1,0,30),(537,'Sao Paulo',1,0,30),(538,'Sergipe',1,0,30),(539,'Tocantins',1,0,30),(540,'British Indian Ocean Territory',1,0,31),(541,'Belait',1,0,32),(542,'Brunei-Muara',1,0,32),(543,'Temburong',1,0,32),(544,'Tutong',1,0,32),(545,'Blagoevgrad',1,0,33),(546,'Burgas',1,0,33),(547,'Dobrich',1,0,33),(548,'Gabrovo',1,0,33),(549,'Haskovo',1,0,33),(550,'Jambol',1,0,33),(551,'Kardzhali',1,0,33),(552,'Kjustendil',1,0,33),(553,'Lovech',1,0,33),(554,'Montana',1,0,33),(555,'Oblast Sofiya-Grad',1,0,33),(556,'Pazardzhik',1,0,33),(557,'Pernik',1,0,33),(558,'Pleven',1,0,33),(559,'Plovdiv',1,0,33),(560,'Razgrad',1,0,33),(561,'Ruse',1,0,33),(562,'Shumen',1,0,33),(563,'Silistra',1,0,33),(564,'Sliven',1,0,33),(565,'Smoljan',1,0,33),(566,'Sofija grad',1,0,33),(567,'Sofijska oblast',1,0,33),(568,'Stara Zagora',1,0,33),(569,'Targovishte',1,0,33),(570,'Varna',1,0,33),(571,'Veliko Tarnovo',1,0,33),(572,'Vidin',1,0,33),(573,'Vraca',1,0,33),(574,'Yablaniza',1,0,33),(575,'Bale',1,0,34),(576,'Bam',1,0,34),(577,'Bazega',1,0,34),(578,'Bougouriba',1,0,34),(579,'Boulgou',1,0,34),(580,'Boulkiemde',1,0,34),(581,'Comoe',1,0,34),(582,'Ganzourgou',1,0,34),(583,'Gnagna',1,0,34),(584,'Gourma',1,0,34),(585,'Houet',1,0,34),(586,'Ioba',1,0,34),(587,'Kadiogo',1,0,34),(588,'Kenedougou',1,0,34),(589,'Komandjari',1,0,34),(590,'Kompienga',1,0,34),(591,'Kossi',1,0,34),(592,'Kouritenga',1,0,34),(593,'Kourweogo',1,0,34),(594,'Leraba',1,0,34),(595,'Mouhoun',1,0,34),(596,'Nahouri',1,0,34),(597,'Namentenga',1,0,34),(598,'Noumbiel',1,0,34),(599,'Oubritenga',1,0,34),(600,'Oudalan',1,0,34),(601,'Passore',1,0,34),(602,'Poni',1,0,34),(603,'Sanguie',1,0,34),(604,'Sanmatenga',1,0,34),(605,'Seno',1,0,34),(606,'Sissili',1,0,34),(607,'Soum',1,0,34),(608,'Sourou',1,0,34),(609,'Tapoa',1,0,34),(610,'Tuy',1,0,34),(611,'Yatenga',1,0,34),(612,'Zondoma',1,0,34),(613,'Zoundweogo',1,0,34),(614,'Bubanza',1,0,35),(615,'Bujumbura',1,0,35),(616,'Bururi',1,0,35),(617,'Cankuzo',1,0,35),(618,'Cibitoke',1,0,35),(619,'Gitega',1,0,35),(620,'Karuzi',1,0,35),(621,'Kayanza',1,0,35),(622,'Kirundo',1,0,35),(623,'Makamba',1,0,35),(624,'Muramvya',1,0,35),(625,'Muyinga',1,0,35),(626,'Ngozi',1,0,35),(627,'Rutana',1,0,35),(628,'Ruyigi',1,0,35),(629,'Banteay Mean Chey',1,0,36),(630,'Bat Dambang',1,0,36),(631,'Kampong Cham',1,0,36),(632,'Kampong Chhnang',1,0,36),(633,'Kampong Spoeu',1,0,36),(634,'Kampong Thum',1,0,36),(635,'Kampot',1,0,36),(636,'Kandal',1,0,36),(637,'Kaoh Kong',1,0,36),(638,'Kracheh',1,0,36),(639,'Krong Kaeb',1,0,36),(640,'Krong Pailin',1,0,36),(641,'Krong Preah Sihanouk',1,0,36),(642,'Mondol Kiri',1,0,36),(643,'Otdar Mean Chey',1,0,36),(644,'Phnum Penh',1,0,36),(645,'Pousat',1,0,36),(646,'Preah Vihear',1,0,36),(647,'Prey Veaeng',1,0,36),(648,'Rotanak Kiri',1,0,36),(649,'Siem Reab',1,0,36),(650,'Stueng Traeng',1,0,36),(651,'Svay Rieng',1,0,36),(652,'Takaev',1,0,36),(653,'Adamaoua',1,0,37),(654,'Centre',1,0,37),(655,'Est',1,0,37),(656,'Littoral',1,0,37),(657,'Nord',1,0,37),(658,'Nord Extreme',1,0,37),(659,'Nordouest',1,0,37),(660,'Ouest',1,0,37),(661,'Sud',1,0,37),(662,'Sudouest',1,0,37),(663,'Alberta',1,0,38),(664,'British Columbia',1,0,38),(665,'Manitoba',1,0,38),(666,'New Brunswick',1,0,38),(667,'Newfoundland and Labrador',1,0,38),(668,'Northwest Territories',1,0,38),(669,'Nova Scotia',1,0,38),(670,'Nunavut',1,0,38),(671,'Ontario',1,0,38),(672,'Prince Edward Island',1,0,38),(673,'Quebec',1,0,38),(674,'Saskatchewan',1,0,38),(675,'Yukon',1,0,38),(676,'Boavista',1,0,39),(677,'Brava',1,0,39),(678,'Fogo',1,0,39),(679,'Maio',1,0,39),(680,'Sal',1,0,39),(681,'Santo Antao',1,0,39),(682,'Sao Nicolau',1,0,39),(683,'Sao Tiago',1,0,39),(684,'Sao Vicente',1,0,39),(685,'Grand Cayman',1,0,40),(686,'Bamingui-Bangoran',1,0,41),(687,'Bangui',1,0,41),(688,'Basse-Kotto',1,0,41),(689,'Haut-Mbomou',1,0,41),(690,'Haute-Kotto',1,0,41),(691,'Kemo',1,0,41),(692,'Lobaye',1,0,41),(693,'Mambere-Kadei',1,0,41),(694,'Mbomou',1,0,41),(695,'Nana-Gribizi',1,0,41),(696,'Nana-Mambere',1,0,41),(697,'Ombella Mpoko',1,0,41),(698,'Ouaka',1,0,41),(699,'Ouham',1,0,41),(700,'Ouham-Pende',1,0,41),(701,'Sangha-Mbaere',1,0,41),(702,'Vakaga',1,0,41),(703,'Batha',1,0,42),(704,'Biltine',1,0,42),(705,'Bourkou-Ennedi-Tibesti',1,0,42),(706,'Chari-Baguirmi',1,0,42),(707,'Guera',1,0,42),(708,'Kanem',1,0,42),(709,'Lac',1,0,42),(710,'Logone Occidental',1,0,42),(711,'Logone Oriental',1,0,42),(712,'Mayo-Kebbi',1,0,42),(713,'Moyen-Chari',1,0,42),(714,'Ouaddai',1,0,42),(715,'Salamat',1,0,42),(716,'Tandjile',1,0,42),(717,'Aisen',1,0,43),(718,'Antofagasta',1,0,43),(719,'Araucania',1,0,43),(720,'Atacama',1,0,43),(721,'Bio Bio',1,0,43),(722,'Coquimbo',1,0,43),(723,'Libertador General Bernardo O\'',1,0,43),(724,'Los Lagos',1,0,43),(725,'Magellanes',1,0,43),(726,'Maule',1,0,43),(727,'Metropolitana',1,0,43),(728,'Metropolitana de Santiago',1,0,43),(729,'Tarapaca',1,0,43),(730,'Valparaiso',1,0,43),(731,'Anhui',1,0,44),(734,'Aomen',1,0,44),(735,'Beijing',1,0,44),(736,'Beijing Shi',1,0,44),(737,'Chongqing',1,0,44),(738,'Fujian',1,0,44),(740,'Gansu',1,0,44),(741,'Guangdong',1,0,44),(743,'Guangxi',1,0,44),(744,'Guizhou',1,0,44),(745,'Hainan',1,0,44),(746,'Hebei',1,0,44),(747,'Heilongjiang',1,0,44),(748,'Henan',1,0,44),(749,'Hubei',1,0,44),(750,'Hunan',1,0,44),(751,'Jiangsu',1,0,44),(753,'Jiangxi',1,0,44),(754,'Jilin',1,0,44),(755,'Liaoning',1,0,44),(757,'Nei Monggol',1,0,44),(758,'Ningxia Hui',1,0,44),(759,'Qinghai',1,0,44),(760,'Shaanxi',1,0,44),(761,'Shandong',1,0,44),(763,'Shanghai',1,0,44),(764,'Shanxi',1,0,44),(765,'Sichuan',1,0,44),(766,'Tianjin',1,0,44),(767,'Xianggang',1,0,44),(768,'Xinjiang',1,0,44),(769,'Xizang',1,0,44),(770,'Yunnan',1,0,44),(771,'Zhejiang',1,0,44),(773,'Christmas Island',1,0,45),(774,'Cocos (Keeling) Islands',1,0,46),(775,'Amazonas',1,0,47),(776,'Antioquia',1,0,47),(777,'Arauca',1,0,47),(778,'Atlantico',1,0,47),(779,'Bogota',1,0,47),(780,'Bolivar',1,0,47),(781,'Boyaca',1,0,47),(782,'Caldas',1,0,47),(783,'Caqueta',1,0,47),(784,'Casanare',1,0,47),(785,'Cauca',1,0,47),(786,'Cesar',1,0,47),(787,'Choco',1,0,47),(788,'Cordoba',1,0,47),(789,'Cundinamarca',1,0,47),(790,'Guainia',1,0,47),(791,'Guaviare',1,0,47),(792,'Huila',1,0,47),(793,'La Guajira',1,0,47),(794,'Magdalena',1,0,47),(795,'Meta',1,0,47),(796,'Narino',1,0,47),(797,'Norte de Santander',1,0,47),(798,'Putumayo',1,0,47),(799,'Quindio',1,0,47),(800,'Risaralda',1,0,47),(801,'San Andres y Providencia',1,0,47),(802,'Santander',1,0,47),(803,'Sucre',1,0,47),(804,'Tolima',1,0,47),(805,'Valle del Cauca',1,0,47),(806,'Vaupes',1,0,47),(807,'Vichada',1,0,47),(808,'Mwali',1,0,48),(809,'Njazidja',1,0,48),(810,'Nzwani',1,0,48),(811,'Bouenza',1,0,49),(812,'Brazzaville',1,0,49),(813,'Cuvette',1,0,49),(814,'Kouilou',1,0,49),(815,'Lekoumou',1,0,49),(816,'Likouala',1,0,49),(817,'Niari',1,0,49),(818,'Plateaux',1,0,49),(819,'Pool',1,0,49),(820,'Sangha',1,0,49),(821,'Bandundu',1,0,50),(822,'Bas-Congo',1,0,50),(823,'Equateur',1,0,50),(824,'Haut-Congo',1,0,50),(825,'Kasai-Occidental',1,0,50),(826,'Kasai-Oriental',1,0,50),(827,'Katanga',1,0,50),(828,'Kinshasa',1,0,50),(829,'Maniema',1,0,50),(830,'Nord-Kivu',1,0,50),(831,'Sud-Kivu',1,0,50),(832,'Aitutaki',1,0,51),(833,'Atiu',1,0,51),(834,'Mangaia',1,0,51),(835,'Manihiki',1,0,51),(836,'Mauke',1,0,51),(837,'Mitiaro',1,0,51),(838,'Nassau',1,0,51),(839,'Pukapuka',1,0,51),(840,'Rakahanga',1,0,51),(841,'Rarotonga',1,0,51),(842,'Tongareva',1,0,51),(843,'Alajuela',1,0,52),(844,'Cartago',1,0,52),(845,'Guanacaste',1,0,52),(846,'Heredia',1,0,52),(847,'Limon',1,0,52),(848,'Puntarenas',1,0,52),(849,'San Jose',1,0,52),(850,'Abidjan',1,0,53),(851,'Agneby',1,0,53),(852,'Bafing',1,0,53),(853,'Denguele',1,0,53),(854,'Dix-huit Montagnes',1,0,53),(855,'Fromager',1,0,53),(856,'Haut-Sassandra',1,0,53),(857,'Lacs',1,0,53),(858,'Lagunes',1,0,53),(859,'Marahoue',1,0,53),(860,'Moyen-Cavally',1,0,53),(861,'Moyen-Comoe',1,0,53),(862,'N\'zi-Comoe',1,0,53),(863,'Sassandra',1,0,53),(864,'Savanes',1,0,53),(865,'Sud-Bandama',1,0,53),(866,'Sud-Comoe',1,0,53),(867,'Vallee du Bandama',1,0,53),(868,'Worodougou',1,0,53),(869,'Zanzan',1,0,53),(870,'Bjelovar-Bilogora',1,0,54),(871,'Dubrovnik-Neretva',1,0,54),(872,'Grad Zagreb',1,0,54),(873,'Istra',1,0,54),(874,'Karlovac',1,0,54),(875,'Koprivnica-Krizhevci',1,0,54),(876,'Krapina-Zagorje',1,0,54),(877,'Lika-Senj',1,0,54),(878,'Medhimurje',1,0,54),(879,'Medimurska Zupanija',1,0,54),(880,'Osijek-Baranja',1,0,54),(881,'Osjecko-Baranjska Zupanija',1,0,54),(882,'Pozhega-Slavonija',1,0,54),(883,'Primorje-Gorski Kotar',1,0,54),(884,'Shibenik-Knin',1,0,54),(885,'Sisak-Moslavina',1,0,54),(886,'Slavonski Brod-Posavina',1,0,54),(887,'Split-Dalmacija',1,0,54),(888,'Varazhdin',1,0,54),(889,'Virovitica-Podravina',1,0,54),(890,'Vukovar-Srijem',1,0,54),(891,'Zadar',1,0,54),(892,'Zagreb',1,0,54),(893,'Camaguey',1,0,55),(894,'Ciego de Avila',1,0,55),(895,'Cienfuegos',1,0,55),(896,'Ciudad de la Habana',1,0,55),(897,'Granma',1,0,55),(898,'Guantanamo',1,0,55),(899,'Habana',1,0,55),(900,'Holguin',1,0,55),(901,'Isla de la Juventud',1,0,55),(902,'La Habana',1,0,55),(903,'Las Tunas',1,0,55),(904,'Matanzas',1,0,55),(905,'Pinar del Rio',1,0,55),(906,'Sancti Spiritus',1,0,55),(907,'Santiago de Cuba',1,0,55),(908,'Villa Clara',1,0,55),(909,'Government controlled area',1,0,56),(910,'Limassol',1,0,56),(911,'Nicosia District',1,0,56),(912,'Paphos',1,0,56),(913,'Turkish controlled area',1,0,56),(914,'Central Bohemian',1,0,57),(915,'Frycovice',1,0,57),(916,'Jihocesky Kraj',1,0,57),(917,'Jihochesky',1,0,57),(918,'Jihomoravsky',1,0,57),(919,'Karlovarsky',1,0,57),(920,'Klecany',1,0,57),(921,'Kralovehradecky',1,0,57),(922,'Liberecky',1,0,57),(923,'Lipov',1,0,57),(924,'Moravskoslezsky',1,0,57),(925,'Olomoucky',1,0,57),(926,'Olomoucky Kraj',1,0,57),(927,'Pardubicky',1,0,57),(928,'Plzensky',1,0,57),(929,'Praha',1,0,57),(930,'Rajhrad',1,0,57),(931,'Smirice',1,0,57),(932,'South Moravian',1,0,57),(933,'Straz nad Nisou',1,0,57),(934,'Stredochesky',1,0,57),(935,'Unicov',1,0,57),(936,'Ustecky',1,0,57),(937,'Valletta',1,0,57),(938,'Velesin',1,0,57),(939,'Vysochina',1,0,57),(940,'Zlinsky',1,0,57),(941,'Arhus',1,0,58),(942,'Bornholm',1,0,58),(943,'Frederiksborg',1,0,58),(944,'Fyn',1,0,58),(945,'Hovedstaden',1,0,58),(946,'Kobenhavn',1,0,58),(947,'Kobenhavns Amt',1,0,58),(948,'Kobenhavns Kommune',1,0,58),(949,'Nordjylland',1,0,58),(950,'Ribe',1,0,58),(951,'Ringkobing',1,0,58),(952,'Roervig',1,0,58),(953,'Roskilde',1,0,58),(954,'Roslev',1,0,58),(955,'Sjaelland',1,0,58),(956,'Soeborg',1,0,58),(957,'Sonderjylland',1,0,58),(958,'Storstrom',1,0,58),(959,'Syddanmark',1,0,58),(960,'Toelloese',1,0,58),(961,'Vejle',1,0,58),(962,'Vestsjalland',1,0,58),(963,'Viborg',1,0,58),(964,'\'Ali Sabih',1,0,59),(965,'Dikhil',1,0,59),(966,'Jibuti',1,0,59),(967,'Tajurah',1,0,59),(968,'Ubuk',1,0,59),(969,'Saint Andrew',1,0,60),(970,'Saint David',1,0,60),(971,'Saint George',1,0,60),(972,'Saint John',1,0,60),(973,'Saint Joseph',1,0,60),(974,'Saint Luke',1,0,60),(975,'Saint Mark',1,0,60),(976,'Saint Patrick',1,0,60),(977,'Saint Paul',1,0,60),(978,'Saint Peter',1,0,60),(979,'Azua',1,0,61),(980,'Bahoruco',1,0,61),(981,'Barahona',1,0,61),(982,'Dajabon',1,0,61),(983,'Distrito Nacional',1,0,61),(984,'Duarte',1,0,61),(985,'El Seybo',1,0,61),(986,'Elias Pina',1,0,61),(987,'Espaillat',1,0,61),(988,'Hato Mayor',1,0,61),(989,'Independencia',1,0,61),(990,'La Altagracia',1,0,61),(991,'La Romana',1,0,61),(992,'La Vega',1,0,61),(993,'Maria Trinidad Sanchez',1,0,61),(994,'Monsenor Nouel',1,0,61),(995,'Monte Cristi',1,0,61),(996,'Monte Plata',1,0,61),(997,'Pedernales',1,0,61),(998,'Peravia',1,0,61),(999,'Puerto Plata',1,0,61),(1000,'Salcedo',1,0,61),(1001,'Samana',1,0,61),(1002,'San Cristobal',1,0,61),(1003,'San Juan',1,0,61),(1004,'San Pedro de Macoris',1,0,61),(1005,'Sanchez Ramirez',1,0,61),(1006,'Santiago',1,0,61),(1007,'Santiago Rodriguez',1,0,61),(1008,'Valverde',1,0,61),(1009,'Aileu',1,0,62),(1010,'Ainaro',1,0,62),(1011,'Ambeno',1,0,62),(1012,'Baucau',1,0,62),(1013,'Bobonaro',1,0,62),(1014,'Cova Lima',1,0,62),(1015,'Dili',1,0,62),(1016,'Ermera',1,0,62),(1017,'Lautem',1,0,62),(1018,'Liquica',1,0,62),(1019,'Manatuto',1,0,62),(1020,'Manufahi',1,0,62),(1021,'Viqueque',1,0,62),(1022,'Azuay',1,0,63),(1023,'Bolivar',1,0,63),(1024,'Canar',1,0,63),(1025,'Carchi',1,0,63),(1026,'Chimborazo',1,0,63),(1027,'Cotopaxi',1,0,63),(1028,'El Oro',1,0,63),(1029,'Esmeraldas',1,0,63),(1030,'Galapagos',1,0,63),(1031,'Guayas',1,0,63),(1032,'Imbabura',1,0,63),(1033,'Loja',1,0,63),(1034,'Los Rios',1,0,63),(1035,'Manabi',1,0,63),(1036,'Morona Santiago',1,0,63),(1037,'Napo',1,0,63),(1038,'Orellana',1,0,63),(1039,'Pastaza',1,0,63),(1040,'Pichincha',1,0,63),(1041,'Sucumbios',1,0,63),(1042,'Tungurahua',1,0,63),(1043,'Zamora Chinchipe',1,0,63),(1044,'Aswan',1,0,64),(1045,'Asyut',1,0,64),(1046,'Bani Suwayf',1,0,64),(1047,'Bur Sa\'id',1,0,64),(1048,'Cairo',1,0,64),(1049,'Dumyat',1,0,64),(1050,'Kafr-ash-Shaykh',1,0,64),(1051,'Matruh',1,0,64),(1052,'Muhafazat ad Daqahliyah',1,0,64),(1053,'Muhafazat al Fayyum',1,0,64),(1054,'Muhafazat al Gharbiyah',1,0,64),(1055,'Muhafazat al Iskandariyah',1,0,64),(1056,'Muhafazat al Qahirah',1,0,64),(1057,'Qina',1,0,64),(1058,'Sawhaj',1,0,64),(1059,'Sina al-Janubiyah',1,0,64),(1060,'Sina ash-Shamaliyah',1,0,64),(1061,'ad-Daqahliyah',1,0,64),(1062,'al-Bahr-al-Ahmar',1,0,64),(1063,'al-Buhayrah',1,0,64),(1064,'al-Fayyum',1,0,64),(1065,'al-Gharbiyah',1,0,64),(1066,'al-Iskandariyah',1,0,64),(1067,'al-Ismailiyah',1,0,64),(1068,'al-Jizah',1,0,64),(1069,'al-Minufiyah',1,0,64),(1070,'al-Minya',1,0,64),(1071,'al-Qahira',1,0,64),(1072,'al-Qalyubiyah',1,0,64),(1073,'al-Uqsur',1,0,64),(1074,'al-Wadi al-Jadid',1,0,64),(1075,'as-Suways',1,0,64),(1076,'ash-Sharqiyah',1,0,64),(1077,'Ahuachapan',1,0,65),(1078,'Cabanas',1,0,65),(1079,'Chalatenango',1,0,65),(1080,'Cuscatlan',1,0,65),(1081,'La Libertad',1,0,65),(1082,'La Paz',1,0,65),(1083,'La Union',1,0,65),(1084,'Morazan',1,0,65),(1085,'San Miguel',1,0,65),(1086,'San Salvador',1,0,65),(1087,'San Vicente',1,0,65),(1088,'Santa Ana',1,0,65),(1089,'Sonsonate',1,0,65),(1090,'Usulutan',1,0,65),(1091,'Annobon',1,0,66),(1092,'Bioko Norte',1,0,66),(1093,'Bioko Sur',1,0,66),(1094,'Centro Sur',1,0,66),(1095,'Kie-Ntem',1,0,66),(1096,'Litoral',1,0,66),(1097,'Wele-Nzas',1,0,66),(1098,'Anseba',1,0,67),(1099,'Debub',1,0,67),(1100,'Debub-Keih-Bahri',1,0,67),(1101,'Gash-Barka',1,0,67),(1102,'Maekel',1,0,67),(1103,'Semien-Keih-Bahri',1,0,67),(1104,'Harju',1,0,68),(1105,'Hiiu',1,0,68),(1106,'Ida-Viru',1,0,68),(1107,'Jarva',1,0,68),(1108,'Jogeva',1,0,68),(1109,'Laane',1,0,68),(1110,'Laane-Viru',1,0,68),(1111,'Parnu',1,0,68),(1112,'Polva',1,0,68),(1113,'Rapla',1,0,68),(1114,'Saare',1,0,68),(1115,'Tartu',1,0,68),(1116,'Valga',1,0,68),(1117,'Viljandi',1,0,68),(1118,'Voru',1,0,68),(1119,'Addis Abeba',1,0,69),(1120,'Afar',1,0,69),(1121,'Amhara',1,0,69),(1122,'Benishangul',1,0,69),(1123,'Diredawa',1,0,69),(1124,'Gambella',1,0,69),(1125,'Harar',1,0,69),(1126,'Jigjiga',1,0,69),(1127,'Mekele',1,0,69),(1128,'Oromia',1,0,69),(1129,'Somali',1,0,69),(1130,'Southern',1,0,69),(1131,'Tigray',1,0,69),(1132,'Christmas Island',1,0,70),(1133,'Cocos Islands',1,0,70),(1134,'Coral Sea Islands',1,0,70),(1135,'Falkland Islands',1,0,71),(1136,'South Georgia',1,0,71),(1137,'Klaksvik',1,0,72),(1138,'Nor ara Eysturoy',1,0,72),(1139,'Nor oy',1,0,72),(1140,'Sandoy',1,0,72),(1141,'Streymoy',1,0,72),(1142,'Su uroy',1,0,72),(1143,'Sy ra Eysturoy',1,0,72),(1144,'Torshavn',1,0,72),(1145,'Vaga',1,0,72),(1146,'Central',1,0,73),(1147,'Eastern',1,0,73),(1148,'Northern',1,0,73),(1149,'South Pacific',1,0,73),(1150,'Western',1,0,73),(1151,'Ahvenanmaa',1,0,74),(1152,'Etela-Karjala',1,0,74),(1153,'Etela-Pohjanmaa',1,0,74),(1154,'Etela-Savo',1,0,74),(1155,'Etela-Suomen Laani',1,0,74),(1156,'Ita-Suomen Laani',1,0,74),(1157,'Ita-Uusimaa',1,0,74),(1158,'Kainuu',1,0,74),(1159,'Kanta-Hame',1,0,74),(1160,'Keski-Pohjanmaa',1,0,74),(1161,'Keski-Suomi',1,0,74),(1162,'Kymenlaakso',1,0,74),(1163,'Lansi-Suomen Laani',1,0,74),(1164,'Lappi',1,0,74),(1165,'Northern Savonia',1,0,74),(1166,'Ostrobothnia',1,0,74),(1167,'Oulun Laani',1,0,74),(1168,'Paijat-Hame',1,0,74),(1169,'Pirkanmaa',1,0,74),(1170,'Pohjanmaa',1,0,74),(1171,'Pohjois-Karjala',1,0,74),(1172,'Pohjois-Pohjanmaa',1,0,74),(1173,'Pohjois-Savo',1,0,74),(1174,'Saarijarvi',1,0,74),(1175,'Satakunta',1,0,74),(1176,'Southern Savonia',1,0,74),(1177,'Tavastia Proper',1,0,74),(1178,'Uleaborgs Lan',1,0,74),(1179,'Uusimaa',1,0,74),(1180,'Varsinais-Suomi',1,0,74),(1181,'Ain',1,0,75),(1182,'Aisne',1,0,75),(1183,'Albi Le Sequestre',1,0,75),(1184,'Allier',1,0,75),(1185,'Alpes-Cote dAzur',1,0,75),(1186,'Alpes-Maritimes',1,0,75),(1187,'Alpes-de-Haute-Provence',1,0,75),(1188,'Alsace',1,0,75),(1189,'Aquitaine',1,0,75),(1190,'Ardeche',1,0,75),(1191,'Ardennes',1,0,75),(1192,'Ariege',1,0,75),(1193,'Aube',1,0,75),(1194,'Aude',1,0,75),(1195,'Auvergne',1,0,75),(1196,'Aveyron',1,0,75),(1197,'Bas-Rhin',1,0,75),(1198,'Basse-Normandie',1,0,75),(1199,'Bouches-du-Rhone',1,0,75),(1200,'Bourgogne',1,0,75),(1201,'Bretagne',1,0,75),(1202,'Brittany',1,0,75),(1203,'Burgundy',1,0,75),(1204,'Calvados',1,0,75),(1205,'Cantal',1,0,75),(1206,'Cedex',1,0,75),(1207,'Centre',1,0,75),(1208,'Charente',1,0,75),(1209,'Charente-Maritime',1,0,75),(1210,'Cher',1,0,75),(1211,'Correze',1,0,75),(1212,'Corse-du-Sud',1,0,75),(1213,'Cote-d\'Or',1,0,75),(1214,'Cotes-d\'Armor',1,0,75),(1215,'Creuse',1,0,75),(1216,'Crolles',1,0,75),(1217,'Deux-Sevres',1,0,75),(1218,'Dordogne',1,0,75),(1219,'Doubs',1,0,75),(1220,'Drome',1,0,75),(1221,'Essonne',1,0,75),(1222,'Eure',1,0,75),(1223,'Eure-et-Loir',1,0,75),(1224,'Feucherolles',1,0,75),(1225,'Finistere',1,0,75),(1226,'Franche-Comte',1,0,75),(1227,'Gard',1,0,75),(1228,'Gers',1,0,75),(1229,'Gironde',1,0,75),(1230,'Haut-Rhin',1,0,75),(1231,'Haute-Corse',1,0,75),(1232,'Haute-Garonne',1,0,75),(1233,'Haute-Loire',1,0,75),(1234,'Haute-Marne',1,0,75),(1235,'Haute-Saone',1,0,75),(1236,'Haute-Savoie',1,0,75),(1237,'Haute-Vienne',1,0,75),(1238,'Hautes-Alpes',1,0,75),(1239,'Hautes-Pyrenees',1,0,75),(1240,'Hauts-de-Seine',1,0,75),(1241,'Herault',1,0,75),(1242,'Ile-de-France',1,0,75),(1243,'Ille-et-Vilaine',1,0,75),(1244,'Indre',1,0,75),(1245,'Indre-et-Loire',1,0,75),(1246,'Isere',1,0,75),(1247,'Jura',1,0,75),(1248,'Klagenfurt',1,0,75),(1249,'Landes',1,0,75),(1250,'Languedoc-Roussillon',1,0,75),(1251,'Larcay',1,0,75),(1252,'Le Castellet',1,0,75),(1253,'Le Creusot',1,0,75),(1254,'Limousin',1,0,75),(1255,'Loir-et-Cher',1,0,75),(1256,'Loire',1,0,75),(1257,'Loire-Atlantique',1,0,75),(1258,'Loiret',1,0,75),(1259,'Lorraine',1,0,75),(1260,'Lot',1,0,75),(1261,'Lot-et-Garonne',1,0,75),(1262,'Lower Normandy',1,0,75),(1263,'Lozere',1,0,75),(1264,'Maine-et-Loire',1,0,75),(1265,'Manche',1,0,75),(1266,'Marne',1,0,75),(1267,'Mayenne',1,0,75),(1268,'Meurthe-et-Moselle',1,0,75),(1269,'Meuse',1,0,75),(1270,'Midi-Pyrenees',1,0,75),(1271,'Morbihan',1,0,75),(1272,'Moselle',1,0,75),(1273,'Nievre',1,0,75),(1274,'Nord',1,0,75),(1275,'Nord-Pas-de-Calais',1,0,75),(1276,'Oise',1,0,75),(1277,'Orne',1,0,75),(1278,'Paris',1,0,75),(1279,'Pas-de-Calais',1,0,75),(1280,'Pays de la Loire',1,0,75),(1281,'Pays-de-la-Loire',1,0,75),(1282,'Picardy',1,0,75),(1283,'Puy-de-Dome',1,0,75),(1284,'Pyrenees-Atlantiques',1,0,75),(1285,'Pyrenees-Orientales',1,0,75),(1286,'Quelmes',1,0,75),(1287,'Rhone',1,0,75),(1288,'Rhone-Alpes',1,0,75),(1289,'Saint Ouen',1,0,75),(1290,'Saint Viatre',1,0,75),(1291,'Saone-et-Loire',1,0,75),(1292,'Sarthe',1,0,75),(1293,'Savoie',1,0,75),(1294,'Seine-Maritime',1,0,75),(1295,'Seine-Saint-Denis',1,0,75),(1296,'Seine-et-Marne',1,0,75),(1297,'Somme',1,0,75),(1298,'Sophia Antipolis',1,0,75),(1299,'Souvans',1,0,75),(1300,'Tarn',1,0,75),(1301,'Tarn-et-Garonne',1,0,75),(1302,'Territoire de Belfort',1,0,75),(1303,'Treignac',1,0,75),(1304,'Upper Normandy',1,0,75),(1305,'Val-d\'Oise',1,0,75),(1306,'Val-de-Marne',1,0,75),(1307,'Var',1,0,75),(1308,'Vaucluse',1,0,75),(1309,'Vellise',1,0,75),(1310,'Vendee',1,0,75),(1311,'Vienne',1,0,75),(1312,'Vosges',1,0,75),(1313,'Yonne',1,0,75),(1314,'Yvelines',1,0,75),(1315,'Cayenne',1,0,76),(1316,'Saint-Laurent-du-Maroni',1,0,76),(1317,'Iles du Vent',1,0,77),(1318,'Iles sous le Vent',1,0,77),(1319,'Marquesas',1,0,77),(1320,'Tuamotu',1,0,77),(1321,'Tubuai',1,0,77),(1322,'Amsterdam',1,0,78),(1323,'Crozet Islands',1,0,78),(1324,'Kerguelen',1,0,78),(1325,'Estuaire',1,0,79),(1326,'Haut-Ogooue',1,0,79),(1327,'Moyen-Ogooue',1,0,79),(1328,'Ngounie',1,0,79),(1329,'Nyanga',1,0,79),(1330,'Ogooue-Ivindo',1,0,79),(1331,'Ogooue-Lolo',1,0,79),(1332,'Ogooue-Maritime',1,0,79),(1333,'Woleu-Ntem',1,0,79),(1334,'Banjul',1,0,80),(1335,'Basse',1,0,80),(1336,'Brikama',1,0,80),(1337,'Janjanbureh',1,0,80),(1338,'Kanifing',1,0,80),(1339,'Kerewan',1,0,80),(1340,'Kuntaur',1,0,80),(1341,'Mansakonko',1,0,80),(1342,'Abhasia',1,0,81),(1343,'Ajaria',1,0,81),(1344,'Guria',1,0,81),(1345,'Imereti',1,0,81),(1346,'Kaheti',1,0,81),(1347,'Kvemo Kartli',1,0,81),(1348,'Mcheta-Mtianeti',1,0,81),(1349,'Racha',1,0,81),(1350,'Samagrelo-Zemo Svaneti',1,0,81),(1351,'Samche-Zhavaheti',1,0,81),(1352,'Shida Kartli',1,0,81),(1353,'Tbilisi',1,0,81),(1354,'Auvergne',1,0,82),(1355,'Baden-Wurttemberg',1,0,82),(1356,'Bavaria',1,0,82),(1357,'Bayern',1,0,82),(1358,'Beilstein Wurtt',1,0,82),(1359,'Berlin',1,0,82),(1360,'Brandenburg',1,0,82),(1361,'Bremen',1,0,82),(1362,'Dreisbach',1,0,82),(1363,'Freistaat Bayern',1,0,82),(1364,'Hamburg',1,0,82),(1365,'Hannover',1,0,82),(1366,'Heroldstatt',1,0,82),(1367,'Hessen',1,0,82),(1368,'Kortenberg',1,0,82),(1369,'Laasdorf',1,0,82),(1370,'Land Baden-Wurttemberg',1,0,82),(1371,'Land Bayern',1,0,82),(1372,'Land Brandenburg',1,0,82),(1373,'Land Hessen',1,0,82),(1374,'Land Mecklenburg-Vorpommern',1,0,82),(1375,'Land Nordrhein-Westfalen',1,0,82),(1376,'Land Rheinland-Pfalz',1,0,82),(1377,'Land Sachsen',1,0,82),(1378,'Land Sachsen-Anhalt',1,0,82),(1379,'Land Thuringen',1,0,82),(1380,'Lower Saxony',1,0,82),(1381,'Mecklenburg-Vorpommern',1,0,82),(1382,'Mulfingen',1,0,82),(1383,'Munich',1,0,82),(1384,'Neubeuern',1,0,82),(1385,'Niedersachsen',1,0,82),(1386,'Noord-Holland',1,0,82),(1387,'Nordrhein-Westfalen',1,0,82),(1388,'North Rhine-Westphalia',1,0,82),(1389,'Osterode',1,0,82),(1390,'Rheinland-Pfalz',1,0,82),(1391,'Rhineland-Palatinate',1,0,82),(1392,'Saarland',1,0,82),(1393,'Sachsen',1,0,82),(1394,'Sachsen-Anhalt',1,0,82),(1395,'Saxony',1,0,82),(1396,'Schleswig-Holstein',1,0,82),(1397,'Thuringia',1,0,82),(1398,'Webling',1,0,82),(1399,'Weinstrabe',1,0,82),(1400,'schlobborn',1,0,82),(1401,'Ashanti',1,0,83),(1402,'Brong-Ahafo',1,0,83),(1403,'Central',1,0,83),(1404,'Eastern',1,0,83),(1405,'Greater Accra',1,0,83),(1406,'Northern',1,0,83),(1407,'Upper East',1,0,83),(1408,'Upper West',1,0,83),(1409,'Volta',1,0,83),(1410,'Western',1,0,83),(1411,'Gibraltar',1,0,84),(1412,'Acharnes',1,0,85),(1413,'Ahaia',1,0,85),(1414,'Aitolia kai Akarnania',1,0,85),(1415,'Argolis',1,0,85),(1416,'Arkadia',1,0,85),(1417,'Arta',1,0,85),(1418,'Attica',1,0,85),(1419,'Attiki',1,0,85),(1420,'Ayion Oros',1,0,85),(1421,'Crete',1,0,85),(1422,'Dodekanisos',1,0,85),(1423,'Drama',1,0,85),(1424,'Evia',1,0,85),(1425,'Evritania',1,0,85),(1426,'Evros',1,0,85),(1427,'Evvoia',1,0,85),(1428,'Florina',1,0,85),(1429,'Fokis',1,0,85),(1430,'Fthiotis',1,0,85),(1431,'Grevena',1,0,85),(1432,'Halandri',1,0,85),(1433,'Halkidiki',1,0,85),(1434,'Hania',1,0,85),(1435,'Heraklion',1,0,85),(1436,'Hios',1,0,85),(1437,'Ilia',1,0,85),(1438,'Imathia',1,0,85),(1439,'Ioannina',1,0,85),(1440,'Iraklion',1,0,85),(1441,'Karditsa',1,0,85),(1442,'Kastoria',1,0,85),(1443,'Kavala',1,0,85),(1444,'Kefallinia',1,0,85),(1445,'Kerkira',1,0,85),(1446,'Kiklades',1,0,85),(1447,'Kilkis',1,0,85),(1448,'Korinthia',1,0,85),(1449,'Kozani',1,0,85),(1450,'Lakonia',1,0,85),(1451,'Larisa',1,0,85),(1452,'Lasithi',1,0,85),(1453,'Lesvos',1,0,85),(1454,'Levkas',1,0,85),(1455,'Magnisia',1,0,85),(1456,'Messinia',1,0,85),(1457,'Nomos Attikis',1,0,85),(1458,'Nomos Zakynthou',1,0,85),(1459,'Pella',1,0,85),(1460,'Pieria',1,0,85),(1461,'Piraios',1,0,85),(1462,'Preveza',1,0,85),(1463,'Rethimni',1,0,85),(1464,'Rodopi',1,0,85),(1465,'Samos',1,0,85),(1466,'Serrai',1,0,85),(1467,'Thesprotia',1,0,85),(1468,'Thessaloniki',1,0,85),(1469,'Trikala',1,0,85),(1470,'Voiotia',1,0,85),(1471,'West Greece',1,0,85),(1472,'Xanthi',1,0,85),(1473,'Zakinthos',1,0,85),(1474,'Aasiaat',1,0,86),(1475,'Ammassalik',1,0,86),(1476,'Illoqqortoormiut',1,0,86),(1477,'Ilulissat',1,0,86),(1478,'Ivittuut',1,0,86),(1479,'Kangaatsiaq',1,0,86),(1480,'Maniitsoq',1,0,86),(1481,'Nanortalik',1,0,86),(1482,'Narsaq',1,0,86),(1483,'Nuuk',1,0,86),(1484,'Paamiut',1,0,86),(1485,'Qaanaaq',1,0,86),(1486,'Qaqortoq',1,0,86),(1487,'Qasigiannguit',1,0,86),(1488,'Qeqertarsuaq',1,0,86),(1489,'Sisimiut',1,0,86),(1490,'Udenfor kommunal inddeling',1,0,86),(1491,'Upernavik',1,0,86),(1492,'Uummannaq',1,0,86),(1493,'Carriacou-Petite Martinique',1,0,87),(1494,'Saint Andrew',1,0,87),(1495,'Saint Davids',1,0,87),(1496,'Saint George\'s',1,0,87),(1497,'Saint John',1,0,87),(1498,'Saint Mark',1,0,87),(1499,'Saint Patrick',1,0,87),(1500,'Basse-Terre',1,0,88),(1501,'Grande-Terre',1,0,88),(1502,'Iles des Saintes',1,0,88),(1503,'La Desirade',1,0,88),(1504,'Marie-Galante',1,0,88),(1505,'Saint Barthelemy',1,0,88),(1506,'Saint Martin',1,0,88),(1507,'Agana Heights',1,0,89),(1508,'Agat',1,0,89),(1509,'Barrigada',1,0,89),(1510,'Chalan-Pago-Ordot',1,0,89),(1511,'Dededo',1,0,89),(1512,'Hagatna',1,0,89),(1513,'Inarajan',1,0,89),(1514,'Mangilao',1,0,89),(1515,'Merizo',1,0,89),(1516,'Mongmong-Toto-Maite',1,0,89),(1517,'Santa Rita',1,0,89),(1518,'Sinajana',1,0,89),(1519,'Talofofo',1,0,89),(1520,'Tamuning',1,0,89),(1521,'Yigo',1,0,89),(1522,'Yona',1,0,89),(1523,'Alta Verapaz',1,0,90),(1524,'Baja Verapaz',1,0,90),(1525,'Chimaltenango',1,0,90),(1526,'Chiquimula',1,0,90),(1527,'El Progreso',1,0,90),(1528,'Escuintla',1,0,90),(1529,'Guatemala',1,0,90),(1530,'Huehuetenango',1,0,90),(1531,'Izabal',1,0,90),(1532,'Jalapa',1,0,90),(1533,'Jutiapa',1,0,90),(1534,'Peten',1,0,90),(1535,'Quezaltenango',1,0,90),(1536,'Quiche',1,0,90),(1537,'Retalhuleu',1,0,90),(1538,'Sacatepequez',1,0,90),(1539,'San Marcos',1,0,90),(1540,'Santa Rosa',1,0,90),(1541,'Solola',1,0,90),(1542,'Suchitepequez',1,0,90),(1543,'Totonicapan',1,0,90),(1544,'Zacapa',1,0,90),(1545,'Alderney',1,0,91),(1546,'Castel',1,0,91),(1547,'Forest',1,0,91),(1548,'Saint Andrew',1,0,91),(1549,'Saint Martin',1,0,91),(1550,'Saint Peter Port',1,0,91),(1551,'Saint Pierre du Bois',1,0,91),(1552,'Saint Sampson',1,0,91),(1553,'Saint Saviour',1,0,91),(1554,'Sark',1,0,91),(1555,'Torteval',1,0,91),(1556,'Vale',1,0,91),(1557,'Beyla',1,0,92),(1558,'Boffa',1,0,92),(1559,'Boke',1,0,92),(1560,'Conakry',1,0,92),(1561,'Coyah',1,0,92),(1562,'Dabola',1,0,92),(1563,'Dalaba',1,0,92),(1564,'Dinguiraye',1,0,92),(1565,'Faranah',1,0,92),(1566,'Forecariah',1,0,92),(1567,'Fria',1,0,92),(1568,'Gaoual',1,0,92),(1569,'Gueckedou',1,0,92),(1570,'Kankan',1,0,92),(1571,'Kerouane',1,0,92),(1572,'Kindia',1,0,92),(1573,'Kissidougou',1,0,92),(1574,'Koubia',1,0,92),(1575,'Koundara',1,0,92),(1576,'Kouroussa',1,0,92),(1577,'Labe',1,0,92),(1578,'Lola',1,0,92),(1579,'Macenta',1,0,92),(1580,'Mali',1,0,92),(1581,'Mamou',1,0,92),(1582,'Mandiana',1,0,92),(1583,'Nzerekore',1,0,92),(1584,'Pita',1,0,92),(1585,'Siguiri',1,0,92),(1586,'Telimele',1,0,92),(1587,'Tougue',1,0,92),(1588,'Yomou',1,0,92),(1589,'Bafata',1,0,93),(1590,'Bissau',1,0,93),(1591,'Bolama',1,0,93),(1592,'Cacheu',1,0,93),(1593,'Gabu',1,0,93),(1594,'Oio',1,0,93),(1595,'Quinara',1,0,93),(1596,'Tombali',1,0,93),(1597,'Barima-Waini',1,0,94),(1598,'Cuyuni-Mazaruni',1,0,94),(1599,'Demerara-Mahaica',1,0,94),(1600,'East Berbice-Corentyne',1,0,94),(1601,'Essequibo Islands-West Demerar',1,0,94),(1602,'Mahaica-Berbice',1,0,94),(1603,'Pomeroon-Supenaam',1,0,94),(1604,'Potaro-Siparuni',1,0,94),(1605,'Upper Demerara-Berbice',1,0,94),(1606,'Upper Takutu-Upper Essequibo',1,0,94),(1607,'Artibonite',1,0,95),(1608,'Centre',1,0,95),(1609,'Grand\'Anse',1,0,95),(1610,'Nord',1,0,95),(1611,'Nord-Est',1,0,95),(1612,'Nord-Ouest',1,0,95),(1613,'Ouest',1,0,95),(1614,'Sud',1,0,95),(1615,'Sud-Est',1,0,95),(1616,'Heard and McDonald Islands',1,0,96),(1617,'Atlantida',1,0,97),(1618,'Choluteca',1,0,97),(1619,'Colon',1,0,97),(1620,'Comayagua',1,0,97),(1621,'Copan',1,0,97),(1622,'Cortes',1,0,97),(1623,'Distrito Central',1,0,97),(1624,'El Paraiso',1,0,97),(1625,'Francisco Morazan',1,0,97),(1626,'Gracias a Dios',1,0,97),(1627,'Intibuca',1,0,97),(1628,'Islas de la Bahia',1,0,97),(1629,'La Paz',1,0,97),(1630,'Lempira',1,0,97),(1631,'Ocotepeque',1,0,97),(1632,'Olancho',1,0,97),(1633,'Santa Barbara',1,0,97),(1634,'Valle',1,0,97),(1635,'Yoro',1,0,97),(1636,'Hong Kong',1,0,98),(1637,'Bacs-Kiskun',1,0,99),(1638,'Baranya',1,0,99),(1639,'Bekes',1,0,99),(1640,'Borsod-Abauj-Zemplen',1,0,99),(1641,'Budapest',1,0,99),(1642,'Csongrad',1,0,99),(1643,'Fejer',1,0,99),(1644,'Gyor-Moson-Sopron',1,0,99),(1645,'Hajdu-Bihar',1,0,99),(1646,'Heves',1,0,99),(1647,'Jasz-Nagykun-Szolnok',1,0,99),(1648,'Komarom-Esztergom',1,0,99),(1649,'Nograd',1,0,99),(1650,'Pest',1,0,99),(1651,'Somogy',1,0,99),(1652,'Szabolcs-Szatmar-Bereg',1,0,99),(1653,'Tolna',1,0,99),(1654,'Vas',1,0,99),(1655,'Veszprem',1,0,99),(1656,'Zala',1,0,99),(1657,'Austurland',1,0,100),(1658,'Gullbringusysla',1,0,100),(1659,'Hofu borgarsva i',1,0,100),(1660,'Nor urland eystra',1,0,100),(1661,'Nor urland vestra',1,0,100),(1662,'Su urland',1,0,100),(1663,'Su urnes',1,0,100),(1664,'Vestfir ir',1,0,100),(1665,'Vesturland',1,0,100),(1666,'Aceh',1,0,102),(1667,'Bali',1,0,102),(1668,'Bangka-Belitung',1,0,102),(1669,'Banten',1,0,102),(1670,'Bengkulu',1,0,102),(1671,'Gandaria',1,0,102),(1672,'Gorontalo',1,0,102),(1673,'Jakarta',1,0,102),(1674,'Jambi',1,0,102),(1675,'Jawa Barat',1,0,102),(1676,'Jawa Tengah',1,0,102),(1677,'Jawa Timur',1,0,102),(1678,'Kalimantan Barat',1,0,102),(1679,'Kalimantan Selatan',1,0,102),(1680,'Kalimantan Tengah',1,0,102),(1681,'Kalimantan Timur',1,0,102),(1682,'Kendal',1,0,102),(1683,'Lampung',1,0,102),(1684,'Maluku',1,0,102),(1685,'Maluku Utara',1,0,102),(1686,'Nusa Tenggara Barat',1,0,102),(1687,'Nusa Tenggara Timur',1,0,102),(1688,'Papua',1,0,102),(1689,'Riau',1,0,102),(1690,'Riau Kepulauan',1,0,102),(1691,'Solo',1,0,102),(1692,'Sulawesi Selatan',1,0,102),(1693,'Sulawesi Tengah',1,0,102),(1694,'Sulawesi Tenggara',1,0,102),(1695,'Sulawesi Utara',1,0,102),(1696,'Sumatera Barat',1,0,102),(1697,'Sumatera Selatan',1,0,102),(1698,'Sumatera Utara',1,0,102),(1699,'Yogyakarta',1,0,102),(1700,'Ardabil',1,0,103),(1701,'Azarbayjan-e Bakhtari',1,0,103),(1702,'Azarbayjan-e Khavari',1,0,103),(1703,'Bushehr',1,0,103),(1704,'Chahar Mahal-e Bakhtiari',1,0,103),(1705,'Esfahan',1,0,103),(1706,'Fars',1,0,103),(1707,'Gilan',1,0,103),(1708,'Golestan',1,0,103),(1709,'Hamadan',1,0,103),(1710,'Hormozgan',1,0,103),(1711,'Ilam',1,0,103),(1712,'Kerman',1,0,103),(1713,'Kermanshah',1,0,103),(1714,'Khorasan',1,0,103),(1715,'Khuzestan',1,0,103),(1716,'Kohgiluyeh-e Boyerahmad',1,0,103),(1717,'Kordestan',1,0,103),(1718,'Lorestan',1,0,103),(1719,'Markazi',1,0,103),(1720,'Mazandaran',1,0,103),(1721,'Ostan-e Esfahan',1,0,103),(1722,'Qazvin',1,0,103),(1723,'Qom',1,0,103),(1724,'Semnan',1,0,103),(1725,'Sistan-e Baluchestan',1,0,103),(1726,'Tehran',1,0,103),(1727,'Yazd',1,0,103),(1728,'Zanjan',1,0,103),(1729,'Babil',1,0,104),(1730,'Baghdad',1,0,104),(1731,'Dahuk',1,0,104),(1732,'Dhi Qar',1,0,104),(1733,'Diyala',1,0,104),(1734,'Erbil',1,0,104),(1735,'Irbil',1,0,104),(1736,'Karbala',1,0,104),(1737,'Kurdistan',1,0,104),(1738,'Maysan',1,0,104),(1739,'Ninawa',1,0,104),(1740,'Salah-ad-Din',1,0,104),(1741,'Wasit',1,0,104),(1742,'al-Anbar',1,0,104),(1743,'al-Basrah',1,0,104),(1744,'al-Muthanna',1,0,104),(1745,'al-Qadisiyah',1,0,104),(1746,'an-Najaf',1,0,104),(1747,'as-Sulaymaniyah',1,0,104),(1748,'at-Ta\'mim',1,0,104),(1749,'Armagh',1,0,105),(1750,'Carlow',1,0,105),(1751,'Cavan',1,0,105),(1752,'Clare',1,0,105),(1753,'Cork',1,0,105),(1754,'Donegal',1,0,105),(1755,'Dublin',1,0,105),(1756,'Galway',1,0,105),(1757,'Kerry',1,0,105),(1758,'Kildare',1,0,105),(1759,'Kilkenny',1,0,105),(1760,'Laois',1,0,105),(1761,'Leinster',1,0,105),(1762,'Leitrim',1,0,105),(1763,'Limerick',1,0,105),(1764,'Loch Garman',1,0,105),(1765,'Longford',1,0,105),(1766,'Louth',1,0,105),(1767,'Mayo',1,0,105),(1768,'Meath',1,0,105),(1769,'Monaghan',1,0,105),(1770,'Offaly',1,0,105),(1771,'Roscommon',1,0,105),(1772,'Sligo',1,0,105),(1773,'Tipperary North Riding',1,0,105),(1774,'Tipperary South Riding',1,0,105),(1775,'Ulster',1,0,105),(1776,'Waterford',1,0,105),(1777,'Westmeath',1,0,105),(1778,'Wexford',1,0,105),(1779,'Wicklow',1,0,105),(1780,'Beit Hanania',1,0,106),(1781,'Ben Gurion Airport',1,0,106),(1782,'Bethlehem',1,0,106),(1783,'Caesarea',1,0,106),(1784,'Centre',1,0,106),(1785,'Gaza',1,0,106),(1786,'Hadaron',1,0,106),(1787,'Haifa District',1,0,106),(1788,'Hamerkaz',1,0,106),(1789,'Hazafon',1,0,106),(1790,'Hebron',1,0,106),(1791,'Jaffa',1,0,106),(1792,'Jerusalem',1,0,106),(1793,'Khefa',1,0,106),(1794,'Kiryat Yam',1,0,106),(1795,'Lower Galilee',1,0,106),(1796,'Qalqilya',1,0,106),(1797,'Talme Elazar',1,0,106),(1798,'Tel Aviv',1,0,106),(1799,'Tsafon',1,0,106),(1800,'Umm El Fahem',1,0,106),(1801,'Yerushalayim',1,0,106),(1802,'Abruzzi',1,0,107),(1803,'Abruzzo',1,0,107),(1804,'Agrigento',1,0,107),(1805,'Alessandria',1,0,107),(1806,'Ancona',1,0,107),(1807,'Arezzo',1,0,107),(1808,'Ascoli Piceno',1,0,107),(1809,'Asti',1,0,107),(1810,'Avellino',1,0,107),(1811,'Bari',1,0,107),(1812,'Basilicata',1,0,107),(1813,'Belluno',1,0,107),(1814,'Benevento',1,0,107),(1815,'Bergamo',1,0,107),(1816,'Biella',1,0,107),(1817,'Bologna',1,0,107),(1818,'Bolzano',1,0,107),(1819,'Brescia',1,0,107),(1820,'Brindisi',1,0,107),(1821,'Calabria',1,0,107),(1822,'Campania',1,0,107),(1823,'Cartoceto',1,0,107),(1824,'Caserta',1,0,107),(1825,'Catania',1,0,107),(1826,'Chieti',1,0,107),(1827,'Como',1,0,107),(1828,'Cosenza',1,0,107),(1829,'Cremona',1,0,107),(1830,'Cuneo',1,0,107),(1831,'Emilia-Romagna',1,0,107),(1832,'Ferrara',1,0,107),(1833,'Firenze',1,0,107),(1834,'Florence',1,0,107),(1835,'Forli-Cesena ',1,0,107),(1836,'Friuli-Venezia Giulia',1,0,107),(1837,'Frosinone',1,0,107),(1838,'Genoa',1,0,107),(1839,'Gorizia',1,0,107),(1840,'L\'Aquila',1,0,107),(1841,'Lazio',1,0,107),(1842,'Lecce',1,0,107),(1843,'Lecco',1,0,107),(1845,'Liguria',1,0,107),(1846,'Lodi',1,0,107),(1847,'Lombardia',1,0,107),(1848,'Lombardy',1,0,107),(1849,'Macerata',1,0,107),(1850,'Mantova',1,0,107),(1851,'Marche',1,0,107),(1852,'Messina',1,0,107),(1853,'Milan',1,0,107),(1854,'Modena',1,0,107),(1855,'Molise',1,0,107),(1856,'Molteno',1,0,107),(1857,'Montenegro',1,0,107),(1858,'Monza and Brianza',1,0,107),(1859,'Naples',1,0,107),(1860,'Novara',1,0,107),(1861,'Padova',1,0,107),(1862,'Parma',1,0,107),(1863,'Pavia',1,0,107),(1864,'Perugia',1,0,107),(1865,'Pesaro-Urbino',1,0,107),(1866,'Piacenza',1,0,107),(1867,'Piedmont',1,0,107),(1868,'Piemonte',1,0,107),(1869,'Pisa',1,0,107),(1870,'Pordenone',1,0,107),(1871,'Potenza',1,0,107),(1872,'Puglia',1,0,107),(1873,'Reggio Emilia',1,0,107),(1874,'Rimini',1,0,107),(1875,'Roma',1,0,107),(1876,'Salerno',1,0,107),(1877,'Sardegna',1,0,107),(1878,'Sassari',1,0,107),(1879,'Savona',1,0,107),(1880,'Sicilia',1,0,107),(1881,'Siena',1,0,107),(1882,'Sondrio',1,0,107),(1883,'South Tyrol',1,0,107),(1884,'Taranto',1,0,107),(1885,'Teramo',1,0,107),(1886,'Torino',1,0,107),(1887,'Toscana',1,0,107),(1888,'Trapani',1,0,107),(1889,'Trentino-Alto Adige',1,0,107),(1890,'Trento',1,0,107),(1891,'Treviso',1,0,107),(1892,'Udine',1,0,107),(1893,'Umbria',1,0,107),(1894,'Valle d\'Aosta',1,0,107),(1895,'Varese',1,0,107),(1896,'Veneto',1,0,107),(1897,'Venezia',1,0,107),(1898,'Verbano-Cusio-Ossola',1,0,107),(1899,'Vercelli',1,0,107),(1900,'Verona',1,0,107),(1901,'Vicenza',1,0,107),(1902,'Viterbo',1,0,107),(1903,'Buxoro Viloyati',1,0,108),(1904,'Clarendon',1,0,108),(1905,'Hanover',1,0,108),(1906,'Kingston',1,0,108),(1907,'Manchester',1,0,108),(1908,'Portland',1,0,108),(1909,'Saint Andrews',1,0,108),(1910,'Saint Ann',1,0,108),(1911,'Saint Catherine',1,0,108),(1912,'Saint Elizabeth',1,0,108),(1913,'Saint James',1,0,108),(1914,'Saint Mary',1,0,108),(1915,'Saint Thomas',1,0,108),(1916,'Trelawney',1,0,108),(1917,'Westmoreland',1,0,108),(1918,'Aichi',1,0,109),(1919,'Akita',1,0,109),(1920,'Aomori',1,0,109),(1921,'Chiba',1,0,109),(1922,'Ehime',1,0,109),(1923,'Fukui',1,0,109),(1924,'Fukuoka',1,0,109),(1925,'Fukushima',1,0,109),(1926,'Gifu',1,0,109),(1927,'Gumma',1,0,109),(1928,'Hiroshima',1,0,109),(1929,'Hokkaido',1,0,109),(1930,'Hyogo',1,0,109),(1931,'Ibaraki',1,0,109),(1932,'Ishikawa',1,0,109),(1933,'Iwate',1,0,109),(1934,'Kagawa',1,0,109),(1935,'Kagoshima',1,0,109),(1936,'Kanagawa',1,0,109),(1937,'Kanto',1,0,109),(1938,'Kochi',1,0,109),(1939,'Kumamoto',1,0,109),(1940,'Kyoto',1,0,109),(1941,'Mie',1,0,109),(1942,'Miyagi',1,0,109),(1943,'Miyazaki',1,0,109),(1944,'Nagano',1,0,109),(1945,'Nagasaki',1,0,109),(1946,'Nara',1,0,109),(1947,'Niigata',1,0,109),(1948,'Oita',1,0,109),(1949,'Okayama',1,0,109),(1950,'Okinawa',1,0,109),(1951,'Osaka',1,0,109),(1952,'Saga',1,0,109),(1953,'Saitama',1,0,109),(1954,'Shiga',1,0,109),(1955,'Shimane',1,0,109),(1956,'Shizuoka',1,0,109),(1957,'Tochigi',1,0,109),(1958,'Tokushima',1,0,109),(1959,'Tokyo',1,0,109),(1960,'Tottori',1,0,109),(1961,'Toyama',1,0,109),(1962,'Wakayama',1,0,109),(1963,'Yamagata',1,0,109),(1964,'Yamaguchi',1,0,109),(1965,'Yamanashi',1,0,109),(1966,'Grouville',1,0,110),(1967,'Saint Brelade',1,0,110),(1968,'Saint Clement',1,0,110),(1969,'Saint Helier',1,0,110),(1970,'Saint John',1,0,110),(1971,'Saint Lawrence',1,0,110),(1972,'Saint Martin',1,0,110),(1973,'Saint Mary',1,0,110),(1974,'Saint Peter',1,0,110),(1975,'Saint Saviour',1,0,110),(1976,'Trinity',1,0,110),(1977,'\'Ajlun',1,0,111),(1978,'Amman',1,0,111),(1979,'Irbid',1,0,111),(1980,'Jarash',1,0,111),(1981,'Ma\'an',1,0,111),(1982,'Madaba',1,0,111),(1983,'al-\'Aqabah',1,0,111),(1984,'al-Balqa\'',1,0,111),(1985,'al-Karak',1,0,111),(1986,'al-Mafraq',1,0,111),(1987,'at-Tafilah',1,0,111),(1988,'az-Zarqa\'',1,0,111),(1989,'Akmecet',1,0,112),(1990,'Akmola',1,0,112),(1991,'Aktobe',1,0,112),(1992,'Almati',1,0,112),(1993,'Atirau',1,0,112),(1994,'Batis Kazakstan',1,0,112),(1995,'Burlinsky Region',1,0,112),(1996,'Karagandi',1,0,112),(1997,'Kostanay',1,0,112),(1998,'Mankistau',1,0,112),(1999,'Ontustik Kazakstan',1,0,112),(2000,'Pavlodar',1,0,112),(2001,'Sigis Kazakstan',1,0,112),(2002,'Soltustik Kazakstan',1,0,112),(2003,'Taraz',1,0,112),(2004,'Central',1,0,113),(2005,'Coast',1,0,113),(2006,'Eastern',1,0,113),(2007,'Nairobi',1,0,113),(2008,'North Eastern',1,0,113),(2009,'Nyanza',1,0,113),(2010,'Rift Valley',1,0,113),(2011,'Western',1,0,113),(2012,'Abaiang',1,0,114),(2013,'Abemana',1,0,114),(2014,'Aranuka',1,0,114),(2015,'Arorae',1,0,114),(2016,'Banaba',1,0,114),(2017,'Beru',1,0,114),(2018,'Butaritari',1,0,114),(2019,'Kiritimati',1,0,114),(2020,'Kuria',1,0,114),(2021,'Maiana',1,0,114),(2022,'Makin',1,0,114),(2023,'Marakei',1,0,114),(2024,'Nikunau',1,0,114),(2025,'Nonouti',1,0,114),(2026,'Onotoa',1,0,114),(2027,'Phoenix Islands',1,0,114),(2028,'Tabiteuea North',1,0,114),(2029,'Tabiteuea South',1,0,114),(2030,'Tabuaeran',1,0,114),(2031,'Tamana',1,0,114),(2032,'Tarawa North',1,0,114),(2033,'Tarawa South',1,0,114),(2034,'Teraina',1,0,114),(2035,'Chagangdo',1,0,115),(2036,'Hamgyeongbukto',1,0,115),(2037,'Hamgyeongnamdo',1,0,115),(2038,'Hwanghaebukto',1,0,115),(2039,'Hwanghaenamdo',1,0,115),(2040,'Kaeseong',1,0,115),(2041,'Kangweon',1,0,115),(2042,'Nampo',1,0,115),(2043,'Pyeonganbukto',1,0,115),(2044,'Pyeongannamdo',1,0,115),(2045,'Pyeongyang',1,0,115),(2046,'Yanggang',1,0,115),(2047,'Busan',1,0,116),(2048,'Cheju',1,0,116),(2049,'Chollabuk',1,0,116),(2050,'Chollanam',1,0,116),(2051,'Chungbuk',1,0,116),(2052,'Chungcheongbuk',1,0,116),(2053,'Chungcheongnam',1,0,116),(2054,'Chungnam',1,0,116),(2055,'Daegu',1,0,116),(2056,'Gangwon-do',1,0,116),(2057,'Goyang-si',1,0,116),(2058,'Gyeonggi-do',1,0,116),(2059,'Gyeongsang ',1,0,116),(2060,'Gyeongsangnam-do',1,0,116),(2061,'Incheon',1,0,116),(2062,'Jeju-Si',1,0,116),(2063,'Jeonbuk',1,0,116),(2064,'Kangweon',1,0,116),(2065,'Kwangju',1,0,116),(2066,'Kyeonggi',1,0,116),(2067,'Kyeongsangbuk',1,0,116),(2068,'Kyeongsangnam',1,0,116),(2069,'Kyonggi-do',1,0,116),(2070,'Kyungbuk-Do',1,0,116),(2071,'Kyunggi-Do',1,0,116),(2072,'Kyunggi-do',1,0,116),(2073,'Pusan',1,0,116),(2074,'Seoul',1,0,116),(2075,'Sudogwon',1,0,116),(2076,'Taegu',1,0,116),(2077,'Taejeon',1,0,116),(2078,'Taejon-gwangyoksi',1,0,116),(2079,'Ulsan',1,0,116),(2080,'Wonju',1,0,116),(2081,'gwangyoksi',1,0,116),(2082,'Al Asimah',1,0,117),(2083,'Hawalli',1,0,117),(2084,'Mishref',1,0,117),(2085,'Qadesiya',1,0,117),(2086,'Safat',1,0,117),(2087,'Salmiya',1,0,117),(2088,'al-Ahmadi',1,0,117),(2089,'al-Farwaniyah',1,0,117),(2090,'al-Jahra',1,0,117),(2091,'al-Kuwayt',1,0,117),(2092,'Batken',1,0,118),(2093,'Bishkek',1,0,118),(2094,'Chui',1,0,118),(2095,'Issyk-Kul',1,0,118),(2096,'Jalal-Abad',1,0,118),(2097,'Naryn',1,0,118),(2098,'Osh',1,0,118),(2099,'Talas',1,0,118),(2100,'Attopu',1,0,119),(2101,'Bokeo',1,0,119),(2102,'Bolikhamsay',1,0,119),(2103,'Champasak',1,0,119),(2104,'Houaphanh',1,0,119),(2105,'Khammouane',1,0,119),(2106,'Luang Nam Tha',1,0,119),(2107,'Luang Prabang',1,0,119),(2108,'Oudomxay',1,0,119),(2109,'Phongsaly',1,0,119),(2110,'Saravan',1,0,119),(2111,'Savannakhet',1,0,119),(2112,'Sekong',1,0,119),(2113,'Viangchan Prefecture',1,0,119),(2114,'Viangchan Province',1,0,119),(2115,'Xaignabury',1,0,119),(2116,'Xiang Khuang',1,0,119),(2117,'Aizkraukles',1,0,120),(2118,'Aluksnes',1,0,120),(2119,'Balvu',1,0,120),(2120,'Bauskas',1,0,120),(2121,'Cesu',1,0,120),(2122,'Daugavpils',1,0,120),(2123,'Daugavpils City',1,0,120),(2124,'Dobeles',1,0,120),(2125,'Gulbenes',1,0,120),(2126,'Jekabspils',1,0,120),(2127,'Jelgava',1,0,120),(2128,'Jelgavas',1,0,120),(2129,'Jurmala City',1,0,120),(2130,'Kraslavas',1,0,120),(2131,'Kuldigas',1,0,120),(2132,'Liepaja',1,0,120),(2133,'Liepajas',1,0,120),(2134,'Limbazhu',1,0,120),(2135,'Ludzas',1,0,120),(2136,'Madonas',1,0,120),(2137,'Ogres',1,0,120),(2138,'Preilu',1,0,120),(2139,'Rezekne',1,0,120),(2140,'Rezeknes',1,0,120),(2141,'Riga',1,0,120),(2142,'Rigas',1,0,120),(2143,'Saldus',1,0,120),(2144,'Talsu',1,0,120),(2145,'Tukuma',1,0,120),(2146,'Valkas',1,0,120),(2147,'Valmieras',1,0,120),(2148,'Ventspils',1,0,120),(2149,'Ventspils City',1,0,120),(2150,'Beirut',1,0,121),(2151,'Jabal Lubnan',1,0,121),(2152,'Mohafazat Liban-Nord',1,0,121),(2153,'Mohafazat Mont-Liban',1,0,121),(2154,'Sidon',1,0,121),(2155,'al-Biqa',1,0,121),(2156,'al-Janub',1,0,121),(2157,'an-Nabatiyah',1,0,121),(2158,'ash-Shamal',1,0,121),(2159,'Berea',1,0,122),(2160,'Butha-Buthe',1,0,122),(2161,'Leribe',1,0,122),(2162,'Mafeteng',1,0,122),(2163,'Maseru',1,0,122),(2164,'Mohale\'s Hoek',1,0,122),(2165,'Mokhotlong',1,0,122),(2166,'Qacha\'s Nek',1,0,122),(2167,'Quthing',1,0,122),(2168,'Thaba-Tseka',1,0,122),(2169,'Bomi',1,0,123),(2170,'Bong',1,0,123),(2171,'Grand Bassa',1,0,123),(2172,'Grand Cape Mount',1,0,123),(2173,'Grand Gedeh',1,0,123),(2174,'Loffa',1,0,123),(2175,'Margibi',1,0,123),(2176,'Maryland and Grand Kru',1,0,123),(2177,'Montserrado',1,0,123),(2178,'Nimba',1,0,123),(2179,'Rivercess',1,0,123),(2180,'Sinoe',1,0,123),(2181,'Ajdabiya',1,0,124),(2182,'Fezzan',1,0,124),(2183,'Banghazi',1,0,124),(2184,'Darnah',1,0,124),(2185,'Ghadamis',1,0,124),(2186,'Gharyan',1,0,124),(2187,'Misratah',1,0,124),(2188,'Murzuq',1,0,124),(2189,'Sabha',1,0,124),(2190,'Sawfajjin',1,0,124),(2191,'Surt',1,0,124),(2192,'Tarabulus',1,0,124),(2193,'Tarhunah',1,0,124),(2194,'Tripolitania',1,0,124),(2195,'Tubruq',1,0,124),(2196,'Yafran',1,0,124),(2197,'Zlitan',1,0,124),(2198,'al-\'Aziziyah',1,0,124),(2199,'al-Fatih',1,0,124),(2200,'al-Jabal al Akhdar',1,0,124),(2201,'al-Jufrah',1,0,124),(2202,'al-Khums',1,0,124),(2203,'al-Kufrah',1,0,124),(2204,'an-Nuqat al-Khams',1,0,124),(2205,'ash-Shati\'',1,0,124),(2206,'az-Zawiyah',1,0,124),(2207,'Balzers',1,0,125),(2208,'Eschen',1,0,125),(2209,'Gamprin',1,0,125),(2210,'Mauren',1,0,125),(2211,'Planken',1,0,125),(2212,'Ruggell',1,0,125),(2213,'Schaan',1,0,125),(2214,'Schellenberg',1,0,125),(2215,'Triesen',1,0,125),(2216,'Triesenberg',1,0,125),(2217,'Vaduz',1,0,125),(2218,'Alytaus',1,0,126),(2219,'Anyksciai',1,0,126),(2220,'Kauno',1,0,126),(2221,'Klaipedos',1,0,126),(2222,'Marijampoles',1,0,126),(2223,'Panevezhio',1,0,126),(2224,'Panevezys',1,0,126),(2225,'Shiauliu',1,0,126),(2226,'Taurages',1,0,126),(2227,'Telshiu',1,0,126),(2228,'Telsiai',1,0,126),(2229,'Utenos',1,0,126),(2230,'Vilniaus',1,0,126),(2231,'Capellen',1,0,127),(2232,'Clervaux',1,0,127),(2233,'Diekirch',1,0,127),(2234,'Echternach',1,0,127),(2235,'Esch-sur-Alzette',1,0,127),(2236,'Grevenmacher',1,0,127),(2237,'Luxembourg',1,0,127),(2238,'Mersch',1,0,127),(2239,'Redange',1,0,127),(2240,'Remich',1,0,127),(2241,'Vianden',1,0,127),(2242,'Wiltz',1,0,127),(2243,'Macau',1,0,128),(2244,'Berovo',1,0,129),(2245,'Bitola',1,0,129),(2246,'Brod',1,0,129),(2247,'Debar',1,0,129),(2248,'Delchevo',1,0,129),(2249,'Demir Hisar',1,0,129),(2250,'Gevgelija',1,0,129),(2251,'Gostivar',1,0,129),(2252,'Kavadarci',1,0,129),(2253,'Kichevo',1,0,129),(2254,'Kochani',1,0,129),(2255,'Kratovo',1,0,129),(2256,'Kriva Palanka',1,0,129),(2257,'Krushevo',1,0,129),(2258,'Kumanovo',1,0,129),(2259,'Negotino',1,0,129),(2260,'Ohrid',1,0,129),(2261,'Prilep',1,0,129),(2262,'Probishtip',1,0,129),(2263,'Radovish',1,0,129),(2264,'Resen',1,0,129),(2265,'Shtip',1,0,129),(2266,'Skopje',1,0,129),(2267,'Struga',1,0,129),(2268,'Strumica',1,0,129),(2269,'Sveti Nikole',1,0,129),(2270,'Tetovo',1,0,129),(2271,'Valandovo',1,0,129),(2272,'Veles',1,0,129),(2273,'Vinica',1,0,129),(2274,'Antananarivo',1,0,130),(2275,'Antsiranana',1,0,130),(2276,'Fianarantsoa',1,0,130),(2277,'Mahajanga',1,0,130),(2278,'Toamasina',1,0,130),(2279,'Toliary',1,0,130),(2280,'Balaka',1,0,131),(2281,'Blantyre City',1,0,131),(2282,'Chikwawa',1,0,131),(2283,'Chiradzulu',1,0,131),(2284,'Chitipa',1,0,131),(2285,'Dedza',1,0,131),(2286,'Dowa',1,0,131),(2287,'Karonga',1,0,131),(2288,'Kasungu',1,0,131),(2289,'Lilongwe City',1,0,131),(2290,'Machinga',1,0,131),(2291,'Mangochi',1,0,131),(2292,'Mchinji',1,0,131),(2293,'Mulanje',1,0,131),(2294,'Mwanza',1,0,131),(2295,'Mzimba',1,0,131),(2296,'Mzuzu City',1,0,131),(2297,'Nkhata Bay',1,0,131),(2298,'Nkhotakota',1,0,131),(2299,'Nsanje',1,0,131),(2300,'Ntcheu',1,0,131),(2301,'Ntchisi',1,0,131),(2302,'Phalombe',1,0,131),(2303,'Rumphi',1,0,131),(2304,'Salima',1,0,131),(2305,'Thyolo',1,0,131),(2306,'Zomba Municipality',1,0,131),(2307,'Johor',1,0,132),(2308,'Kedah',1,0,132),(2309,'Kelantan',1,0,132),(2310,'Kuala Lumpur',1,0,132),(2311,'Labuan',1,0,132),(2312,'Melaka',1,0,132),(2313,'Negeri Johor',1,0,132),(2314,'Negeri Sembilan',1,0,132),(2315,'Pahang',1,0,132),(2316,'Penang',1,0,132),(2317,'Perak',1,0,132),(2318,'Perlis',1,0,132),(2319,'Pulau Pinang',1,0,132),(2320,'Sabah',1,0,132),(2321,'Sarawak',1,0,132),(2322,'Selangor',1,0,132),(2323,'Sembilan',1,0,132),(2324,'Terengganu',1,0,132),(2325,'Alif Alif',1,0,133),(2326,'Alif Dhaal',1,0,133),(2327,'Baa',1,0,133),(2328,'Dhaal',1,0,133),(2329,'Faaf',1,0,133),(2330,'Gaaf Alif',1,0,133),(2331,'Gaaf Dhaal',1,0,133),(2332,'Ghaviyani',1,0,133),(2333,'Haa Alif',1,0,133),(2334,'Haa Dhaal',1,0,133),(2335,'Kaaf',1,0,133),(2336,'Laam',1,0,133),(2337,'Lhaviyani',1,0,133),(2338,'Male',1,0,133),(2339,'Miim',1,0,133),(2340,'Nuun',1,0,133),(2341,'Raa',1,0,133),(2342,'Shaviyani',1,0,133),(2343,'Siin',1,0,133),(2344,'Thaa',1,0,133),(2345,'Vaav',1,0,133),(2346,'Bamako',1,0,134),(2347,'Gao',1,0,134),(2348,'Kayes',1,0,134),(2349,'Kidal',1,0,134),(2350,'Koulikoro',1,0,134),(2351,'Mopti',1,0,134),(2352,'Segou',1,0,134),(2353,'Sikasso',1,0,134),(2354,'Tombouctou',1,0,134),(2355,'Gozo and Comino',1,0,135),(2356,'Inner Harbour',1,0,135),(2357,'Northern',1,0,135),(2358,'Outer Harbour',1,0,135),(2359,'South Eastern',1,0,135),(2360,'Valletta',1,0,135),(2361,'Western',1,0,135),(2362,'Castletown',1,0,136),(2363,'Douglas',1,0,136),(2364,'Laxey',1,0,136),(2365,'Onchan',1,0,136),(2366,'Peel',1,0,136),(2367,'Port Erin',1,0,136),(2368,'Port Saint Mary',1,0,136),(2369,'Ramsey',1,0,136),(2370,'Ailinlaplap',1,0,137),(2371,'Ailuk',1,0,137),(2372,'Arno',1,0,137),(2373,'Aur',1,0,137),(2374,'Bikini',1,0,137),(2375,'Ebon',1,0,137),(2376,'Enewetak',1,0,137),(2377,'Jabat',1,0,137),(2378,'Jaluit',1,0,137),(2379,'Kili',1,0,137),(2380,'Kwajalein',1,0,137),(2381,'Lae',1,0,137),(2382,'Lib',1,0,137),(2383,'Likiep',1,0,137),(2384,'Majuro',1,0,137),(2385,'Maloelap',1,0,137),(2386,'Mejit',1,0,137),(2387,'Mili',1,0,137),(2388,'Namorik',1,0,137),(2389,'Namu',1,0,137),(2390,'Rongelap',1,0,137),(2391,'Ujae',1,0,137),(2392,'Utrik',1,0,137),(2393,'Wotho',1,0,137),(2394,'Wotje',1,0,137),(2395,'Fort-de-France',1,0,138),(2396,'La Trinite',1,0,138),(2397,'Le Marin',1,0,138),(2398,'Saint-Pierre',1,0,138),(2399,'Adrar',1,0,139),(2400,'Assaba',1,0,139),(2401,'Brakna',1,0,139),(2402,'Dhakhlat Nawadibu',1,0,139),(2403,'Hudh-al-Gharbi',1,0,139),(2404,'Hudh-ash-Sharqi',1,0,139),(2405,'Inshiri',1,0,139),(2406,'Nawakshut',1,0,139),(2407,'Qidimagha',1,0,139),(2408,'Qurqul',1,0,139),(2409,'Taqant',1,0,139),(2410,'Tiris Zammur',1,0,139),(2411,'Trarza',1,0,139),(2412,'Black River',1,0,140),(2413,'Eau Coulee',1,0,140),(2414,'Flacq',1,0,140),(2415,'Floreal',1,0,140),(2416,'Grand Port',1,0,140),(2417,'Moka',1,0,140),(2418,'Pamplempousses',1,0,140),(2419,'Plaines Wilhelm',1,0,140),(2420,'Port Louis',1,0,140),(2421,'Riviere du Rempart',1,0,140),(2422,'Rodrigues',1,0,140),(2423,'Rose Hill',1,0,140),(2424,'Savanne',1,0,140),(2425,'Mayotte',1,0,141),(2426,'Pamanzi',1,0,141),(2427,'Aguascalientes',1,0,142),(2428,'Baja California',1,0,142),(2429,'Baja California Sur',1,0,142),(2430,'Campeche',1,0,142),(2431,'Chiapas',1,0,142),(2432,'Chihuahua',1,0,142),(2433,'Coahuila',1,0,142),(2434,'Colima',1,0,142),(2435,'Distrito Federal',1,0,142),(2436,'Durango',1,0,142),(2437,'Estado de Mexico',1,0,142),(2438,'Guanajuato',1,0,142),(2439,'Guerrero',1,0,142),(2440,'Hidalgo',1,0,142),(2441,'Jalisco',1,0,142),(2442,'Mexico',1,0,142),(2443,'Michoacan',1,0,142),(2444,'Morelos',1,0,142),(2445,'Nayarit',1,0,142),(2446,'Nuevo Leon',1,0,142),(2447,'Oaxaca',1,0,142),(2448,'Puebla',1,0,142),(2449,'Queretaro',1,0,142),(2450,'Quintana Roo',1,0,142),(2451,'San Luis Potosi',1,0,142),(2452,'Sinaloa',1,0,142),(2453,'Sonora',1,0,142),(2454,'Tabasco',1,0,142),(2455,'Tamaulipas',1,0,142),(2456,'Tlaxcala',1,0,142),(2457,'Veracruz',1,0,142),(2458,'Yucatan',1,0,142),(2459,'Zacatecas',1,0,142),(2460,'Chuuk',1,0,143),(2461,'Kusaie',1,0,143),(2462,'Pohnpei',1,0,143),(2463,'Yap',1,0,143),(2464,'Balti',1,0,144),(2465,'Cahul',1,0,144),(2466,'Chisinau',1,0,144),(2467,'Chisinau Oras',1,0,144),(2468,'Edinet',1,0,144),(2469,'Gagauzia',1,0,144),(2470,'Lapusna',1,0,144),(2471,'Orhei',1,0,144),(2472,'Soroca',1,0,144),(2473,'Taraclia',1,0,144),(2474,'Tighina',1,0,144),(2475,'Transnistria',1,0,144),(2476,'Ungheni',1,0,144),(2477,'Fontvieille',1,0,145),(2478,'La Condamine',1,0,145),(2479,'Monaco-Ville',1,0,145),(2480,'Monte Carlo',1,0,145),(2481,'Arhangaj',1,0,146),(2482,'Bajan-Olgij',1,0,146),(2483,'Bajanhongor',1,0,146),(2484,'Bulgan',1,0,146),(2485,'Darhan-Uul',1,0,146),(2486,'Dornod',1,0,146),(2487,'Dornogovi',1,0,146),(2488,'Dundgovi',1,0,146),(2489,'Govi-Altaj',1,0,146),(2490,'Govisumber',1,0,146),(2491,'Hentij',1,0,146),(2492,'Hovd',1,0,146),(2493,'Hovsgol',1,0,146),(2494,'Omnogovi',1,0,146),(2495,'Orhon',1,0,146),(2496,'Ovorhangaj',1,0,146),(2497,'Selenge',1,0,146),(2498,'Suhbaatar',1,0,146),(2499,'Tov',1,0,146),(2500,'Ulaanbaatar',1,0,146),(2501,'Uvs',1,0,146),(2502,'Zavhan',1,0,146),(2503,'Montserrat',1,0,147),(2504,'Agadir',1,0,148),(2505,'Casablanca',1,0,148),(2506,'Chaouia-Ouardigha',1,0,148),(2507,'Doukkala-Abda',1,0,148),(2508,'Fes-Boulemane',1,0,148),(2509,'Gharb-Chrarda-Beni Hssen',1,0,148),(2510,'Guelmim',1,0,148),(2511,'Kenitra',1,0,148),(2512,'Marrakech-Tensift-Al Haouz',1,0,148),(2513,'Meknes-Tafilalet',1,0,148),(2514,'Oriental',1,0,148),(2515,'Oujda',1,0,148),(2516,'Province de Tanger',1,0,148),(2517,'Rabat-Sale-Zammour-Zaer',1,0,148),(2518,'Sala Al Jadida',1,0,148),(2519,'Settat',1,0,148),(2520,'Souss Massa-Draa',1,0,148),(2521,'Tadla-Azilal',1,0,148),(2522,'Tangier-Tetouan',1,0,148),(2523,'Taza-Al Hoceima-Taounate',1,0,148),(2524,'Wilaya de Casablanca',1,0,148),(2525,'Wilaya de Rabat-Sale',1,0,148),(2526,'Cabo Delgado',1,0,149),(2527,'Gaza',1,0,149),(2528,'Inhambane',1,0,149),(2529,'Manica',1,0,149),(2530,'Maputo',1,0,149),(2531,'Maputo Provincia',1,0,149),(2532,'Nampula',1,0,149),(2533,'Niassa',1,0,149),(2534,'Sofala',1,0,149),(2535,'Tete',1,0,149),(2536,'Zambezia',1,0,149),(2537,'Ayeyarwady',1,0,150),(2538,'Bago',1,0,150),(2539,'Chin',1,0,150),(2540,'Kachin',1,0,150),(2541,'Kayah',1,0,150),(2542,'Kayin',1,0,150),(2543,'Magway',1,0,150),(2544,'Mandalay',1,0,150),(2545,'Mon',1,0,150),(2546,'Nay Pyi Taw',1,0,150),(2547,'Rakhine',1,0,150),(2548,'Sagaing',1,0,150),(2549,'Shan',1,0,150),(2550,'Tanintharyi',1,0,150),(2551,'Yangon',1,0,150),(2552,'Caprivi',1,0,151),(2553,'Erongo',1,0,151),(2554,'Hardap',1,0,151),(2555,'Karas',1,0,151),(2556,'Kavango',1,0,151),(2557,'Khomas',1,0,151),(2558,'Kunene',1,0,151),(2559,'Ohangwena',1,0,151),(2560,'Omaheke',1,0,151),(2561,'Omusati',1,0,151),(2562,'Oshana',1,0,151),(2563,'Oshikoto',1,0,151),(2564,'Otjozondjupa',1,0,151),(2565,'Yaren',1,0,152),(2566,'Bagmati',1,0,153),(2567,'Bheri',1,0,153),(2568,'Dhawalagiri',1,0,153),(2569,'Gandaki',1,0,153),(2570,'Janakpur',1,0,153),(2571,'Karnali',1,0,153),(2572,'Koshi',1,0,153),(2573,'Lumbini',1,0,153),(2574,'Mahakali',1,0,153),(2575,'Mechi',1,0,153),(2576,'Narayani',1,0,153),(2577,'Rapti',1,0,153),(2578,'Sagarmatha',1,0,153),(2579,'Seti',1,0,153),(2580,'Bonaire',1,0,154),(2581,'Curacao',1,0,154),(2582,'Saba',1,0,154),(2583,'Sint Eustatius',1,0,154),(2584,'Sint Maarten',1,0,154),(2585,'Amsterdam',1,0,155),(2586,'Benelux',1,0,155),(2587,'Drenthe',1,0,155),(2588,'Flevoland',1,0,155),(2589,'Friesland',1,0,155),(2590,'Gelderland',1,0,155),(2591,'Groningen',1,0,155),(2592,'Limburg',1,0,155),(2593,'Noord-Brabant',1,0,155),(2594,'Noord-Holland',1,0,155),(2595,'Overijssel',1,0,155),(2596,'South Holland',1,0,155),(2597,'Utrecht',1,0,155),(2598,'Zeeland',1,0,155),(2599,'Zuid-Holland',1,0,155),(2600,'Iles',1,0,156),(2601,'Nord',1,0,156),(2602,'Sud',1,0,156),(2603,'Area Outside Region',1,0,157),(2604,'Auckland',1,0,157),(2605,'Bay of Plenty',1,0,157),(2606,'Canterbury',1,0,157),(2607,'Christchurch',1,0,157),(2608,'Gisborne',1,0,157),(2609,'Hawke\'s Bay',1,0,157),(2610,'Manawatu-Wanganui',1,0,157),(2611,'Marlborough',1,0,157),(2612,'Nelson',1,0,157),(2613,'Northland',1,0,157),(2614,'Otago',1,0,157),(2615,'Rodney',1,0,157),(2616,'Southland',1,0,157),(2617,'Taranaki',1,0,157),(2618,'Tasman',1,0,157),(2619,'Waikato',1,0,157),(2620,'Wellington',1,0,157),(2621,'West Coast',1,0,157),(2622,'Atlantico Norte',1,0,158),(2623,'Atlantico Sur',1,0,158),(2624,'Boaco',1,0,158),(2625,'Carazo',1,0,158),(2626,'Chinandega',1,0,158),(2627,'Chontales',1,0,158),(2628,'Esteli',1,0,158),(2629,'Granada',1,0,158),(2630,'Jinotega',1,0,158),(2631,'Leon',1,0,158),(2632,'Madriz',1,0,158),(2633,'Managua',1,0,158),(2634,'Masaya',1,0,158),(2635,'Matagalpa',1,0,158),(2636,'Nueva Segovia',1,0,158),(2637,'Rio San Juan',1,0,158),(2638,'Rivas',1,0,158),(2639,'Agadez',1,0,159),(2640,'Diffa',1,0,159),(2641,'Dosso',1,0,159),(2642,'Maradi',1,0,159),(2643,'Niamey',1,0,159),(2644,'Tahoua',1,0,159),(2645,'Tillabery',1,0,159),(2646,'Zinder',1,0,159),(2647,'Abia',1,0,160),(2648,'Abuja Federal Capital Territor',1,0,160),(2649,'Adamawa',1,0,160),(2650,'Akwa Ibom',1,0,160),(2651,'Anambra',1,0,160),(2652,'Bauchi',1,0,160),(2653,'Bayelsa',1,0,160),(2654,'Benue',1,0,160),(2655,'Borno',1,0,160),(2656,'Cross River',1,0,160),(2657,'Delta',1,0,160),(2658,'Ebonyi',1,0,160),(2659,'Edo',1,0,160),(2660,'Ekiti',1,0,160),(2661,'Enugu',1,0,160),(2662,'Gombe',1,0,160),(2663,'Imo',1,0,160),(2664,'Jigawa',1,0,160),(2665,'Kaduna',1,0,160),(2666,'Kano',1,0,160),(2667,'Katsina',1,0,160),(2668,'Kebbi',1,0,160),(2669,'Kogi',1,0,160),(2670,'Kwara',1,0,160),(2671,'Lagos',1,0,160),(2672,'Nassarawa',1,0,160),(2673,'Niger',1,0,160),(2674,'Ogun',1,0,160),(2675,'Ondo',1,0,160),(2676,'Osun',1,0,160),(2677,'Oyo',1,0,160),(2678,'Plateau',1,0,160),(2679,'Rivers',1,0,160),(2680,'Sokoto',1,0,160),(2681,'Taraba',1,0,160),(2682,'Yobe',1,0,160),(2683,'Zamfara',1,0,160),(2684,'Niue',1,0,161),(2685,'Norfolk Island',1,0,162),(2686,'Northern Islands',1,0,163),(2687,'Rota',1,0,163),(2688,'Saipan',1,0,163),(2689,'Tinian',1,0,163),(2690,'Akershus',1,0,164),(2691,'Aust Agder',1,0,164),(2692,'Bergen',1,0,164),(2693,'Buskerud',1,0,164),(2694,'Finnmark',1,0,164),(2695,'Hedmark',1,0,164),(2696,'Hordaland',1,0,164),(2697,'Moere og Romsdal',1,0,164),(2698,'Nord Trondelag',1,0,164),(2699,'Nordland',1,0,164),(2700,'Oestfold',1,0,164),(2701,'Oppland',1,0,164),(2702,'Oslo',1,0,164),(2703,'Rogaland',1,0,164),(2704,'Soer Troendelag',1,0,164),(2705,'Sogn og Fjordane',1,0,164),(2706,'Stavern',1,0,164),(2707,'Sykkylven',1,0,164),(2708,'Telemark',1,0,164),(2709,'Troms',1,0,164),(2710,'Vest Agder',1,0,164),(2711,'Vestfold',1,0,164),(2712,'stfold',1,0,164),(2713,'Al Buraimi',1,0,165),(2714,'Dhufar',1,0,165),(2715,'Masqat',1,0,165),(2716,'Musandam',1,0,165),(2717,'Rusayl',1,0,165),(2718,'Wadi Kabir',1,0,165),(2719,'ad-Dakhiliyah',1,0,165),(2720,'adh-Dhahirah',1,0,165),(2721,'al-Batinah',1,0,165),(2722,'ash-Sharqiyah',1,0,165),(2723,'Baluchistan',1,0,166),(2724,'Federal Capital Area',1,0,166),(2725,'Federally administered Tribal ',1,0,166),(2726,'North-West Frontier',1,0,166),(2727,'Northern Areas',1,0,166),(2728,'Punjab',1,0,166),(2729,'Sind',1,0,166),(2730,'Aimeliik',1,0,167),(2731,'Airai',1,0,167),(2732,'Angaur',1,0,167),(2733,'Hatobohei',1,0,167),(2734,'Kayangel',1,0,167),(2735,'Koror',1,0,167),(2736,'Melekeok',1,0,167),(2737,'Ngaraard',1,0,167),(2738,'Ngardmau',1,0,167),(2739,'Ngaremlengui',1,0,167),(2740,'Ngatpang',1,0,167),(2741,'Ngchesar',1,0,167),(2742,'Ngerchelong',1,0,167),(2743,'Ngiwal',1,0,167),(2744,'Peleliu',1,0,167),(2745,'Sonsorol',1,0,167),(2746,'Ariha',1,0,168),(2747,'Bayt Lahm',1,0,168),(2748,'Bethlehem',1,0,168),(2749,'Dayr-al-Balah',1,0,168),(2750,'Ghazzah',1,0,168),(2751,'Ghazzah ash-Shamaliyah',1,0,168),(2752,'Janin',1,0,168),(2753,'Khan Yunis',1,0,168),(2754,'Nabulus',1,0,168),(2755,'Qalqilyah',1,0,168),(2756,'Rafah',1,0,168),(2757,'Ram Allah wal-Birah',1,0,168),(2758,'Salfit',1,0,168),(2759,'Tubas',1,0,168),(2760,'Tulkarm',1,0,168),(2761,'al-Khalil',1,0,168),(2762,'al-Quds',1,0,168),(2763,'Bocas del Toro',1,0,169),(2764,'Chiriqui',1,0,169),(2765,'Cocle',1,0,169),(2766,'Colon',1,0,169),(2767,'Darien',1,0,169),(2768,'Embera',1,0,169),(2769,'Herrera',1,0,169),(2770,'Kuna Yala',1,0,169),(2771,'Los Santos',1,0,169),(2772,'Ngobe Bugle',1,0,169),(2773,'Panama',1,0,169),(2774,'Veraguas',1,0,169),(2775,'East New Britain',1,0,170),(2776,'East Sepik',1,0,170),(2777,'Eastern Highlands',1,0,170),(2778,'Enga',1,0,170),(2779,'Fly River',1,0,170),(2780,'Gulf',1,0,170),(2781,'Madang',1,0,170),(2782,'Manus',1,0,170),(2783,'Milne Bay',1,0,170),(2784,'Morobe',1,0,170),(2785,'National Capital District',1,0,170),(2786,'New Ireland',1,0,170),(2787,'North Solomons',1,0,170),(2788,'Oro',1,0,170),(2789,'Sandaun',1,0,170),(2790,'Simbu',1,0,170),(2791,'Southern Highlands',1,0,170),(2792,'West New Britain',1,0,170),(2793,'Western Highlands',1,0,170),(2794,'Alto Paraguay',1,0,171),(2795,'Alto Parana',1,0,171),(2796,'Amambay',1,0,171),(2797,'Asuncion',1,0,171),(2798,'Boqueron',1,0,171),(2799,'Caaguazu',1,0,171),(2800,'Caazapa',1,0,171),(2801,'Canendiyu',1,0,171),(2802,'Central',1,0,171),(2803,'Concepcion',1,0,171),(2804,'Cordillera',1,0,171),(2805,'Guaira',1,0,171),(2806,'Itapua',1,0,171),(2807,'Misiones',1,0,171),(2808,'Neembucu',1,0,171),(2809,'Paraguari',1,0,171),(2810,'Presidente Hayes',1,0,171),(2811,'San Pedro',1,0,171),(2812,'Amazonas',1,0,172),(2813,'Ancash',1,0,172),(2814,'Apurimac',1,0,172),(2815,'Arequipa',1,0,172),(2816,'Ayacucho',1,0,172),(2817,'Cajamarca',1,0,172),(2818,'Cusco',1,0,172),(2819,'Huancavelica',1,0,172),(2820,'Huanuco',1,0,172),(2821,'Ica',1,0,172),(2822,'Junin',1,0,172),(2823,'La Libertad',1,0,172),(2824,'Lambayeque',1,0,172),(2825,'Lima y Callao',1,0,172),(2826,'Loreto',1,0,172),(2827,'Madre de Dios',1,0,172),(2828,'Moquegua',1,0,172),(2829,'Pasco',1,0,172),(2830,'Piura',1,0,172),(2831,'Puno',1,0,172),(2832,'San Martin',1,0,172),(2833,'Tacna',1,0,172),(2834,'Tumbes',1,0,172),(2835,'Ucayali',1,0,172),(2836,'Batangas',1,0,173),(2837,'Bicol',1,0,173),(2838,'Bulacan',1,0,173),(2839,'Cagayan',1,0,173),(2840,'Caraga',1,0,173),(2841,'Central Luzon',1,0,173),(2842,'Central Mindanao',1,0,173),(2843,'Central Visayas',1,0,173),(2844,'Cordillera',1,0,173),(2845,'Davao',1,0,173),(2846,'Eastern Visayas',1,0,173),(2847,'Greater Metropolitan Area',1,0,173),(2848,'Ilocos',1,0,173),(2849,'Laguna',1,0,173),(2850,'Luzon',1,0,173),(2851,'Mactan',1,0,173),(2852,'Metropolitan Manila Area',1,0,173),(2853,'Muslim Mindanao',1,0,173),(2854,'Northern Mindanao',1,0,173),(2855,'Southern Mindanao',1,0,173),(2856,'Southern Tagalog',1,0,173),(2857,'Western Mindanao',1,0,173),(2858,'Western Visayas',1,0,173),(2859,'Pitcairn Island',1,0,174),(2860,'Biale Blota',1,0,175),(2861,'Dobroszyce',1,0,175),(2862,'Dolnoslaskie',1,0,175),(2863,'Dziekanow Lesny',1,0,175),(2864,'Hopowo',1,0,175),(2865,'Kartuzy',1,0,175),(2866,'Koscian',1,0,175),(2867,'Krakow',1,0,175),(2868,'Kujawsko-Pomorskie',1,0,175),(2869,'Lodzkie',1,0,175),(2870,'Lubelskie',1,0,175),(2871,'Lubuskie',1,0,175),(2872,'Malomice',1,0,175),(2873,'Malopolskie',1,0,175),(2874,'Mazowieckie',1,0,175),(2875,'Mirkow',1,0,175),(2876,'Opolskie',1,0,175),(2877,'Ostrowiec',1,0,175),(2878,'Podkarpackie',1,0,175),(2879,'Podlaskie',1,0,175),(2880,'Polska',1,0,175),(2881,'Pomorskie',1,0,175),(2882,'Poznan',1,0,175),(2883,'Pruszkow',1,0,175),(2884,'Rymanowska',1,0,175),(2885,'Rzeszow',1,0,175),(2886,'Slaskie',1,0,175),(2887,'Stare Pole',1,0,175),(2888,'Swietokrzyskie',1,0,175),(2889,'Warminsko-Mazurskie',1,0,175),(2890,'Warsaw',1,0,175),(2891,'Wejherowo',1,0,175),(2892,'Wielkopolskie',1,0,175),(2893,'Wroclaw',1,0,175),(2894,'Zachodnio-Pomorskie',1,0,175),(2895,'Zukowo',1,0,175),(2896,'Abrantes',1,0,176),(2897,'Acores',1,0,176),(2898,'Alentejo',1,0,176),(2899,'Algarve',1,0,176),(2900,'Braga',1,0,176),(2901,'Centro',1,0,176),(2902,'Distrito de Leiria',1,0,176),(2903,'Distrito de Viana do Castelo',1,0,176),(2904,'Distrito de Vila Real',1,0,176),(2905,'Distrito do Porto',1,0,176),(2906,'Lisboa e Vale do Tejo',1,0,176),(2907,'Madeira',1,0,176),(2908,'Norte',1,0,176),(2909,'Paivas',1,0,176),(2910,'Arecibo',1,0,177),(2911,'Bayamon',1,0,177),(2912,'Carolina',1,0,177),(2913,'Florida',1,0,177),(2914,'Guayama',1,0,177),(2915,'Humacao',1,0,177),(2916,'Mayaguez-Aguadilla',1,0,177),(2917,'Ponce',1,0,177),(2918,'Salinas',1,0,177),(2919,'San Juan',1,0,177),(2920,'Doha',1,0,178),(2921,'Jarian-al-Batnah',1,0,178),(2922,'Umm Salal',1,0,178),(2923,'ad-Dawhah',1,0,178),(2924,'al-Ghuwayriyah',1,0,178),(2925,'al-Jumayliyah',1,0,178),(2926,'al-Khawr',1,0,178),(2927,'al-Wakrah',1,0,178),(2928,'ar-Rayyan',1,0,178),(2929,'ash-Shamal',1,0,178),(2930,'Saint-Benoit',1,0,179),(2931,'Saint-Denis',1,0,179),(2932,'Saint-Paul',1,0,179),(2933,'Saint-Pierre',1,0,179),(2934,'Alba',1,0,180),(2935,'Arad',1,0,180),(2936,'Arges',1,0,180),(2937,'Bacau',1,0,180),(2938,'Bihor',1,0,180),(2939,'Bistrita-Nasaud',1,0,180),(2940,'Botosani',1,0,180),(2941,'Braila',1,0,180),(2942,'Brasov',1,0,180),(2943,'Bucuresti',1,0,180),(2944,'Buzau',1,0,180),(2945,'Calarasi',1,0,180),(2946,'Caras-Severin',1,0,180),(2947,'Cluj',1,0,180),(2948,'Constanta',1,0,180),(2949,'Covasna',1,0,180),(2950,'Dambovita',1,0,180),(2951,'Dolj',1,0,180),(2952,'Galati',1,0,180),(2953,'Giurgiu',1,0,180),(2954,'Gorj',1,0,180),(2955,'Harghita',1,0,180),(2956,'Hunedoara',1,0,180),(2957,'Ialomita',1,0,180),(2958,'Iasi',1,0,180),(2959,'Ilfov',1,0,180),(2960,'Maramures',1,0,180),(2961,'Mehedinti',1,0,180),(2962,'Mures',1,0,180),(2963,'Neamt',1,0,180),(2964,'Olt',1,0,180),(2965,'Prahova',1,0,180),(2966,'Salaj',1,0,180),(2967,'Satu Mare',1,0,180),(2968,'Sibiu',1,0,180),(2969,'Sondelor',1,0,180),(2970,'Suceava',1,0,180),(2971,'Teleorman',1,0,180),(2972,'Timis',1,0,180),(2973,'Tulcea',1,0,180),(2974,'Valcea',1,0,180),(2975,'Vaslui',1,0,180),(2976,'Vrancea',1,0,180),(2977,'Adygeja',1,0,181),(2978,'Aga',1,0,181),(2979,'Alanija',1,0,181),(2980,'Altaj',1,0,181),(2981,'Amur',1,0,181),(2982,'Arhangelsk',1,0,181),(2983,'Astrahan',1,0,181),(2984,'Bashkortostan',1,0,181),(2985,'Belgorod',1,0,181),(2986,'Brjansk',1,0,181),(2987,'Burjatija',1,0,181),(2988,'Chechenija',1,0,181),(2989,'Cheljabinsk',1,0,181),(2990,'Chita',1,0,181),(2991,'Chukotka',1,0,181),(2992,'Chuvashija',1,0,181),(2993,'Dagestan',1,0,181),(2994,'Evenkija',1,0,181),(2995,'Gorno-Altaj',1,0,181),(2996,'Habarovsk',1,0,181),(2997,'Hakasija',1,0,181),(2998,'Hanty-Mansija',1,0,181),(2999,'Ingusetija',1,0,181),(3000,'Irkutsk',1,0,181),(3001,'Ivanovo',1,0,181),(3002,'Jamalo-Nenets',1,0,181),(3003,'Jaroslavl',1,0,181),(3004,'Jevrej',1,0,181),(3005,'Kabardino-Balkarija',1,0,181),(3006,'Kaliningrad',1,0,181),(3007,'Kalmykija',1,0,181),(3008,'Kaluga',1,0,181),(3009,'Kamchatka',1,0,181),(3010,'Karachaj-Cherkessija',1,0,181),(3011,'Karelija',1,0,181),(3012,'Kemerovo',1,0,181),(3013,'Khabarovskiy Kray',1,0,181),(3014,'Kirov',1,0,181),(3015,'Komi',1,0,181),(3016,'Komi-Permjakija',1,0,181),(3017,'Korjakija',1,0,181),(3018,'Kostroma',1,0,181),(3019,'Krasnodar',1,0,181),(3020,'Krasnojarsk',1,0,181),(3021,'Krasnoyarskiy Kray',1,0,181),(3022,'Kurgan',1,0,181),(3023,'Kursk',1,0,181),(3024,'Leningrad',1,0,181),(3025,'Lipeck',1,0,181),(3026,'Magadan',1,0,181),(3027,'Marij El',1,0,181),(3028,'Mordovija',1,0,181),(3029,'Moscow',1,0,181),(3030,'Moskovskaja Oblast',1,0,181),(3031,'Moskovskaya Oblast',1,0,181),(3032,'Moskva',1,0,181),(3033,'Murmansk',1,0,181),(3034,'Nenets',1,0,181),(3035,'Nizhnij Novgorod',1,0,181),(3036,'Novgorod',1,0,181),(3037,'Novokusnezk',1,0,181),(3038,'Novosibirsk',1,0,181),(3039,'Omsk',1,0,181),(3040,'Orenburg',1,0,181),(3041,'Orjol',1,0,181),(3042,'Penza',1,0,181),(3043,'Perm',1,0,181),(3044,'Primorje',1,0,181),(3045,'Pskov',1,0,181),(3046,'Pskovskaya Oblast',1,0,181),(3047,'Rjazan',1,0,181),(3048,'Rostov',1,0,181),(3049,'Saha',1,0,181),(3050,'Sahalin',1,0,181),(3051,'Samara',1,0,181),(3052,'Samarskaya',1,0,181),(3053,'Sankt-Peterburg',1,0,181),(3054,'Saratov',1,0,181),(3055,'Smolensk',1,0,181),(3056,'Stavropol',1,0,181),(3057,'Sverdlovsk',1,0,181),(3058,'Tajmyrija',1,0,181),(3059,'Tambov',1,0,181),(3060,'Tatarstan',1,0,181),(3061,'Tjumen',1,0,181),(3062,'Tomsk',1,0,181),(3063,'Tula',1,0,181),(3064,'Tver',1,0,181),(3065,'Tyva',1,0,181),(3066,'Udmurtija',1,0,181),(3067,'Uljanovsk',1,0,181),(3068,'Ulyanovskaya Oblast',1,0,181),(3069,'Ust-Orda',1,0,181),(3070,'Vladimir',1,0,181),(3071,'Volgograd',1,0,181),(3072,'Vologda',1,0,181),(3073,'Voronezh',1,0,181),(3074,'Butare',1,0,182),(3075,'Byumba',1,0,182),(3076,'Cyangugu',1,0,182),(3077,'Gikongoro',1,0,182),(3078,'Gisenyi',1,0,182),(3079,'Gitarama',1,0,182),(3080,'Kibungo',1,0,182),(3081,'Kibuye',1,0,182),(3082,'Kigali-ngali',1,0,182),(3083,'Ruhengeri',1,0,182),(3084,'Ascension',1,0,183),(3085,'Gough Island',1,0,183),(3086,'Saint Helena',1,0,183),(3087,'Tristan da Cunha',1,0,183),(3088,'Christ Church Nichola Town',1,0,184),(3089,'Saint Anne Sandy Point',1,0,184),(3090,'Saint George Basseterre',1,0,184),(3091,'Saint George Gingerland',1,0,184),(3092,'Saint James Windward',1,0,184),(3093,'Saint John Capesterre',1,0,184),(3094,'Saint John Figtree',1,0,184),(3095,'Saint Mary Cayon',1,0,184),(3096,'Saint Paul Capesterre',1,0,184),(3097,'Saint Paul Charlestown',1,0,184),(3098,'Saint Peter Basseterre',1,0,184),(3099,'Saint Thomas Lowland',1,0,184),(3100,'Saint Thomas Middle Island',1,0,184),(3101,'Trinity Palmetto Point',1,0,184),(3102,'Anse-la-Raye',1,0,185),(3103,'Canaries',1,0,185),(3104,'Castries',1,0,185),(3105,'Choiseul',1,0,185),(3106,'Dennery',1,0,185),(3107,'Gros Inlet',1,0,185),(3108,'Laborie',1,0,185),(3109,'Micoud',1,0,185),(3110,'Soufriere',1,0,185),(3111,'Vieux Fort',1,0,185),(3112,'Miquelon-Langlade',1,0,186),(3113,'Saint-Pierre',1,0,186),(3114,'Charlotte',1,0,187),(3115,'Grenadines',1,0,187),(3116,'Saint Andrew',1,0,187),(3117,'Saint David',1,0,187),(3118,'Saint George',1,0,187),(3119,'Saint Patrick',1,0,187),(3120,'A\'ana',1,0,188),(3121,'Aiga-i-le-Tai',1,0,188),(3122,'Atua',1,0,188),(3123,'Fa\'asaleleaga',1,0,188),(3124,'Gaga\'emauga',1,0,188),(3125,'Gagaifomauga',1,0,188),(3126,'Palauli',1,0,188),(3127,'Satupa\'itea',1,0,188),(3128,'Tuamasaga',1,0,188),(3129,'Va\'a-o-Fonoti',1,0,188),(3130,'Vaisigano',1,0,188),(3131,'Acquaviva',1,0,189),(3132,'Borgo Maggiore',1,0,189),(3133,'Chiesanuova',1,0,189),(3134,'Domagnano',1,0,189),(3135,'Faetano',1,0,189),(3136,'Fiorentino',1,0,189),(3137,'Montegiardino',1,0,189),(3138,'San Marino',1,0,189),(3139,'Serravalle',1,0,189),(3140,'Agua Grande',1,0,190),(3141,'Cantagalo',1,0,190),(3142,'Lemba',1,0,190),(3143,'Lobata',1,0,190),(3144,'Me-Zochi',1,0,190),(3145,'Pague',1,0,190),(3146,'Al Khobar',1,0,191),(3147,'Aseer',1,0,191),(3148,'Ash Sharqiyah',1,0,191),(3149,'Asir',1,0,191),(3150,'Central Province',1,0,191),(3151,'Eastern Province',1,0,191),(3152,'Ha\'il',1,0,191),(3153,'Jawf',1,0,191),(3154,'Jizan',1,0,191),(3155,'Makkah',1,0,191),(3156,'Najran',1,0,191),(3157,'Qasim',1,0,191),(3158,'Tabuk',1,0,191),(3159,'Western Province',1,0,191),(3160,'al-Bahah',1,0,191),(3161,'al-Hudud-ash-Shamaliyah',1,0,191),(3162,'al-Madinah',1,0,191),(3163,'ar-Riyad',1,0,191),(3164,'Dakar',1,0,192),(3165,'Diourbel',1,0,192),(3166,'Fatick',1,0,192),(3167,'Kaolack',1,0,192),(3168,'Kolda',1,0,192),(3169,'Louga',1,0,192),(3170,'Saint-Louis',1,0,192),(3171,'Tambacounda',1,0,192),(3172,'Thies',1,0,192),(3173,'Ziguinchor',1,0,192),(3174,'Central Serbia',1,0,193),(3175,'Kosovo and Metohija',1,0,193),(3176,'Vojvodina',1,0,193),(3177,'Anse Boileau',1,0,194),(3178,'Anse Royale',1,0,194),(3179,'Cascade',1,0,194),(3180,'Takamaka',1,0,194),(3181,'Victoria',1,0,194),(3182,'Eastern',1,0,195),(3183,'Northern',1,0,195),(3184,'Southern',1,0,195),(3185,'Western',1,0,195),(3186,'Singapore',1,0,196),(3187,'Banskobystricky',1,0,197),(3188,'Bratislavsky',1,0,197),(3189,'Kosicky',1,0,197),(3190,'Nitriansky',1,0,197),(3191,'Presovsky',1,0,197),(3192,'Trenciansky',1,0,197),(3193,'Trnavsky',1,0,197),(3194,'Zilinsky',1,0,197),(3195,'Benedikt',1,0,198),(3196,'Gorenjska',1,0,198),(3197,'Gorishka',1,0,198),(3198,'Jugovzhodna Slovenija',1,0,198),(3199,'Koroshka',1,0,198),(3200,'Notranjsko-krashka',1,0,198),(3201,'Obalno-krashka',1,0,198),(3202,'Obcina Domzale',1,0,198),(3203,'Obcina Vitanje',1,0,198),(3204,'Osrednjeslovenska',1,0,198),(3205,'Podravska',1,0,198),(3206,'Pomurska',1,0,198),(3207,'Savinjska',1,0,198),(3208,'Slovenian Littoral',1,0,198),(3209,'Spodnjeposavska',1,0,198),(3210,'Zasavska',1,0,198),(3211,'Pitcairn',1,0,199),(3212,'Central',1,0,200),(3213,'Choiseul',1,0,200),(3214,'Guadalcanal',1,0,200),(3215,'Isabel',1,0,200),(3216,'Makira and Ulawa',1,0,200),(3217,'Malaita',1,0,200),(3218,'Rennell and Bellona',1,0,200),(3219,'Temotu',1,0,200),(3220,'Western',1,0,200),(3221,'Awdal',1,0,201),(3222,'Bakol',1,0,201),(3223,'Banadir',1,0,201),(3224,'Bari',1,0,201),(3225,'Bay',1,0,201),(3226,'Galgudug',1,0,201),(3227,'Gedo',1,0,201),(3228,'Hiran',1,0,201),(3229,'Jubbada Hose',1,0,201),(3230,'Jubbadha Dexe',1,0,201),(3231,'Mudug',1,0,201),(3232,'Nugal',1,0,201),(3233,'Sanag',1,0,201),(3234,'Shabellaha Dhexe',1,0,201),(3235,'Shabellaha Hose',1,0,201),(3236,'Togdher',1,0,201),(3237,'Woqoyi Galbed',1,0,201),(3238,'Eastern Cape',1,0,202),(3239,'Free State',1,0,202),(3240,'Gauteng',1,0,202),(3241,'Kempton Park',1,0,202),(3242,'Kramerville',1,0,202),(3243,'KwaZulu Natal',1,0,202),(3244,'Limpopo',1,0,202),(3245,'Mpumalanga',1,0,202),(3246,'North West',1,0,202),(3247,'Northern Cape',1,0,202),(3248,'Parow',1,0,202),(3249,'Table View',1,0,202),(3250,'Umtentweni',1,0,202),(3251,'Western Cape',1,0,202),(3252,'South Georgia',1,0,203),(3253,'Central Equatoria',1,0,204),(3254,'A Coruna',1,0,205),(3255,'Alacant',1,0,205),(3256,'Alava',1,0,205),(3257,'Albacete',1,0,205),(3258,'Almeria',1,0,205),(3260,'Asturias',1,0,205),(3261,'Avila',1,0,205),(3262,'Badajoz',1,0,205),(3263,'Balears',1,0,205),(3264,'Barcelona',1,0,205),(3267,'Burgos',1,0,205),(3268,'Caceres',1,0,205),(3269,'Cadiz',1,0,205),(3270,'Cantabria',1,0,205),(3271,'Castello',1,0,205),(3273,'Ceuta',1,0,205),(3274,'Ciudad Real',1,0,205),(3281,'Cordoba',1,0,205),(3282,'Cuenca',1,0,205),(3284,'Girona',1,0,205),(3285,'Granada',1,0,205),(3286,'Guadalajara',1,0,205),(3287,'Guipuzcoa',1,0,205),(3288,'Huelva',1,0,205),(3289,'Huesca',1,0,205),(3290,'Jaen',1,0,205),(3291,'La Rioja',1,0,205),(3292,'Las Palmas',1,0,205),(3293,'Leon',1,0,205),(3295,'Lleida',1,0,205),(3296,'Lugo',1,0,205),(3297,'Madrid',1,0,205),(3298,'Malaga',1,0,205),(3299,'Melilla',1,0,205),(3300,'Murcia',1,0,205),(3301,'Navarra',1,0,205),(3302,'Ourense',1,0,205),(3303,'Pais Vasco',1,0,205),(3304,'Palencia',1,0,205),(3305,'Pontevedra',1,0,205),(3306,'Salamanca',1,0,205),(3308,'Segovia',1,0,205),(3309,'Sevilla',1,0,205),(3310,'Soria',1,0,205),(3311,'Tarragona',1,0,205),(3312,'Santa Cruz de Tenerife',1,0,205),(3313,'Teruel',1,0,205),(3314,'Toledo',1,0,205),(3315,'Valencia',1,0,205),(3316,'Valladolid',1,0,205),(3317,'Vizcaya',1,0,205),(3318,'Zamora',1,0,205),(3319,'Zaragoza',1,0,205),(3320,'Amparai',1,0,206),(3321,'Anuradhapuraya',1,0,206),(3322,'Badulla',1,0,206),(3323,'Boralesgamuwa',1,0,206),(3324,'Colombo',1,0,206),(3325,'Galla',1,0,206),(3326,'Gampaha',1,0,206),(3327,'Hambantota',1,0,206),(3328,'Kalatura',1,0,206),(3329,'Kegalla',1,0,206),(3330,'Kilinochchi',1,0,206),(3331,'Kurunegala',1,0,206),(3332,'Madakalpuwa',1,0,206),(3333,'Maha Nuwara',1,0,206),(3334,'Malwana',1,0,206),(3335,'Mannarama',1,0,206),(3336,'Matale',1,0,206),(3337,'Matara',1,0,206),(3338,'Monaragala',1,0,206),(3339,'Mullaitivu',1,0,206),(3340,'North Eastern Province',1,0,206),(3341,'North Western Province',1,0,206),(3342,'Nuwara Eliya',1,0,206),(3343,'Polonnaruwa',1,0,206),(3344,'Puttalama',1,0,206),(3345,'Ratnapuraya',1,0,206),(3346,'Southern Province',1,0,206),(3347,'Tirikunamalaya',1,0,206),(3348,'Tuscany',1,0,206),(3349,'Vavuniyawa',1,0,206),(3350,'Western Province',1,0,206),(3351,'Yapanaya',1,0,206),(3352,'kadawatha',1,0,206),(3353,'A\'ali-an-Nil',1,0,207),(3354,'Bahr-al-Jabal',1,0,207),(3355,'Central Equatoria',1,0,207),(3356,'Gharb Bahr-al-Ghazal',1,0,207),(3357,'Gharb Darfur',1,0,207),(3358,'Gharb Kurdufan',1,0,207),(3359,'Gharb-al-Istiwa\'iyah',1,0,207),(3360,'Janub Darfur',1,0,207),(3361,'Janub Kurdufan',1,0,207),(3362,'Junqali',1,0,207),(3363,'Kassala',1,0,207),(3364,'Nahr-an-Nil',1,0,207),(3365,'Shamal Bahr-al-Ghazal',1,0,207),(3366,'Shamal Darfur',1,0,207),(3367,'Shamal Kurdufan',1,0,207),(3368,'Sharq-al-Istiwa\'iyah',1,0,207),(3369,'Sinnar',1,0,207),(3370,'Warab',1,0,207),(3371,'Wilayat al Khartum',1,0,207),(3372,'al-Bahr-al-Ahmar',1,0,207),(3373,'al-Buhayrat',1,0,207),(3374,'al-Jazirah',1,0,207),(3375,'al-Khartum',1,0,207),(3376,'al-Qadarif',1,0,207),(3377,'al-Wahdah',1,0,207),(3378,'an-Nil-al-Abyad',1,0,207),(3379,'an-Nil-al-Azraq',1,0,207),(3380,'ash-Shamaliyah',1,0,207),(3381,'Brokopondo',1,0,208),(3382,'Commewijne',1,0,208),(3383,'Coronie',1,0,208),(3384,'Marowijne',1,0,208),(3385,'Nickerie',1,0,208),(3386,'Para',1,0,208),(3387,'Paramaribo',1,0,208),(3388,'Saramacca',1,0,208),(3389,'Wanica',1,0,208),(3390,'Svalbard',1,0,209),(3391,'Hhohho',1,0,210),(3392,'Lubombo',1,0,210),(3393,'Manzini',1,0,210),(3394,'Shiselweni',1,0,210),(3395,'Alvsborgs Lan',1,0,211),(3396,'Angermanland',1,0,211),(3397,'Blekinge',1,0,211),(3398,'Bohuslan',1,0,211),(3399,'Dalarna',1,0,211),(3400,'Gavleborg',1,0,211),(3401,'Gaza',1,0,211),(3402,'Gotland',1,0,211),(3403,'Halland',1,0,211),(3404,'Jamtland',1,0,211),(3405,'Jonkoping',1,0,211),(3406,'Kalmar',1,0,211),(3407,'Kristianstads',1,0,211),(3408,'Kronoberg',1,0,211),(3409,'Norrbotten',1,0,211),(3410,'Orebro',1,0,211),(3411,'Ostergotland',1,0,211),(3412,'Saltsjo-Boo',1,0,211),(3413,'Skane',1,0,211),(3414,'Smaland',1,0,211),(3415,'Sodermanland',1,0,211),(3416,'Stockholm',1,0,211),(3417,'Uppsala',1,0,211),(3418,'Varmland',1,0,211),(3419,'Vasterbotten',1,0,211),(3420,'Vastergotland',1,0,211),(3421,'Vasternorrland',1,0,211),(3422,'Vastmanland',1,0,211),(3423,'Vastra Gotaland',1,0,211),(3424,'Aargau',1,0,212),(3425,'Appenzell Inner-Rhoden',1,0,212),(3426,'Appenzell-Ausser Rhoden',1,0,212),(3427,'Basel-Landschaft',1,0,212),(3428,'Basel-Stadt',1,0,212),(3429,'Bern',1,0,212),(3430,'Canton Ticino',1,0,212),(3431,'Fribourg',1,0,212),(3432,'Geneve',1,0,212),(3433,'Glarus',1,0,212),(3434,'Graubunden',1,0,212),(3435,'Heerbrugg',1,0,212),(3436,'Jura',1,0,212),(3437,'Kanton Aargau',1,0,212),(3438,'Luzern',1,0,212),(3439,'Morbio Inferiore',1,0,212),(3440,'Muhen',1,0,212),(3441,'Neuchatel',1,0,212),(3442,'Nidwalden',1,0,212),(3443,'Obwalden',1,0,212),(3444,'Sankt Gallen',1,0,212),(3445,'Schaffhausen',1,0,212),(3446,'Schwyz',1,0,212),(3447,'Solothurn',1,0,212),(3448,'Thurgau',1,0,212),(3449,'Ticino',1,0,212),(3450,'Uri',1,0,212),(3451,'Valais',1,0,212),(3452,'Vaud',1,0,212),(3453,'Vauffelin',1,0,212),(3454,'Zug',1,0,212),(3455,'Zurich',1,0,212),(3456,'Aleppo',1,0,213),(3457,'Dar\'a',1,0,213),(3458,'Dayr-az-Zawr',1,0,213),(3459,'Dimashq',1,0,213),(3460,'Halab',1,0,213),(3461,'Hamah',1,0,213),(3462,'Hims',1,0,213),(3463,'Idlib',1,0,213),(3464,'Madinat Dimashq',1,0,213),(3465,'Tartus',1,0,213),(3466,'al-Hasakah',1,0,213),(3467,'al-Ladhiqiyah',1,0,213),(3468,'al-Qunaytirah',1,0,213),(3469,'ar-Raqqah',1,0,213),(3470,'as-Suwayda',1,0,213),(3471,'Changhua County',1,0,214),(3472,'Chiayi County',1,0,214),(3473,'Chiayi City',1,0,214),(3474,'Taipei City',1,0,214),(3475,'Hsinchu County',1,0,214),(3476,'Hsinchu City',1,0,214),(3477,'Hualien County',1,0,214),(3480,'Kaohsiung City',1,0,214),(3481,'Keelung City',1,0,214),(3482,'Kinmen County',1,0,214),(3483,'Miaoli County',1,0,214),(3484,'Nantou County',1,0,214),(3486,'Penghu County',1,0,214),(3487,'Pingtung County',1,0,214),(3488,'Taichung City',1,0,214),(3492,'Tainan City',1,0,214),(3493,'New Taipei City',1,0,214),(3495,'Taitung County',1,0,214),(3496,'Taoyuan City',1,0,214),(3497,'Yilan County',1,0,214),(3498,'YunLin County',1,0,214),(3500,'Dushanbe',1,0,215),(3501,'Gorno-Badakhshan',1,0,215),(3502,'Karotegin',1,0,215),(3503,'Khatlon',1,0,215),(3504,'Sughd',1,0,215),(3505,'Arusha',1,0,216),(3506,'Dar es Salaam',1,0,216),(3507,'Dodoma',1,0,216),(3508,'Iringa',1,0,216),(3509,'Kagera',1,0,216),(3510,'Kigoma',1,0,216),(3511,'Kilimanjaro',1,0,216),(3512,'Lindi',1,0,216),(3513,'Mara',1,0,216),(3514,'Mbeya',1,0,216),(3515,'Morogoro',1,0,216),(3516,'Mtwara',1,0,216),(3517,'Mwanza',1,0,216),(3518,'Pwani',1,0,216),(3519,'Rukwa',1,0,216),(3520,'Ruvuma',1,0,216),(3521,'Shinyanga',1,0,216),(3522,'Singida',1,0,216),(3523,'Tabora',1,0,216),(3524,'Tanga',1,0,216),(3525,'Zanzibar and Pemba',1,0,216),(3526,'Amnat Charoen',1,0,217),(3527,'Ang Thong',1,0,217),(3528,'Bangkok',1,0,217),(3529,'Buri Ram',1,0,217),(3530,'Chachoengsao',1,0,217),(3531,'Chai Nat',1,0,217),(3532,'Chaiyaphum',1,0,217),(3533,'Changwat Chaiyaphum',1,0,217),(3534,'Chanthaburi',1,0,217),(3535,'Chiang Mai',1,0,217),(3536,'Chiang Rai',1,0,217),(3537,'Chon Buri',1,0,217),(3538,'Chumphon',1,0,217),(3539,'Kalasin',1,0,217),(3540,'Kamphaeng Phet',1,0,217),(3541,'Kanchanaburi',1,0,217),(3542,'Khon Kaen',1,0,217),(3543,'Krabi',1,0,217),(3544,'Krung Thep',1,0,217),(3545,'Lampang',1,0,217),(3546,'Lamphun',1,0,217),(3547,'Loei',1,0,217),(3548,'Lop Buri',1,0,217),(3549,'Mae Hong Son',1,0,217),(3550,'Maha Sarakham',1,0,217),(3551,'Mukdahan',1,0,217),(3552,'Nakhon Nayok',1,0,217),(3553,'Nakhon Pathom',1,0,217),(3554,'Nakhon Phanom',1,0,217),(3555,'Nakhon Ratchasima',1,0,217),(3556,'Nakhon Sawan',1,0,217),(3557,'Nakhon Si Thammarat',1,0,217),(3558,'Nan',1,0,217),(3559,'Narathiwat',1,0,217),(3560,'Nong Bua Lam Phu',1,0,217),(3561,'Nong Khai',1,0,217),(3562,'Nonthaburi',1,0,217),(3563,'Pathum Thani',1,0,217),(3564,'Pattani',1,0,217),(3565,'Phangnga',1,0,217),(3566,'Phatthalung',1,0,217),(3567,'Phayao',1,0,217),(3568,'Phetchabun',1,0,217),(3569,'Phetchaburi',1,0,217),(3570,'Phichit',1,0,217),(3571,'Phitsanulok',1,0,217),(3572,'Phra Nakhon Si Ayutthaya',1,0,217),(3573,'Phrae',1,0,217),(3574,'Phuket',1,0,217),(3575,'Prachin Buri',1,0,217),(3576,'Prachuap Khiri Khan',1,0,217),(3577,'Ranong',1,0,217),(3578,'Ratchaburi',1,0,217),(3579,'Rayong',1,0,217),(3580,'Roi Et',1,0,217),(3581,'Sa Kaeo',1,0,217),(3582,'Sakon Nakhon',1,0,217),(3583,'Samut Prakan',1,0,217),(3584,'Samut Sakhon',1,0,217),(3585,'Samut Songkhran',1,0,217),(3586,'Saraburi',1,0,217),(3587,'Satun',1,0,217),(3588,'Si Sa Ket',1,0,217),(3589,'Sing Buri',1,0,217),(3590,'Songkhla',1,0,217),(3591,'Sukhothai',1,0,217),(3592,'Suphan Buri',1,0,217),(3593,'Surat Thani',1,0,217),(3594,'Surin',1,0,217),(3595,'Tak',1,0,217),(3596,'Trang',1,0,217),(3597,'Trat',1,0,217),(3598,'Ubon Ratchathani',1,0,217),(3599,'Udon Thani',1,0,217),(3600,'Uthai Thani',1,0,217),(3601,'Uttaradit',1,0,217),(3602,'Yala',1,0,217),(3603,'Yasothon',1,0,217),(3604,'Centre',1,0,218),(3605,'Kara',1,0,218),(3606,'Maritime',1,0,218),(3607,'Plateaux',1,0,218),(3608,'Savanes',1,0,218),(3609,'Atafu',1,0,219),(3610,'Fakaofo',1,0,219),(3611,'Nukunonu',1,0,219),(3612,'Eua',1,0,220),(3613,'Ha\'apai',1,0,220),(3614,'Niuas',1,0,220),(3615,'Tongatapu',1,0,220),(3616,'Vava\'u',1,0,220),(3617,'Arima-Tunapuna-Piarco',1,0,221),(3618,'Caroni',1,0,221),(3619,'Chaguanas',1,0,221),(3620,'Couva-Tabaquite-Talparo',1,0,221),(3621,'Diego Martin',1,0,221),(3622,'Glencoe',1,0,221),(3623,'Penal Debe',1,0,221),(3624,'Point Fortin',1,0,221),(3625,'Port of Spain',1,0,221),(3626,'Princes Town',1,0,221),(3627,'Saint George',1,0,221),(3628,'San Fernando',1,0,221),(3629,'San Juan',1,0,221),(3630,'Sangre Grande',1,0,221),(3631,'Siparia',1,0,221),(3632,'Tobago',1,0,221),(3633,'Aryanah',1,0,222),(3634,'Bajah',1,0,222),(3635,'Bin \'Arus',1,0,222),(3636,'Binzart',1,0,222),(3637,'Gouvernorat de Ariana',1,0,222),(3638,'Gouvernorat de Nabeul',1,0,222),(3639,'Gouvernorat de Sousse',1,0,222),(3640,'Hammamet Yasmine',1,0,222),(3641,'Jundubah',1,0,222),(3642,'Madaniyin',1,0,222),(3643,'Manubah',1,0,222),(3644,'Monastir',1,0,222),(3645,'Nabul',1,0,222),(3646,'Qabis',1,0,222),(3647,'Qafsah',1,0,222),(3648,'Qibili',1,0,222),(3649,'Safaqis',1,0,222),(3650,'Sfax',1,0,222),(3651,'Sidi Bu Zayd',1,0,222),(3652,'Silyanah',1,0,222),(3653,'Susah',1,0,222),(3654,'Tatawin',1,0,222),(3655,'Tawzar',1,0,222),(3656,'Tunis',1,0,222),(3657,'Zaghwan',1,0,222),(3658,'al-Kaf',1,0,222),(3659,'al-Mahdiyah',1,0,222),(3660,'al-Munastir',1,0,222),(3661,'al-Qasrayn',1,0,222),(3662,'al-Qayrawan',1,0,222),(3663,'Adana',1,0,223),(3664,'Adiyaman',1,0,223),(3665,'Afyon',1,0,223),(3666,'Agri',1,0,223),(3667,'Aksaray',1,0,223),(3668,'Amasya',1,0,223),(3669,'Ankara',1,0,223),(3670,'Antalya',1,0,223),(3671,'Ardahan',1,0,223),(3672,'Artvin',1,0,223),(3673,'Aydin',1,0,223),(3674,'Balikesir',1,0,223),(3675,'Bartin',1,0,223),(3676,'Batman',1,0,223),(3677,'Bayburt',1,0,223),(3678,'Bilecik',1,0,223),(3679,'Bingol',1,0,223),(3680,'Bitlis',1,0,223),(3681,'Bolu',1,0,223),(3682,'Burdur',1,0,223),(3683,'Bursa',1,0,223),(3684,'Canakkale',1,0,223),(3685,'Cankiri',1,0,223),(3686,'Corum',1,0,223),(3687,'Denizli',1,0,223),(3688,'Diyarbakir',1,0,223),(3689,'Duzce',1,0,223),(3690,'Edirne',1,0,223),(3691,'Elazig',1,0,223),(3692,'Erzincan',1,0,223),(3693,'Erzurum',1,0,223),(3694,'Eskisehir',1,0,223),(3695,'Gaziantep',1,0,223),(3696,'Giresun',1,0,223),(3697,'Gumushane',1,0,223),(3698,'Hakkari',1,0,223),(3699,'Hatay',1,0,223),(3700,'Icel',1,0,223),(3701,'Igdir',1,0,223),(3702,'Isparta',1,0,223),(3703,'Istanbul',1,0,223),(3704,'Izmir',1,0,223),(3705,'Kahramanmaras',1,0,223),(3706,'Karabuk',1,0,223),(3707,'Karaman',1,0,223),(3708,'Kars',1,0,223),(3709,'Karsiyaka',1,0,223),(3710,'Kastamonu',1,0,223),(3711,'Kayseri',1,0,223),(3712,'Kilis',1,0,223),(3713,'Kirikkale',1,0,223),(3714,'Kirklareli',1,0,223),(3715,'Kirsehir',1,0,223),(3716,'Kocaeli',1,0,223),(3717,'Konya',1,0,223),(3718,'Kutahya',1,0,223),(3719,'Lefkosa',1,0,223),(3720,'Malatya',1,0,223),(3721,'Manisa',1,0,223),(3722,'Mardin',1,0,223),(3723,'Mugla',1,0,223),(3724,'Mus',1,0,223),(3725,'Nevsehir',1,0,223),(3726,'Nigde',1,0,223),(3727,'Ordu',1,0,223),(3728,'Osmaniye',1,0,223),(3729,'Rize',1,0,223),(3730,'Sakarya',1,0,223),(3731,'Samsun',1,0,223),(3732,'Sanliurfa',1,0,223),(3733,'Siirt',1,0,223),(3734,'Sinop',1,0,223),(3735,'Sirnak',1,0,223),(3736,'Sivas',1,0,223),(3737,'Tekirdag',1,0,223),(3738,'Tokat',1,0,223),(3739,'Trabzon',1,0,223),(3740,'Tunceli',1,0,223),(3741,'Usak',1,0,223),(3742,'Van',1,0,223),(3743,'Yalova',1,0,223),(3744,'Yozgat',1,0,223),(3745,'Zonguldak',1,0,223),(3746,'Ahal',1,0,224),(3747,'Asgabat',1,0,224),(3748,'Balkan',1,0,224),(3749,'Dasoguz',1,0,224),(3750,'Lebap',1,0,224),(3751,'Mari',1,0,224),(3752,'Grand Turk',1,0,225),(3753,'South Caicos and East Caicos',1,0,225),(3754,'Funafuti',1,0,226),(3755,'Nanumanga',1,0,226),(3756,'Nanumea',1,0,226),(3757,'Niutao',1,0,226),(3758,'Nui',1,0,226),(3759,'Nukufetau',1,0,226),(3760,'Nukulaelae',1,0,226),(3761,'Vaitupu',1,0,226),(3762,'Central',1,0,227),(3763,'Eastern',1,0,227),(3764,'Northern',1,0,227),(3765,'Western',1,0,227),(3766,'Cherkas\'ka',1,0,228),(3767,'Chernihivs\'ka',1,0,228),(3768,'Chernivets\'ka',1,0,228),(3769,'Crimea',1,0,228),(3770,'Dnipropetrovska',1,0,228),(3771,'Donets\'ka',1,0,228),(3772,'Ivano-Frankivs\'ka',1,0,228),(3773,'Kharkiv',1,0,228),(3774,'Kharkov',1,0,228),(3775,'Khersonska',1,0,228),(3776,'Khmel\'nyts\'ka',1,0,228),(3777,'Kirovohrad',1,0,228),(3778,'Krym',1,0,228),(3779,'Kyyiv',1,0,228),(3780,'Kyyivs\'ka',1,0,228),(3781,'L\'vivs\'ka',1,0,228),(3782,'Luhans\'ka',1,0,228),(3783,'Mykolayivs\'ka',1,0,228),(3784,'Odes\'ka',1,0,228),(3785,'Odessa',1,0,228),(3786,'Poltavs\'ka',1,0,228),(3787,'Rivnens\'ka',1,0,228),(3788,'Sevastopol\'',1,0,228),(3789,'Sums\'ka',1,0,228),(3790,'Ternopil\'s\'ka',1,0,228),(3791,'Volyns\'ka',1,0,228),(3792,'Vynnyts\'ka',1,0,228),(3793,'Zakarpats\'ka',1,0,228),(3794,'Zaporizhia',1,0,228),(3795,'Zhytomyrs\'ka',1,0,228),(3796,'Abu Zabi',1,0,229),(3797,'Ajman',1,0,229),(3798,'Dubai',1,0,229),(3799,'Ras al-Khaymah',1,0,229),(3800,'Sharjah',1,0,229),(3801,'Sharjha',1,0,229),(3802,'Umm al Qaywayn',1,0,229),(3803,'al-Fujayrah',1,0,229),(3804,'ash-Shariqah',1,0,229),(3805,'Aberdeen',1,0,230),(3806,'Aberdeenshire',1,0,230),(3807,'Argyll',1,0,230),(3808,'Armagh',1,0,230),(3809,'Bedfordshire',1,0,230),(3810,'Belfast',1,0,230),(3811,'Berkshire',1,0,230),(3812,'Birmingham',1,0,230),(3813,'Brechin',1,0,230),(3814,'Bridgnorth',1,0,230),(3815,'Bristol',1,0,230),(3816,'Buckinghamshire',1,0,230),(3817,'Cambridge',1,0,230),(3818,'Cambridgeshire',1,0,230),(3819,'Channel Islands',1,0,230),(3820,'Cheshire',1,0,230),(3821,'Cleveland',1,0,230),(3822,'Co Fermanagh',1,0,230),(3823,'Conwy',1,0,230),(3824,'Cornwall',1,0,230),(3825,'Coventry',1,0,230),(3826,'Craven Arms',1,0,230),(3827,'Cumbria',1,0,230),(3828,'Denbighshire',1,0,230),(3829,'Derby',1,0,230),(3830,'Derbyshire',1,0,230),(3831,'Devon',1,0,230),(3832,'Dial Code Dungannon',1,0,230),(3833,'Didcot',1,0,230),(3834,'Dorset',1,0,230),(3835,'Dunbartonshire',1,0,230),(3836,'Durham',1,0,230),(3837,'East Dunbartonshire',1,0,230),(3838,'East Lothian',1,0,230),(3839,'East Midlands',1,0,230),(3840,'East Sussex',1,0,230),(3841,'East Yorkshire',1,0,230),(3842,'England',1,0,230),(3843,'Essex',1,0,230),(3844,'Fermanagh',1,0,230),(3845,'Fife',1,0,230),(3846,'Flintshire',1,0,230),(3847,'Fulham',1,0,230),(3848,'Gainsborough',1,0,230),(3849,'Glocestershire',1,0,230),(3850,'Gwent',1,0,230),(3851,'Hampshire',1,0,230),(3852,'Hants',1,0,230),(3853,'Herefordshire',1,0,230),(3854,'Hertfordshire',1,0,230),(3855,'Ireland',1,0,230),(3856,'Isle Of Man',1,0,230),(3857,'Isle of Wight',1,0,230),(3858,'Kenford',1,0,230),(3859,'Kent',1,0,230),(3860,'Kilmarnock',1,0,230),(3861,'Lanarkshire',1,0,230),(3862,'Lancashire',1,0,230),(3863,'Leicestershire',1,0,230),(3864,'Lincolnshire',1,0,230),(3865,'Llanymynech',1,0,230),(3866,'London',1,0,230),(3867,'Ludlow',1,0,230),(3868,'Manchester',1,0,230),(3869,'Mayfair',1,0,230),(3870,'Merseyside',1,0,230),(3871,'Mid Glamorgan',1,0,230),(3872,'Middlesex',1,0,230),(3873,'Mildenhall',1,0,230),(3874,'Monmouthshire',1,0,230),(3875,'Newton Stewart',1,0,230),(3876,'Norfolk',1,0,230),(3877,'North Humberside',1,0,230),(3878,'North Yorkshire',1,0,230),(3879,'Northamptonshire',1,0,230),(3880,'Northants',1,0,230),(3881,'Northern Ireland',1,0,230),(3882,'Northumberland',1,0,230),(3883,'Nottinghamshire',1,0,230),(3884,'Oxford',1,0,230),(3885,'Powys',1,0,230),(3886,'Roos-shire',1,0,230),(3887,'SUSSEX',1,0,230),(3888,'Sark',1,0,230),(3889,'Scotland',1,0,230),(3890,'Scottish Borders',1,0,230),(3891,'Shropshire',1,0,230),(3892,'Somerset',1,0,230),(3893,'South Glamorgan',1,0,230),(3894,'South Wales',1,0,230),(3895,'South Yorkshire',1,0,230),(3896,'Southwell',1,0,230),(3897,'Staffordshire',1,0,230),(3898,'Strabane',1,0,230),(3899,'Suffolk',1,0,230),(3900,'Surrey',1,0,230),(3901,'Sussex',1,0,230),(3902,'Twickenham',1,0,230),(3903,'Tyne and Wear',1,0,230),(3904,'Tyrone',1,0,230),(3905,'Utah',1,0,230),(3906,'Wales',1,0,230),(3907,'Warwickshire',1,0,230),(3908,'West Lothian',1,0,230),(3909,'West Midlands',1,0,230),(3910,'West Sussex',1,0,230),(3911,'West Yorkshire',1,0,230),(3912,'Whissendine',1,0,230),(3913,'Wiltshire',1,0,230),(3914,'Wokingham',1,0,230),(3915,'Worcestershire',1,0,230),(3916,'Wrexham',1,0,230),(3917,'Wurttemberg',1,0,230),(3918,'Yorkshire',1,0,230),(3919,'Alabama',1,0,231),(3920,'Alaska',1,0,231),(3921,'Arizona',1,0,231),(3922,'Arkansas',1,0,231),(3924,'California',1,0,231),(3926,'Colorado',1,0,231),(3927,'Connecticut',1,0,231),(3928,'Delaware',1,0,231),(3929,'District of Columbia',1,0,231),(3930,'Florida',1,0,231),(3931,'Georgia',1,0,231),(3932,'Hawaii',1,0,231),(3933,'Idaho',1,0,231),(3934,'Illinois',1,0,231),(3935,'Indiana',1,0,231),(3936,'Iowa',1,0,231),(3937,'Kansas',1,0,231),(3938,'Kentucky',1,0,231),(3939,'Louisiana',1,0,231),(3940,'lowa',1,0,231),(3941,'Maine',1,0,231),(3942,'Maryland',1,0,231),(3943,'Massachusetts',1,0,231),(3945,'Michigan',1,0,231),(3946,'Minnesota',1,0,231),(3947,'Mississippi',1,0,231),(3948,'Missouri',1,0,231),(3949,'Montana',1,0,231),(3950,'Nebraska',1,0,231),(3951,'Nevada',1,0,231),(3952,'New Hampshire',1,0,231),(3953,'New Jersey',1,0,231),(3955,'New Mexico',1,0,231),(3956,'New York',1,0,231),(3957,'North Carolina',1,0,231),(3958,'North Dakota',1,0,231),(3959,'Ohio',1,0,231),(3960,'Oklahoma',1,0,231),(3962,'Oregon',1,0,231),(3963,'Pennsylvania',1,0,231),(3965,'Rhode Island',1,0,231),(3966,'South Carolina',1,0,231),(3967,'South Dakota',1,0,231),(3969,'Tennessee',1,0,231),(3970,'Texas',1,0,231),(3972,'Utah',1,0,231),(3973,'Vermont',1,0,231),(3974,'Virginia',1,0,231),(3975,'Washington',1,0,231),(3976,'West Virginia',1,0,231),(3977,'Wisconsin',1,0,231),(3978,'Wyoming',1,0,231),(3979,'United States Minor Outlying I',1,0,232),(3980,'Artigas',1,0,233),(3981,'Canelones',1,0,233),(3982,'Cerro Largo',1,0,233),(3983,'Colonia',1,0,233),(3984,'Durazno',1,0,233),(3985,'FLorida',1,0,233),(3986,'Flores',1,0,233),(3987,'Lavalleja',1,0,233),(3988,'Maldonado',1,0,233),(3989,'Montevideo',1,0,233),(3990,'Paysandu',1,0,233),(3991,'Rio Negro',1,0,233),(3992,'Rivera',1,0,233),(3993,'Rocha',1,0,233),(3994,'Salto',1,0,233),(3995,'San Jose',1,0,233),(3996,'Soriano',1,0,233),(3997,'Tacuarembo',1,0,233),(3998,'Treinta y Tres',1,0,233),(3999,'Andijon',1,0,234),(4000,'Buhoro',1,0,234),(4001,'Buxoro Viloyati',1,0,234),(4002,'Cizah',1,0,234),(4003,'Fargona',1,0,234),(4004,'Horazm',1,0,234),(4005,'Kaskadar',1,0,234),(4006,'Korakalpogiston',1,0,234),(4007,'Namangan',1,0,234),(4008,'Navoi',1,0,234),(4009,'Samarkand',1,0,234),(4010,'Sirdare',1,0,234),(4011,'Surhondar',1,0,234),(4012,'Toskent',1,0,234),(4013,'Malampa',1,0,235),(4014,'Penama',1,0,235),(4015,'Sanma',1,0,235),(4016,'Shefa',1,0,235),(4017,'Tafea',1,0,235),(4018,'Torba',1,0,235),(4019,'Vatican City State (Holy See)',1,0,236),(4020,'Amazonas',1,0,237),(4021,'Anzoategui',1,0,237),(4022,'Apure',1,0,237),(4023,'Aragua',1,0,237),(4024,'Barinas',1,0,237),(4025,'Bolivar',1,0,237),(4026,'Carabobo',1,0,237),(4027,'Cojedes',1,0,237),(4028,'Delta Amacuro',1,0,237),(4029,'Distrito Federal',1,0,237),(4030,'Falcon',1,0,237),(4031,'Guarico',1,0,237),(4032,'Lara',1,0,237),(4033,'Merida',1,0,237),(4034,'Miranda',1,0,237),(4035,'Monagas',1,0,237),(4036,'Nueva Esparta',1,0,237),(4037,'Portuguesa',1,0,237),(4038,'Sucre',1,0,237),(4039,'Tachira',1,0,237),(4040,'Trujillo',1,0,237),(4041,'Vargas',1,0,237),(4042,'Yaracuy',1,0,237),(4043,'Zulia',1,0,237),(4044,'Bac Giang',1,0,238),(4045,'Binh Dinh',1,0,238),(4046,'Binh Duong',1,0,238),(4047,'Da Nang',1,0,238),(4048,'Dong Bang Song Cuu Long',1,0,238),(4049,'Dong Bang Song Hong',1,0,238),(4050,'Dong Nai',1,0,238),(4051,'Dong Nam Bo',1,0,238),(4052,'Duyen Hai Mien Trung',1,0,238),(4053,'Hanoi',1,0,238),(4054,'Hung Yen',1,0,238),(4055,'Khu Bon Cu',1,0,238),(4056,'Long An',1,0,238),(4057,'Mien Nui Va Trung Du',1,0,238),(4058,'Thai Nguyen',1,0,238),(4059,'Thanh Pho Ho Chi Minh',1,0,238),(4060,'Thu Do Ha Noi',1,0,238),(4061,'Tinh Can Tho',1,0,238),(4062,'Tinh Da Nang',1,0,238),(4063,'Tinh Gia Lai',1,0,238),(4064,'Anegada',1,0,239),(4065,'Jost van Dyke',1,0,239),(4066,'Tortola',1,0,239),(4067,'Saint Croix',1,0,240),(4068,'Saint John',1,0,240),(4069,'Saint Thomas',1,0,240),(4070,'Alo',1,0,241),(4071,'Singave',1,0,241),(4072,'Wallis',1,0,241),(4073,'Bu Jaydur',1,0,242),(4074,'Wad-adh-Dhahab',1,0,242),(4075,'al-\'Ayun',1,0,242),(4076,'as-Samarah',1,0,242),(4077,'\'Adan',1,0,243),(4078,'Abyan',1,0,243),(4079,'Dhamar',1,0,243),(4080,'Hadramaut',1,0,243),(4081,'Hajjah',1,0,243),(4082,'Hudaydah',1,0,243),(4083,'Ibb',1,0,243),(4084,'Lahij',1,0,243),(4085,'Ma\'rib',1,0,243),(4086,'Madinat San\'a',1,0,243),(4087,'Sa\'dah',1,0,243),(4088,'Sana',1,0,243),(4089,'Shabwah',1,0,243),(4090,'Ta\'izz',1,0,243),(4091,'al-Bayda',1,0,243),(4092,'al-Hudaydah',1,0,243),(4093,'al-Jawf',1,0,243),(4094,'al-Mahrah',1,0,243),(4095,'al-Mahwit',1,0,243),(4096,'Central Serbia',1,0,244),(4097,'Kosovo and Metohija',1,0,244),(4098,'Montenegro',1,0,244),(4099,'Republic of Serbia',1,0,244),(4100,'Serbia',1,0,244),(4101,'Vojvodina',1,0,244),(4102,'Central',1,0,245),(4103,'Copperbelt',1,0,245),(4104,'Eastern',1,0,245),(4105,'Luapala',1,0,245),(4106,'Lusaka',1,0,245),(4107,'North-Western',1,0,245),(4108,'Northern',1,0,245),(4109,'Southern',1,0,245),(4110,'Western',1,0,245),(4111,'Bulawayo',1,0,246),(4112,'Harare',1,0,246),(4113,'Manicaland',1,0,246),(4114,'Mashonaland Central',1,0,246),(4115,'Mashonaland East',1,0,246),(4116,'Mashonaland West',1,0,246),(4117,'Masvingo',1,0,246),(4118,'Matabeleland North',1,0,246),(4119,'Matabeleland South',1,0,246),(4120,'Midlands',1,0,246),(4121,'Lienchiang County',1,0,214);
/*!40000 ALTER TABLE `trs_tbl_states` ENABLE KEYS */;
UNLOCK TABLES;

--
-- Table structure for table `trs_tbl_super_admin_clients_grid_columns`
--

DROP TABLE IF EXISTS `trs_tbl_super_admin_clients_grid_columns`;
/*!40101 SET @saved_cs_client     = @@character_set_client */;
/*!50503 SET character_set_client = utf8mb4 */;
CREATE TABLE `trs_tbl_super_admin_clients_grid_columns` (
  `grid_column_id` bigint NOT NULL AUTO_INCREMENT,
  `grid_columns` varchar(10) NOT NULL COMMENT '1111111111-->View All 0000000000-->View None',
  `created_by` bigint NOT NULL,
  `created_date` datetime NOT NULL DEFAULT CURRENT_TIMESTAMP,
  `modified_by` bigint NOT NULL,
  `modified_date` datetime NOT NULL DEFAULT CURRENT_TIMESTAMP ON UPDATE CURRENT_TIMESTAMP,
  PRIMARY KEY (`grid_column_id`)
) ENGINE=InnoDB AUTO_INCREMENT=2 DEFAULT CHARSET=latin1;
/*!40101 SET character_set_client = @saved_cs_client */;

--
-- Dumping data for table `trs_tbl_super_admin_clients_grid_columns`
--

LOCK TABLES `trs_tbl_super_admin_clients_grid_columns` WRITE;
/*!40000 ALTER TABLE `trs_tbl_super_admin_clients_grid_columns` DISABLE KEYS */;
INSERT INTO `trs_tbl_super_admin_clients_grid_columns` VALUES (1,'1110001011',1,'2020-11-11 22:38:58',1,'2022-03-31 01:39:28');
/*!40000 ALTER TABLE `trs_tbl_super_admin_clients_grid_columns` ENABLE KEYS */;
UNLOCK TABLES;

--
-- Table structure for table `trs_tbl_users`
--

DROP TABLE IF EXISTS `trs_tbl_users`;
/*!40101 SET @saved_cs_client     = @@character_set_client */;
/*!50503 SET character_set_client = utf8mb4 */;
CREATE TABLE `trs_tbl_users` (
  `user_id` bigint NOT NULL AUTO_INCREMENT,
  `user_name` text NOT NULL,
  `user_email` text NOT NULL,
  `password` text NOT NULL,
  `password_reset_token` text,
  `is_verified` tinyint(1) NOT NULL DEFAULT '0',
  `phone` text NOT NULL,
  `role_id` bigint NOT NULL,
  `user_type` tinyint(1) NOT NULL COMMENT '1-->Admin 2-->Carrier',
  `carrier_id` bigint DEFAULT NULL,
  `is_active` tinyint(1) NOT NULL DEFAULT '1',
  `is_deleted` tinyint(1) NOT NULL DEFAULT '0',
  `created_by` bigint NOT NULL,
  `created_date` datetime NOT NULL DEFAULT CURRENT_TIMESTAMP,
  `modified_by` bigint NOT NULL,
  `modified_date` datetime NOT NULL DEFAULT CURRENT_TIMESTAMP ON UPDATE CURRENT_TIMESTAMP,
  PRIMARY KEY (`user_id`),
  KEY `user_role_constarint` (`role_id`),
  KEY `carrier_id_constraint` (`carrier_id`)
) ENGINE=InnoDB AUTO_INCREMENT=45 DEFAULT CHARSET=latin1;
/*!40101 SET character_set_client = @saved_cs_client */;

--
-- Dumping data for table `trs_tbl_users`
--

LOCK TABLES `trs_tbl_users` WRITE;
/*!40000 ALTER TABLE `trs_tbl_users` DISABLE KEYS */;
INSERT INTO `trs_tbl_users` VALUES (1,'Collin','admin@digibook.com','$2a$10$Mx05KrcDb051PTfKMyoYOOFBIpCy87FnCtwsFt0q6x74fj3fWgQsG','$2a$10$yornL1h4hZ1dPiemNlLUQeZlGoGHna8kNKOMjEWIC9ygxiihnhBje',1,'5198264888',1,1,1,1,0,1,'2020-04-18 23:50:21',1,'2022-03-30 20:16:07'),(2,'Prasanth Chivukula','prashanth.chivukula1997@gmail.com','$2a$10$MfdUP8sDoSYOKZlBl0sEp.CI2Shsz6A192BgfuNyTciTQBki5oGyq',NULL,1,'7981850807',2,2,2,1,0,1,'2020-10-17 08:14:18',1,'2021-01-05 15:38:34'),(3,'Collin Carwardine','collin@transreportservices.com','$2a$10$OsgMAxSkqBsm.aooBH68sOM1ol3WXJGZ9Mn/pRCUlpU1XTGJ8eetO',NULL,1,'5198264888',4,2,3,1,0,1,'2020-10-22 19:01:48',1,'2020-12-17 21:36:38'),(4,'Clive Carwardine','clive@transreportservices.com','$2a$10$6n0MvVukJ8wV7/kDNNFdyOveXYaLCtRxlnD46zhSfMGSe3.lLvXc.',NULL,1,'5198307807',4,2,3,1,0,3,'2020-10-22 19:06:20',3,'2021-09-21 19:18:48'),(5,'Clive Carwardine','clivecarwardine@gmail.com','$2a$10$s0SORMZ26tTJ/R5lMc5r9.s3F.2vr46zXH7HAOgeBzzSKFWugwqsi',NULL,1,'5198307807',4,2,3,1,1,4,'2020-10-22 19:50:22',4,'2020-11-28 19:20:54'),(7,'PermiShare','sales@permishare.com','$2a$10$FgHE3L293vRLAEgsapQMFO.oCpmCRahqBYiFX27Ler/n1e7MDH80a',NULL,1,'XXXXXXXXX',8,2,5,1,0,1,'2020-11-25 14:53:49',1,'2021-05-03 14:39:49'),(8,'Tony Gerber ','tgerber@flashfreight.ca','$2a$10$Q6.mgQF8eBTibaWq10.cS.S4jCcYeMi.HbeykayRiVyc7ZDN8/rfW',NULL,1,'519-821-8878',10,2,6,1,0,1,'2020-11-27 21:19:02',1,'2020-11-27 22:28:39'),(9,'Clive Carwardine','clivecarwardine@gmail.com','$2a$10$j9.TgfhBK6TvXD.QZTeZbO.Ca5Zje8o9fiC/iIml4ux91N0xdG.Ze',NULL,1,'5198307807',10,2,6,1,1,8,'2020-11-28 19:22:25',8,'2020-11-28 19:36:47'),(10,'TFX International Specialized Vehicle Transport','christine@tfxinternational.com','$2a$10$GJq89D98m.AYuLKGInwIf.2jKs65P1kXAak.pld9Lz00h1oehGhHS','$2a$10$GJq89D98m.AYuLKGInwIf.2jKs65P1kXAak.pld9Lz00h1oehGhHS',0,'(416) 243-8531',13,2,7,1,0,1,'2020-11-30 19:53:06',1,'2020-11-30 19:53:06'),(11,'S & S Transport','chris@sstransport.ca','$2a$10$Qap1lHJg/ZYUTSAMvAI5buJsIuk5rbywQU3gtE45bFDoitTXNhntO',NULL,1,'416-433-7936',15,2,8,1,0,1,'2020-11-30 20:29:09',1,'2020-12-04 15:09:32'),(12,'Sufian Shahid','lux20.invex@gmail.com','$2a$10$WfmdViV3Il8p0RnDVULzTeH7a1NPK7QHtNn81vQDQ61lOag3Xqj/u',NULL,1,'612-888-9829',17,2,9,1,0,1,'2020-11-30 23:17:46',1,'2020-11-30 23:19:30'),(13,'Don Natch','don.n@stonestransport.com','$2a$10$5O2uieJ46jYBtD1KYHbi9On1uomeLICDMkkSMhrh3t2jzIsP2LTDO',NULL,1,'416-736-0444',19,2,10,1,0,1,'2020-12-03 18:31:26',1,'2020-12-03 18:36:29'),(14,'Cathy Berardicurti','cathy@sstransport.ca','$2a$10$1MJ4Yiej7JbGWyZhtgO76uUhP70Ya0lV/QowGhizOqjR5XmOezYzu','$2a$10$1MJ4Yiej7JbGWyZhtgO76uUhP70Ya0lV/QowGhizOqjR5XmOezYzu',0,'6473857936',15,2,8,1,0,11,'2020-12-14 15:40:49',11,'2020-12-14 15:40:49'),(15,'Pete Hennin','pete.hennin@usecology.ca','$2a$10$17iXArRaxK2zi9Shmy5Y7OiikwQ8qs/MKWc2weaQDgCDuWCZPautG',NULL,1,'(519) 682-2903 ',21,2,11,1,0,1,'2020-12-16 14:17:25',1,'2020-12-16 16:05:16'),(16,'Saif Algalham','sabaaenterprises@gmail.com','$2a$10$zQON7.D0PJ90qSZ5kl7GSeYyBv7Hv2swNMsdvRVJrmGyoSIrFHOKy',NULL,1,'(313) 377-0769 ',24,2,12,1,0,1,'2020-12-21 19:56:56',1,'2020-12-21 20:43:06'),(17,'Mr chiv','prasanth.chivukula@yahoo.com','$2a$10$KSD7ljbc3/ypX87V/GLgoOvKUiLG.S4KnfsQo4A99ucgDhNkxTwm6',NULL,1,'7981850807',26,2,13,1,0,1,'2021-03-10 22:00:34',1,'2021-03-12 14:52:39'),(18,'Sairam','sairam392781@gmail.com','$2a$10$qVFGF.DXSerm8e4PODedMev5zOoOS3jIqm7J7Mh1r6RZn7elWXK.S',NULL,1,'8787878787',2,2,2,1,0,2,'2021-03-12 14:04:59',2,'2021-03-12 14:06:27'),(19,'TruckinCentral','TruckinCentral@gmail.com','$2a$10$P/FFXgNRXa1VgCAI63LW0.oEJ1QaXqbmf7hb399fNpQmzrU/vJeIy',NULL,1,'7344188860',28,2,14,1,0,1,'2021-06-24 00:04:48',1,'2021-06-24 08:41:48'),(20,'Jacob Canchola','jacob@drivepony.com','$2a$10$/AUKkPIf3FSUXTUEhm9zveDtZEx2rvtNa0IF0cfzmTjkVHdu.zXnS',NULL,1,'3614451375',30,2,15,1,0,1,'2021-07-09 15:19:55',1,'2021-07-09 18:22:36'),(21,'TESTER','permianpony@gmail.com','$2a$10$qnRFTFfZZqN.elkSsZgmLO6ketvFYgsWx/8VFwt9YH.jUwz8Plb.u',NULL,1,'3614451375',31,2,15,1,0,20,'2021-07-09 18:36:39',20,'2021-07-09 18:52:54'),(22,'Christina Greer','profreightdispatch2021@gmail.com','$2a$10$HaTu/VZoLHGGbMhN7avBse4NEr4ytQLuoykxbdeVO7i2sw1fACy0O','$2a$10$HaTu/VZoLHGGbMhN7avBse4NEr4ytQLuoykxbdeVO7i2sw1fACy0O',0,'3464420570',32,2,16,1,0,1,'2021-07-10 12:25:17',1,'2021-07-10 12:25:17'),(23,'Brandon Culp','oncetransport@yahoo.com','$2a$10$EUmaUhIV6HUG4Ge7rx8zWOcKeud7ZRfzz2xwBRlxS.vzs6vU2OadW','$2a$10$EUmaUhIV6HUG4Ge7rx8zWOcKeud7ZRfzz2xwBRlxS.vzs6vU2OadW',0,'2029096239',34,2,17,1,0,1,'2021-07-10 12:27:02',1,'2021-07-10 12:27:02'),(24,'Ahmed','ahmed@whitehorsetrans.com','$2a$10$QxhmS6WhsODEJbWXxG2j4uPDEB3EaN1J1eCKXKTXSO8nyr/LjS6qC','$2a$10$QxhmS6WhsODEJbWXxG2j4uPDEB3EaN1J1eCKXKTXSO8nyr/LjS6qC',1,'7344188860',36,2,18,1,0,1,'2021-07-13 16:07:38',1,'2021-10-02 08:11:16'),(25,'Grant Horst ','ghorst@flashfreight.ca','$2a$10$jV9lIGKbSB/BTbeFseuj1OYduObbjIchmWXkfJE0bLVdA7JfqWsTy',NULL,1,'519-821-8878',12,2,6,1,0,8,'2021-07-27 13:24:29',8,'2021-07-27 14:21:56'),(26,'Juan Herminio','btenorio05.bt@gmail.com','$2a$10$/ASAVJ4mMeeZ/lewZzNEKuZDrlK3LGJcdmHrj3P7F7yXeqfbdKcii','$2a$10$/ASAVJ4mMeeZ/lewZzNEKuZDrlK3LGJcdmHrj3P7F7yXeqfbdKcii',0,'714-910-4825',38,2,19,1,0,1,'2021-07-28 15:58:22',1,'2021-07-28 15:58:22'),(27,'Teresa Holland','teresa@flemingfastfreight.ca','$2a$10$y5chZ2NSQ6C1wNiKEHzdWutJWQNE8wQL9KRLNW8ZL9oY6PXVZK6DW',NULL,1,'(519) 843-5460',40,2,20,1,0,1,'2021-08-16 18:01:53',1,'2021-08-17 11:29:49'),(28,'Lori Gibbons','gar-lor@hotmail.com','$2a$10$Xmicm9RT/GKTiG10d65Yo.ubMZy7oFxVoOs174fagHGhnIY19cr7a','$2a$10$Xmicm9RT/GKTiG10d65Yo.ubMZy7oFxVoOs174fagHGhnIY19cr7a',0,'(519) 521-2567',42,2,21,1,1,1,'2021-08-16 18:05:24',1,'2021-09-09 05:04:25'),(29,'Donna Durst','dmdurst@sympatico.ca','$2a$10$mBjRaAQl.aWjQw9yf2/aweELD338UzBc8FGqQoZG89w5Nhftp/c/.',NULL,1,'519-654-9699',44,2,22,1,0,1,'2021-08-16 18:09:31',1,'2021-08-16 18:19:50'),(30,'Andrew Noade','AndrewN@lakesideproduce.com','$2a$10$cdAd8kxiGbfxhGMuojGa1ug/4eBwGZct9/jrpb1GduPI1yRC3xwxu','$2a$10$cdAd8kxiGbfxhGMuojGa1ug/4eBwGZct9/jrpb1GduPI1yRC3xwxu',0,'519-322-1959 ',46,2,23,1,1,1,'2021-08-16 18:11:47',1,'2021-09-30 07:35:23'),(31,'Brad Pickles','brad@vergelogistics.com','$2a$10$s92fx5SLBZl9k0KkQL2a6ekCHChPJLHfbWoJiSeiC.Qm55Ccdgc2C',NULL,1,'905-305-8572',48,2,24,1,0,1,'2021-08-16 18:14:29',1,'2021-08-20 14:32:21'),(32,'Ivadell Green','ivadell@tfxinternational.com','$2a$10$C4nHZAirQSDVtE5fIMpureUSMc4hxEbuDRfH9jolAli2TMvs97qfy',NULL,1,'416-243-8531',50,2,25,1,0,1,'2021-08-20 14:47:52',1,'2021-08-20 15:24:34'),(33,'Ron Verge','ron@vergelogistics.com','$2a$10$D/Ydv30y1yjz7gq0kgh/fuOi6ZClK8EW8CmqLvXJ8RQETi9lNXhTK','$2a$10$D/Ydv30y1yjz7gq0kgh/fuOi6ZClK8EW8CmqLvXJ8RQETi9lNXhTK',0,'9058412798',49,2,24,1,0,31,'2021-08-24 18:14:27',31,'2021-08-24 18:14:27'),(34,'Andrew Faller','ajf@vergelogistics.com','$2a$10$rCsp5KE5T6r9kxuiRttA9O6zhuc96aWriuPIiEegYVDoQVM4O52GO','$2a$10$rCsp5KE5T6r9kxuiRttA9O6zhuc96aWriuPIiEegYVDoQVM4O52GO',0,'9053058572',49,2,24,1,0,31,'2021-08-24 18:15:24',31,'2021-08-24 18:15:24'),(35,'Diane Galaski','diane@vergelogistics.com','$2a$10$jBG4MFHwjDqn/.30wnhUGuyrjp0QQwo1YwXwnDLdUy.LHx2.Fqyca','$2a$10$jBG4MFHwjDqn/.30wnhUGuyrjp0QQwo1YwXwnDLdUy.LHx2.Fqyca',0,'9053058572',49,2,24,1,0,31,'2021-08-24 18:16:41',31,'2021-08-24 18:16:41'),(36,'Jim Fleming','jim@flemingfastfreight.ca','$2a$10$VNcpmKPSAulxpuTDSRS1zO6M04OLHMmcYWlNkjJGv/17JaFKZmbVS','$2a$10$VNcpmKPSAulxpuTDSRS1zO6M04OLHMmcYWlNkjJGv/17JaFKZmbVS',0,'5198317705',41,2,20,1,0,27,'2021-08-24 18:20:02',27,'2021-08-24 18:20:02'),(37,'Marina Perlin','marina@stonestransport.com','$2a$10$Uh9OLRKjI/WOtv3jMMkiFuMXVlQRtmN/KC3RAAJ2QY6IQkDF5M882','$2a$10$Uh9OLRKjI/WOtv3jMMkiFuMXVlQRtmN/KC3RAAJ2QY6IQkDF5M882',0,'4167360444',20,2,10,1,0,13,'2021-08-24 19:18:37',13,'2021-08-24 19:18:37'),(38,'Mark Fainshtein','mark@stonestransport.com','$2a$10$XsWl9vIl0vYTZknc9oUJIOeD4WHt41u7VkGzqzGHlpdiyNr.XVvYW','$2a$10$XsWl9vIl0vYTZknc9oUJIOeD4WHt41u7VkGzqzGHlpdiyNr.XVvYW',0,'4167360444',20,2,10,1,0,13,'2021-08-24 19:19:26',13,'2021-08-24 19:19:26'),(39,'Germaine Square','workhorseh@gmail.com','$2a$10$hrZnrYl58bFG53zaEkT.m.D0dhR0DLd8P0rw.dQ7Mr3AaotfuNhhK','$2a$10$hrZnrYl58bFG53zaEkT.m.D0dhR0DLd8P0rw.dQ7Mr3AaotfuNhhK',0,'985 774 8320',53,2,26,1,0,1,'2021-08-25 14:30:00',1,'2021-08-25 14:30:00'),(40,'Ridhima Test','ridhima@optionmatrix.com','$2a$10$9/VLwp1yOyL/G3sJhFJcweQdmRpf49LiCXcWZ8m8DOtlwh59MvlaG','$2a$10$9/VLwp1yOyL/G3sJhFJcweQdmRpf49LiCXcWZ8m8DOtlwh59MvlaG',0,'5555555555',54,2,27,1,1,1,'2021-09-07 15:10:29',1,'2021-09-09 05:04:25'),(41,'Ridhima','ridhimarao8@gmail.com','$2a$10$3gg0DpgR5ZjukG3VDIMHR.YHxvsbPUU6piPMEdpOcLI.1pI3nawg.','$2a$10$3gg0DpgR5ZjukG3VDIMHR.YHxvsbPUU6piPMEdpOcLI.1pI3nawg.',0,'5556665454',56,2,28,1,1,1,'2021-09-08 13:55:32',1,'2021-09-09 05:04:25'),(42,'Lori Gibbons ','gar-lor@hotmail.com','$2a$10$xMDC/WjiorBdPOomUOl0.uH0bkY.LPw2/iWNOyR7yIHwgm.xyt14y',NULL,1,'519-521-2567',58,2,29,1,0,1,'2021-09-09 15:02:33',1,'2021-09-09 15:23:59'),(43,'Andrew Noade','AndrewN@lakesideproduce.com','$2a$10$oyzOi9Yyb75Bgixp47jf.uQG3TKyXC59WpeORf7oVY0VzHS9qxQlm','$2a$10$oyzOi9Yyb75Bgixp47jf.uQG3TKyXC59WpeORf7oVY0VzHS9qxQlm',1,'519-322-1959',60,2,30,1,0,1,'2021-09-24 15:35:42',1,'2021-09-30 07:19:32'),(44,'Paton Racing','toddpaton@toddpaton.com','$2a$10$fft/T6y8WjFInWsxE/3bR.ldGYwckEU2hA7YF9h11OL12s.Pma.Vm',NULL,1,'(423) 967-6863',62,2,31,1,0,1,'2021-09-30 19:51:28',1,'2021-09-30 20:02:17');
/*!40000 ALTER TABLE `trs_tbl_users` ENABLE KEYS */;
UNLOCK TABLES;
/*!40103 SET TIME_ZONE=@OLD_TIME_ZONE */;

/*!40101 SET SQL_MODE=@OLD_SQL_MODE */;
/*!40014 SET FOREIGN_KEY_CHECKS=@OLD_FOREIGN_KEY_CHECKS */;
/*!40014 SET UNIQUE_CHECKS=@OLD_UNIQUE_CHECKS */;
/*!40101 SET CHARACTER_SET_CLIENT=@OLD_CHARACTER_SET_CLIENT */;
/*!40101 SET CHARACTER_SET_RESULTS=@OLD_CHARACTER_SET_RESULTS */;
/*!40101 SET COLLATION_CONNECTION=@OLD_COLLATION_CONNECTION */;
/*!40111 SET SQL_NOTES=@OLD_SQL_NOTES */;

-- Dump completed on 2022-03-30 21:36:56
